id_orden,fecha,id_cliente,producto,categoria,marca,region,canal,metodo_pago,unidades,precio_unitario,descuento_pct,venta
ORD-00001,01/03/2026,C-0559,Bicicleta Urban 21,Deportes,Move,Sur,Web,Tarjeta crédito,2,7499,0,14998
ORD-00023,01/03/2026,C-0235,Smartphone X1,Electrónica,Nova,Occidente,Web,Tarjeta crédito,1,8999,0,8999
ORD-00039,01/03/2026,C-0271,Bicicleta Urban 21,Deportes,Move,Occidente,App,Transferencia,2,7499,0,14998
ORD-00042,01/03/2026,C-0723,Cafetera HomeBrew,Hogar,HomePlus,Norte,Web,Transferencia,1,1799,0,1799
ORD-00043,01/03/2026,C-0379,Freidora AirCook,Hogar,KitchenLab,Centro,Marketplace,Tarjeta débito,1,2499,0,2499
ORD-00129,01/03/2026,C-0509,Licuadora MixPlus,Hogar,HomePlus,Occidente,App,PayPal,1,1199,0,1199
ORD-00170,01/03/2026,C-0371,Audífonos AirBeat,Electrónica,SoundPro,Sureste,Web,Transferencia,1,1499,0,1499
ORD-00229,01/03/2026,C-0586,Tenis Casual Street,Moda,Urban Co.,Centro,Marketplace,PayPal,1,1399,0,1399
ORD-00236,01/03/2026,C-0050,Aspiradora CleanPro,Hogar,CleanPro,Centro,Web,Tarjeta débito,1,3299,0,3299
ORD-00333,01/03/2026,C-0748,Audífonos AirBeat,Electrónica,SoundPro,Norte,Web,Transferencia,2,1499,0,2998
ORD-00403,01/03/2026,C-0868,Sudadera Essential,Moda,BasicLab,Sureste,Web,Tarjeta débito,1,999,10,899.1
ORD-00405,01/03/2026,C-0457,Licuadora MixPlus,Hogar,HomePlus,Norte,Web,Tarjeta crédito,1,1199,15,1019.15
ORD-00408,01/03/2026,C-0935,Mochila Training,Deportes,Move,Sureste,App,Tarjeta crédito,1,899,5,854.05
ORD-00424,01/03/2026,C-0002,Aspiradora CleanPro,Hogar,CleanPro,Centro,Web,Tarjeta crédito,1,3299,0,3299
ORD-00499,01/03/2026,C-0619,Jeans Classic,Moda,Urban Co.,Centro,Web,Tarjeta débito,1,899,0,899
ORD-00529,01/03/2026,C-0045,Jeans Classic,Moda,Urban Co.,Sureste,Marketplace,Tarjeta crédito,1,899,10,809.1
ORD-00533,01/03/2026,C-0572,Chamarra Urban,Moda,Urban Co.,Norte,Web,Tarjeta crédito,2,1599,0,3198
ORD-00572,01/03/2026,C-0671,Cafetera HomeBrew,Hogar,HomePlus,Occidente,App,Tarjeta débito,1,1799,0,1799
ORD-00612,01/03/2026,C-0087,Mochila Training,Deportes,Move,Sur,App,Transferencia,1,899,0,899
ORD-00614,01/03/2026,C-0892,Tenis Casual Street,Moda,Urban Co.,Centro,Web,Transferencia,1,1399,10,1259.1
ORD-00619,01/03/2026,C-0194,Tenis Runner Pro,Deportes,Move,Sur,App,Tarjeta débito,1,1899,10,1709.1
ORD-00632,01/03/2026,C-0790,Sudadera Essential,Moda,BasicLab,Sureste,App,Tarjeta débito,1,999,5,949.05
ORD-00717,01/03/2026,C-0153,Mochila Training,Deportes,Move,Centro,App,PayPal,1,899,15,764.15
ORD-00718,01/03/2026,C-0192,Cafetera HomeBrew,Hogar,HomePlus,Norte,Web,Tarjeta débito,1,1799,0,1799
ORD-00724,01/03/2026,C-0911,Tenis Runner Pro,Deportes,Move,Centro,Web,PayPal,1,1899,10,1709.1
ORD-00727,01/03/2026,C-0278,Cafetera HomeBrew,Hogar,HomePlus,Sureste,App,Tarjeta crédito,1,1799,5,1709.05
ORD-00742,01/03/2026,C-0458,Bicicleta Urban 21,Deportes,Move,Sur,App,Tarjeta débito,1,7499,0,7499
ORD-00778,01/03/2026,C-0273,Sudadera Essential,Moda,BasicLab,Sureste,Web,Tarjeta débito,1,999,15,849.15
ORD-00798,01/03/2026,C-0884,Aspiradora CleanPro,Hogar,CleanPro,Occidente,Web,Transferencia,1,3299,20,2639.2
ORD-00811,01/03/2026,C-0436,Mochila Training,Deportes,Move,Norte,Web,Transferencia,1,899,10,809.1
ORD-00888,01/03/2026,C-0587,Freidora AirCook,Hogar,KitchenLab,Occidente,App,Transferencia,1,2499,0,2499
ORD-00916,01/03/2026,C-0004,Freidora AirCook,Hogar,KitchenLab,Sur,App,Tarjeta crédito,1,2499,0,2499
ORD-00971,01/03/2026,C-0516,Smartphone X1,Electrónica,Nova,Norte,Web,Tarjeta débito,2,8999,0,17998
ORD-01030,01/03/2026,C-0506,Smartwatch FitGo,Deportes,FitGo,Centro,Marketplace,Tarjeta crédito,1,2299,10,2069.1
ORD-01033,01/03/2026,C-0465,Tenis Casual Street,Moda,Urban Co.,Sureste,App,Tarjeta débito,1,1399,0,1399
ORD-01104,01/03/2026,C-0378,Bicicleta Urban 21,Deportes,Move,Norte,App,Tarjeta crédito,1,7499,10,6749.1
ORD-01127,01/03/2026,C-0261,Jeans Classic,Moda,Urban Co.,Occidente,App,Tarjeta crédito,1,899,0,899
ORD-01155,01/03/2026,C-0790,Mochila Training,Deportes,Move,Centro,App,Tarjeta crédito,1,899,0,899
ORD-01172,01/03/2026,C-0608,Tenis Runner Pro,Deportes,Move,Occidente,Marketplace,Tarjeta débito,1,1899,5,1804.05
ORD-01222,01/03/2026,C-0761,Audífonos AirBeat,Electrónica,SoundPro,Occidente,App,Tarjeta crédito,2,1499,0,2998
ORD-01264,01/03/2026,C-0427,Tenis Casual Street,Moda,Urban Co.,Centro,Web,Tarjeta crédito,2,1399,0,2798
ORD-01300,01/03/2026,C-0593,Tenis Runner Pro,Deportes,Move,Sureste,Marketplace,PayPal,1,1899,5,1804.05
ORD-01312,01/03/2026,C-0326,Freidora AirCook,Hogar,KitchenLab,Centro,App,PayPal,2,2499,5,4748.1
ORD-01318,01/03/2026,C-0246,Mochila Training,Deportes,Move,Sur,Web,Tarjeta débito,1,899,5,854.05
ORD-01326,01/03/2026,C-0031,Smartphone X1,Electrónica,Nova,Occidente,App,Tarjeta crédito,2,8999,0,17998
ORD-01335,01/03/2026,C-0068,Aspiradora CleanPro,Hogar,CleanPro,Occidente,Web,Tarjeta débito,1,3299,0,3299
ORD-01351,01/03/2026,C-0834,Smartphone X1,Electrónica,Nova,Occidente,App,Tarjeta crédito,1,8999,0,8999
ORD-01362,01/03/2026,C-0929,Cafetera HomeBrew,Hogar,HomePlus,Centro,App,Tarjeta débito,1,1799,0,1799
ORD-01587,01/03/2026,C-0551,Auto Control Remoto,Juguetes,FunTech,Sur,Web,PayPal,1,999,20,799.2
ORD-01634,01/03/2026,C-0025,Sudadera Essential,Moda,BasicLab,Sur,Web,Tarjeta débito,2,999,0,1998
ORD-01730,01/03/2026,C-0588,Tenis Casual Street,Moda,Urban Co.,Occidente,App,Tarjeta crédito,3,1399,0,4197
ORD-01763,01/03/2026,C-0206,Smartphone X1,Electrónica,Nova,Sureste,Web,Transferencia,1,8999,15,7649.15
ORD-01769,01/03/2026,C-0631,Mochila Training,Deportes,Move,Occidente,Marketplace,Transferencia,1,899,5,854.05
ORD-01817,01/03/2026,C-0311,Tablet Go 10,Electrónica,Nova,Norte,Web,Tarjeta crédito,1,6299,0,6299
ORD-01835,01/03/2026,C-0738,Aspiradora CleanPro,Hogar,CleanPro,Centro,Marketplace,Tarjeta débito,1,3299,0,3299
ORD-01836,01/03/2026,C-0036,Licuadora MixPlus,Hogar,HomePlus,Occidente,App,Tarjeta crédito,2,1199,0,2398
ORD-01862,01/03/2026,C-0666,Sudadera Essential,Moda,BasicLab,Occidente,Marketplace,Tarjeta crédito,2,999,5,1898.1
ORD-01871,01/03/2026,C-0807,Audífonos AirBeat,Electrónica,SoundPro,Centro,App,Transferencia,1,1499,10,1349.1
ORD-01881,01/03/2026,C-0095,Tenis Runner Pro,Deportes,Move,Norte,Marketplace,PayPal,1,1899,0,1899
ORD-01901,01/03/2026,C-0231,Sudadera Essential,Moda,BasicLab,Centro,App,Tarjeta crédito,2,999,0,1998
ORD-01953,01/03/2026,C-0628,Cafetera HomeBrew,Hogar,HomePlus,Norte,App,Tarjeta crédito,1,1799,0,1799
ORD-01988,01/03/2026,C-0697,Licuadora MixPlus,Hogar,HomePlus,Centro,App,Transferencia,1,1199,0,1199
ORD-01999,01/03/2026,C-0264,Muñeca Adventure,Juguetes,PlayBox,Centro,Marketplace,PayPal,1,649,0,649
ORD-02036,01/03/2026,C-0230,Freidora AirCook,Hogar,KitchenLab,Norte,App,Tarjeta crédito,1,2499,0,2499
ORD-02038,01/03/2026,C-0658,Set Bloques Creativos,Juguetes,PlayBox,Sur,App,Tarjeta crédito,1,799,20,639.2
ORD-02101,01/03/2026,C-0537,Auto Control Remoto,Juguetes,FunTech,Occidente,Web,Tarjeta crédito,2,999,5,1898.1
ORD-02200,01/03/2026,C-0663,Muñeca Adventure,Juguetes,PlayBox,Sureste,Web,PayPal,1,649,0,649
ORD-02209,01/03/2026,C-0567,Licuadora MixPlus,Hogar,HomePlus,Sureste,App,Tarjeta crédito,1,1199,0,1199
ORD-02210,01/03/2026,C-0182,Tenis Runner Pro,Deportes,Move,Occidente,App,Tarjeta crédito,1,1899,10,1709.1
ORD-02263,01/03/2026,C-0161,Audífonos AirBeat,Electrónica,SoundPro,Norte,Marketplace,PayPal,1,1499,10,1349.1
ORD-02301,01/03/2026,C-0097,Licuadora MixPlus,Hogar,HomePlus,Norte,Marketplace,Tarjeta crédito,1,1199,0,1199
ORD-02318,01/03/2026,C-0454,Cafetera HomeBrew,Hogar,HomePlus,Sur,Marketplace,Tarjeta crédito,1,1799,10,1619.1
ORD-02386,01/03/2026,C-0061,Sudadera Essential,Moda,BasicLab,Norte,Web,Tarjeta crédito,1,999,5,949.05
ORD-02476,01/03/2026,C-0122,Muñeca Adventure,Juguetes,PlayBox,Norte,Marketplace,Tarjeta crédito,1,649,0,649
ORD-02496,01/03/2026,C-0228,Smartwatch FitGo,Deportes,FitGo,Centro,Marketplace,Tarjeta débito,2,2299,10,4138.2
ORD-02606,01/03/2026,C-0194,Laptop Nova 14,Electrónica,Nova,Norte,Web,Tarjeta crédito,1,18999,0,18999
ORD-02607,01/03/2026,C-0921,Tenis Casual Street,Moda,Urban Co.,Norte,Web,PayPal,2,1399,0,2798
ORD-02681,01/03/2026,C-0864,Aspiradora CleanPro,Hogar,CleanPro,Sureste,Web,PayPal,2,3299,5,6268.1
ORD-02700,01/03/2026,C-0433,Mochila Training,Deportes,Move,Centro,Marketplace,Tarjeta crédito,1,899,0,899
ORD-02712,01/03/2026,C-0041,Tenis Casual Street,Moda,Urban Co.,Centro,Web,Tarjeta crédito,1,1399,0,1399
ORD-02740,01/03/2026,C-0579,Freidora AirCook,Hogar,KitchenLab,Occidente,Web,PayPal,1,2499,5,2374.05
ORD-02758,01/03/2026,C-0912,Freidora AirCook,Hogar,KitchenLab,Norte,Web,Tarjeta débito,1,2499,5,2374.05
ORD-02788,01/03/2026,C-0835,Tenis Casual Street,Moda,Urban Co.,Norte,Web,Tarjeta crédito,1,1399,0,1399
ORD-02879,01/03/2026,C-0850,Jeans Classic,Moda,Urban Co.,Centro,App,Tarjeta débito,1,899,0,899
ORD-02884,01/03/2026,C-0372,Sudadera Essential,Moda,BasicLab,Sur,Web,Tarjeta débito,2,999,5,1898.1
ORD-02897,01/03/2026,C-0456,Muñeca Adventure,Juguetes,PlayBox,Centro,Web,Tarjeta débito,1,649,0,649
ORD-02899,01/03/2026,C-0307,Freidora AirCook,Hogar,KitchenLab,Occidente,App,Tarjeta crédito,3,2499,10,6747.3
ORD-02935,01/03/2026,C-0390,Smartwatch FitGo,Deportes,FitGo,Centro,Web,Tarjeta débito,1,2299,20,1839.2
ORD-02996,01/03/2026,C-0084,Cafetera HomeBrew,Hogar,HomePlus,Sureste,Web,Transferencia,1,1799,10,1619.1
ORD-02997,01/03/2026,C-0749,Sudadera Essential,Moda,BasicLab,Occidente,App,Tarjeta crédito,3,999,0,2997
ORD-00024,02/03/2026,C-0136,Smartphone X1,Electrónica,Nova,Sur,Web,Tarjeta crédito,1,8999,5,8549.05
ORD-00166,02/03/2026,C-0786,Chamarra Urban,Moda,Urban Co.,Centro,Marketplace,Tarjeta crédito,3,1599,0,4797
ORD-00182,02/03/2026,C-0291,Chamarra Urban,Moda,Urban Co.,Sur,App,Tarjeta crédito,1,1599,0,1599
ORD-00203,02/03/2026,C-0354,Tenis Casual Street,Moda,Urban Co.,Occidente,Marketplace,Tarjeta crédito,2,1399,0,2798
ORD-00286,02/03/2026,C-0427,Mochila Training,Deportes,Move,Sureste,Marketplace,Tarjeta débito,1,899,10,809.1
ORD-00383,02/03/2026,C-0588,Tenis Runner Pro,Deportes,Move,Norte,App,Tarjeta crédito,1,1899,0,1899
ORD-00406,02/03/2026,C-0491,Set Bloques Creativos,Juguetes,PlayBox,Occidente,App,Tarjeta débito,2,799,0,1598
ORD-00427,02/03/2026,C-0385,Sudadera Essential,Moda,BasicLab,Centro,Web,Transferencia,1,999,0,999
ORD-00451,02/03/2026,C-0518,Smartphone X1,Electrónica,Nova,Norte,Marketplace,Tarjeta débito,2,8999,0,17998
ORD-00454,02/03/2026,C-0694,Laptop Nova 14,Electrónica,Nova,Centro,App,Transferencia,1,18999,10,17099.1
ORD-00478,02/03/2026,C-0050,Bicicleta Urban 21,Deportes,Move,Norte,App,PayPal,1,7499,5,7124.05
ORD-00515,02/03/2026,C-0860,Smartphone X1,Electrónica,Nova,Centro,App,Tarjeta crédito,1,8999,0,8999
ORD-00519,02/03/2026,C-0850,Auto Control Remoto,Juguetes,FunTech,Centro,Web,Tarjeta débito,2,999,10,1798.2
ORD-00522,02/03/2026,C-0339,Audífonos AirBeat,Electrónica,SoundPro,Norte,App,Tarjeta crédito,1,1499,5,1424.05
ORD-00528,02/03/2026,C-0554,Tablet Go 10,Electrónica,Nova,Occidente,Web,Transferencia,1,6299,15,5354.15
ORD-00594,02/03/2026,C-0589,Mochila Training,Deportes,Move,Sur,Web,Tarjeta crédito,2,899,15,1528.3
ORD-00652,02/03/2026,C-0308,Laptop Nova 14,Electrónica,Nova,Sureste,App,Tarjeta débito,1,18999,20,15199.2
ORD-00676,02/03/2026,C-0569,Cafetera HomeBrew,Hogar,HomePlus,Occidente,Marketplace,PayPal,1,1799,10,1619.1
ORD-00715,02/03/2026,C-0344,Tenis Runner Pro,Deportes,Move,Occidente,App,Tarjeta débito,1,1899,15,1614.15
ORD-00745,02/03/2026,C-0368,Tenis Casual Street,Moda,Urban Co.,Norte,App,Tarjeta crédito,2,1399,10,2518.2
ORD-00764,02/03/2026,C-0546,Sudadera Essential,Moda,BasicLab,Centro,Web,Tarjeta crédito,2,999,10,1798.2
ORD-00771,02/03/2026,C-0726,Smartwatch FitGo,Deportes,FitGo,Sureste,App,PayPal,1,2299,15,1954.15
ORD-00797,02/03/2026,C-0309,Smartwatch FitGo,Deportes,FitGo,Occidente,App,Tarjeta débito,2,2299,0,4598
ORD-00902,02/03/2026,C-0417,Sudadera Essential,Moda,BasicLab,Sur,Web,Tarjeta débito,2,999,10,1798.2
ORD-00932,02/03/2026,C-0441,Audífonos AirBeat,Electrónica,SoundPro,Sureste,App,Transferencia,1,1499,0,1499
ORD-00935,02/03/2026,C-0917,Smart TV 55,Electrónica,Vision,Centro,Web,Tarjeta crédito,1,11999,10,10799.1
ORD-00936,02/03/2026,C-0738,Muñeca Adventure,Juguetes,PlayBox,Norte,Marketplace,Tarjeta débito,1,649,0,649
ORD-00962,02/03/2026,C-0508,Tenis Casual Street,Moda,Urban Co.,Norte,Web,PayPal,1,1399,0,1399
ORD-01002,02/03/2026,C-0487,Smartphone X1,Electrónica,Nova,Norte,App,Tarjeta débito,2,8999,15,15298.3
ORD-01005,02/03/2026,C-0725,Aspiradora CleanPro,Hogar,CleanPro,Sureste,Marketplace,PayPal,2,3299,5,6268.1
ORD-01012,02/03/2026,C-0328,Chamarra Urban,Moda,Urban Co.,Occidente,Web,Tarjeta crédito,1,1599,0,1599
ORD-01042,02/03/2026,C-0302,Sudadera Essential,Moda,BasicLab,Centro,App,Tarjeta crédito,1,999,5,949.05
ORD-01093,02/03/2026,C-0764,Tablet Go 10,Electrónica,Nova,Norte,Web,Tarjeta débito,1,6299,10,5669.1
ORD-01102,02/03/2026,C-0213,Jeans Classic,Moda,Urban Co.,Norte,Web,Tarjeta crédito,1,899,5,854.05
ORD-01144,02/03/2026,C-0757,Licuadora MixPlus,Hogar,HomePlus,Sureste,App,Tarjeta débito,1,1199,0,1199
ORD-01168,02/03/2026,C-0740,Smart TV 55,Electrónica,Vision,Centro,App,Tarjeta crédito,1,11999,0,11999
ORD-01169,02/03/2026,C-0764,Licuadora MixPlus,Hogar,HomePlus,Centro,Web,Tarjeta crédito,1,1199,5,1139.05
ORD-01179,02/03/2026,C-0591,Tablet Go 10,Electrónica,Nova,Sureste,App,PayPal,1,6299,5,5984.05
ORD-01181,02/03/2026,C-0617,Chamarra Urban,Moda,Urban Co.,Centro,Web,Tarjeta crédito,3,1599,10,4317.3
ORD-01190,02/03/2026,C-0808,Audífonos AirBeat,Electrónica,SoundPro,Centro,Marketplace,Tarjeta crédito,2,1499,0,2998
ORD-01200,02/03/2026,C-0231,Chamarra Urban,Moda,Urban Co.,Occidente,Marketplace,Tarjeta débito,1,1599,15,1359.15
ORD-01218,02/03/2026,C-0437,Audífonos AirBeat,Electrónica,SoundPro,Norte,App,Tarjeta débito,1,1499,20,1199.2
ORD-01271,02/03/2026,C-0618,Licuadora MixPlus,Hogar,HomePlus,Sur,App,Tarjeta crédito,1,1199,0,1199
ORD-01320,02/03/2026,C-0106,Cafetera HomeBrew,Hogar,HomePlus,Centro,Marketplace,Tarjeta débito,1,1799,5,1709.05
ORD-01377,02/03/2026,C-0142,Smartwatch FitGo,Deportes,FitGo,Norte,Web,Tarjeta crédito,1,2299,10,2069.1
ORD-01419,02/03/2026,C-0909,Jeans Classic,Moda,Urban Co.,Norte,Web,Tarjeta crédito,2,899,10,1618.2
ORD-01433,02/03/2026,C-0876,Tenis Runner Pro,Deportes,Move,Centro,App,Tarjeta crédito,1,1899,15,1614.15
ORD-01435,02/03/2026,C-0773,Freidora AirCook,Hogar,KitchenLab,Occidente,Web,PayPal,2,2499,15,4248.3
ORD-01490,02/03/2026,C-0641,Bicicleta Urban 21,Deportes,Move,Centro,Web,Tarjeta débito,1,7499,0,7499
ORD-01533,02/03/2026,C-0756,Bicicleta Urban 21,Deportes,Move,Centro,Marketplace,Tarjeta crédito,1,7499,10,6749.1
ORD-01544,02/03/2026,C-0445,Tenis Casual Street,Moda,Urban Co.,Sureste,App,Tarjeta crédito,4,1399,5,5316.2
ORD-01562,02/03/2026,C-0292,Tenis Runner Pro,Deportes,Move,Centro,Web,Tarjeta crédito,1,1899,5,1804.05
ORD-01621,02/03/2026,C-0203,Set Bloques Creativos,Juguetes,PlayBox,Centro,App,Tarjeta crédito,1,799,0,799
ORD-01638,02/03/2026,C-0138,Smartphone X1,Electrónica,Nova,Occidente,Web,Tarjeta crédito,1,8999,15,7649.15
ORD-01667,02/03/2026,C-0740,Set Bloques Creativos,Juguetes,PlayBox,Sur,Web,Tarjeta crédito,2,799,5,1518.1
ORD-01742,02/03/2026,C-0725,Sudadera Essential,Moda,BasicLab,Norte,Marketplace,Transferencia,2,999,10,1798.2
ORD-01748,02/03/2026,C-0054,Aspiradora CleanPro,Hogar,CleanPro,Occidente,Web,Tarjeta crédito,3,3299,0,9897
ORD-01764,02/03/2026,C-0200,Set Bloques Creativos,Juguetes,PlayBox,Norte,Web,Tarjeta crédito,1,799,0,799
ORD-01768,02/03/2026,C-0578,Laptop Nova 14,Electrónica,Nova,Sur,App,Tarjeta crédito,1,18999,0,18999
ORD-01861,02/03/2026,C-0208,Mochila Training,Deportes,Move,Occidente,Marketplace,PayPal,1,899,10,809.1
ORD-01883,02/03/2026,C-0098,Auto Control Remoto,Juguetes,FunTech,Norte,App,Tarjeta débito,1,999,0,999
ORD-01940,02/03/2026,C-0624,Tenis Runner Pro,Deportes,Move,Norte,Web,Tarjeta débito,1,1899,10,1709.1
ORD-01972,02/03/2026,C-0703,Audífonos AirBeat,Electrónica,SoundPro,Centro,Web,Tarjeta crédito,1,1499,20,1199.2
ORD-01983,02/03/2026,C-0408,Smartphone X1,Electrónica,Nova,Sur,Marketplace,Tarjeta crédito,1,8999,10,8099.1
ORD-02088,02/03/2026,C-0769,Freidora AirCook,Hogar,KitchenLab,Sur,Web,Transferencia,1,2499,0,2499
ORD-02136,02/03/2026,C-0684,Smartwatch FitGo,Deportes,FitGo,Sur,Marketplace,Tarjeta crédito,1,2299,10,2069.1
ORD-02151,02/03/2026,C-0302,Cafetera HomeBrew,Hogar,HomePlus,Sur,Web,Tarjeta débito,2,1799,0,3598
ORD-02223,02/03/2026,C-0737,Smartphone X1,Electrónica,Nova,Norte,App,Tarjeta débito,2,8999,10,16198.2
ORD-02229,02/03/2026,C-0018,Licuadora MixPlus,Hogar,HomePlus,Sur,Marketplace,PayPal,1,1199,10,1079.1
ORD-02238,02/03/2026,C-0255,Smartwatch FitGo,Deportes,FitGo,Norte,App,Tarjeta débito,2,2299,15,3908.3
ORD-02267,02/03/2026,C-0767,Sudadera Essential,Moda,BasicLab,Norte,App,Tarjeta débito,1,999,15,849.15
ORD-02270,02/03/2026,C-0613,Sudadera Essential,Moda,BasicLab,Centro,App,Tarjeta crédito,1,999,5,949.05
ORD-02297,02/03/2026,C-0771,Tablet Go 10,Electrónica,Nova,Sureste,Web,Tarjeta crédito,4,6299,0,25196
ORD-02401,02/03/2026,C-0403,Audífonos AirBeat,Electrónica,SoundPro,Norte,Web,PayPal,1,1499,15,1274.15
ORD-02487,02/03/2026,C-0550,Bicicleta Urban 21,Deportes,Move,Sureste,App,Tarjeta crédito,1,7499,0,7499
ORD-02498,02/03/2026,C-0124,Audífonos AirBeat,Electrónica,SoundPro,Occidente,App,Tarjeta débito,1,1499,0,1499
ORD-02562,02/03/2026,C-0933,Set Bloques Creativos,Juguetes,PlayBox,Centro,App,Tarjeta crédito,2,799,0,1598
ORD-02569,02/03/2026,C-0808,Muñeca Adventure,Juguetes,PlayBox,Norte,App,Tarjeta crédito,1,649,10,584.1
ORD-02605,02/03/2026,C-0724,Mochila Training,Deportes,Move,Centro,Web,Tarjeta crédito,2,899,10,1618.2
ORD-02669,02/03/2026,C-0240,Smartphone X1,Electrónica,Nova,Occidente,App,Tarjeta débito,1,8999,5,8549.05
ORD-02722,02/03/2026,C-0243,Bicicleta Urban 21,Deportes,Move,Sureste,Web,Tarjeta crédito,2,7499,5,14248.1
ORD-02741,02/03/2026,C-0052,Audífonos AirBeat,Electrónica,SoundPro,Norte,App,Tarjeta débito,1,1499,0,1499
ORD-02762,02/03/2026,C-0140,Licuadora MixPlus,Hogar,HomePlus,Occidente,App,Tarjeta crédito,1,1199,0,1199
ORD-02780,02/03/2026,C-0309,Licuadora MixPlus,Hogar,HomePlus,Norte,Marketplace,PayPal,1,1199,0,1199
ORD-02836,02/03/2026,C-0261,Freidora AirCook,Hogar,KitchenLab,Sur,App,PayPal,1,2499,0,2499
ORD-02853,02/03/2026,C-0176,Sudadera Essential,Moda,BasicLab,Centro,Web,Tarjeta crédito,1,999,0,999
ORD-02866,02/03/2026,C-0616,Set Bloques Creativos,Juguetes,PlayBox,Norte,Web,Tarjeta débito,2,799,0,1598
ORD-02896,02/03/2026,C-0731,Tenis Casual Street,Moda,Urban Co.,Norte,Web,Tarjeta crédito,1,1399,0,1399
ORD-02902,02/03/2026,C-0047,Set Bloques Creativos,Juguetes,PlayBox,Norte,App,PayPal,1,799,5,759.05
ORD-02917,02/03/2026,C-0796,Smartphone X1,Electrónica,Nova,Centro,App,Tarjeta débito,1,8999,5,8549.05
ORD-02938,02/03/2026,C-0743,Tablet Go 10,Electrónica,Nova,Occidente,App,Tarjeta débito,1,6299,10,5669.1
ORD-02976,02/03/2026,C-0437,Bicicleta Urban 21,Deportes,Move,Occidente,Web,PayPal,3,7499,0,22497
ORD-00087,03/03/2026,C-0567,Sudadera Essential,Moda,BasicLab,Centro,Web,Tarjeta crédito,1,999,5,949.05
ORD-00103,03/03/2026,C-0784,Cafetera HomeBrew,Hogar,HomePlus,Centro,App,PayPal,1,1799,5,1709.05
ORD-00135,03/03/2026,C-0867,Tenis Runner Pro,Deportes,Move,Centro,Marketplace,PayPal,3,1899,10,5127.3
ORD-00186,03/03/2026,C-0220,Set Bloques Creativos,Juguetes,PlayBox,Occidente,Web,Tarjeta crédito,1,799,0,799
ORD-00200,03/03/2026,C-0248,Smartwatch FitGo,Deportes,FitGo,Centro,Marketplace,Tarjeta débito,1,2299,0,2299
ORD-00213,03/03/2026,C-0032,Muñeca Adventure,Juguetes,PlayBox,Occidente,Web,Tarjeta débito,1,649,10,584.1
ORD-00219,03/03/2026,C-0564,Freidora AirCook,Hogar,KitchenLab,Sur,Marketplace,Transferencia,1,2499,5,2374.05
ORD-00259,03/03/2026,C-0944,Set Bloques Creativos,Juguetes,PlayBox,Occidente,Web,PayPal,1,799,10,719.1
ORD-00310,03/03/2026,C-0554,Licuadora MixPlus,Hogar,HomePlus,Centro,App,Tarjeta débito,1,1199,10,1079.1
ORD-00339,03/03/2026,C-0117,Sudadera Essential,Moda,BasicLab,Occidente,App,Tarjeta débito,1,999,0,999
ORD-00393,03/03/2026,C-0470,Jeans Classic,Moda,Urban Co.,Centro,Web,PayPal,2,899,0,1798
ORD-00394,03/03/2026,C-0064,Auto Control Remoto,Juguetes,FunTech,Occidente,App,Tarjeta débito,1,999,0,999
ORD-00428,03/03/2026,C-0495,Audífonos AirBeat,Electrónica,SoundPro,Occidente,Marketplace,Tarjeta crédito,1,1499,5,1424.05
ORD-00470,03/03/2026,C-0281,Smart TV 55,Electrónica,Vision,Norte,App,Tarjeta crédito,1,11999,5,11399.05
ORD-00543,03/03/2026,C-0339,Bicicleta Urban 21,Deportes,Move,Centro,Web,Tarjeta crédito,1,7499,10,6749.1
ORD-00548,03/03/2026,C-0908,Bicicleta Urban 21,Deportes,Move,Sur,Marketplace,Tarjeta crédito,1,7499,5,7124.05
ORD-00568,03/03/2026,C-0794,Jeans Classic,Moda,Urban Co.,Norte,Web,Tarjeta débito,2,899,10,1618.2
ORD-00590,03/03/2026,C-0322,Tablet Go 10,Electrónica,Nova,Norte,App,Tarjeta crédito,1,6299,5,5984.05
ORD-00706,03/03/2026,C-0881,Licuadora MixPlus,Hogar,HomePlus,Sur,Marketplace,Tarjeta crédito,1,1199,0,1199
ORD-00708,03/03/2026,C-0624,Mochila Training,Deportes,Move,Norte,App,Transferencia,1,899,20,719.2
ORD-00755,03/03/2026,C-0548,Auto Control Remoto,Juguetes,FunTech,Occidente,App,Tarjeta débito,2,999,5,1898.1
ORD-00772,03/03/2026,C-0190,Muñeca Adventure,Juguetes,PlayBox,Sur,Web,Tarjeta débito,1,649,15,551.65
ORD-00788,03/03/2026,C-0047,Tablet Go 10,Electrónica,Nova,Centro,Web,Tarjeta débito,2,6299,0,12598
ORD-00816,03/03/2026,C-0715,Tenis Casual Street,Moda,Urban Co.,Norte,App,Tarjeta débito,2,1399,0,2798
ORD-00824,03/03/2026,C-0283,Set Bloques Creativos,Juguetes,PlayBox,Centro,Marketplace,Tarjeta crédito,1,799,15,679.15
ORD-00860,03/03/2026,C-0442,Tablet Go 10,Electrónica,Nova,Norte,App,Tarjeta crédito,1,6299,0,6299
ORD-00872,03/03/2026,C-0914,Chamarra Urban,Moda,Urban Co.,Centro,Web,Tarjeta débito,2,1599,20,2558.4
ORD-00873,03/03/2026,C-0239,Auto Control Remoto,Juguetes,FunTech,Norte,Web,Tarjeta crédito,1,999,10,899.1
ORD-00877,03/03/2026,C-0311,Smartphone X1,Electrónica,Nova,Norte,Web,Tarjeta crédito,1,8999,5,8549.05
ORD-00905,03/03/2026,C-0400,Tenis Runner Pro,Deportes,Move,Centro,Web,PayPal,1,1899,0,1899
ORD-00912,03/03/2026,C-0450,Cafetera HomeBrew,Hogar,HomePlus,Sureste,App,Tarjeta crédito,1,1799,10,1619.1
ORD-00928,03/03/2026,C-0621,Smartwatch FitGo,Deportes,FitGo,Centro,Web,Tarjeta crédito,2,2299,0,4598
ORD-00939,03/03/2026,C-0697,Freidora AirCook,Hogar,KitchenLab,Centro,App,Tarjeta crédito,1,2499,0,2499
ORD-00965,03/03/2026,C-0662,Aspiradora CleanPro,Hogar,CleanPro,Centro,App,PayPal,1,3299,0,3299
ORD-00972,03/03/2026,C-0349,Smartphone X1,Electrónica,Nova,Norte,Web,Tarjeta crédito,1,8999,5,8549.05
ORD-00987,03/03/2026,C-0554,Set Bloques Creativos,Juguetes,PlayBox,Centro,Web,Tarjeta débito,1,799,10,719.1
ORD-00988,03/03/2026,C-0912,Cafetera HomeBrew,Hogar,HomePlus,Occidente,Web,Tarjeta crédito,1,1799,5,1709.05
ORD-01015,03/03/2026,C-0601,Mochila Training,Deportes,Move,Norte,Web,Tarjeta crédito,1,899,15,764.15
ORD-01040,03/03/2026,C-0088,Tablet Go 10,Electrónica,Nova,Sur,App,PayPal,1,6299,5,5984.05
ORD-01115,03/03/2026,C-0210,Smartwatch FitGo,Deportes,FitGo,Sur,Web,Tarjeta crédito,1,2299,5,2184.05
ORD-01145,03/03/2026,C-0717,Smartwatch FitGo,Deportes,FitGo,Norte,Marketplace,Transferencia,1,2299,0,2299
ORD-01152,03/03/2026,C-0658,Muñeca Adventure,Juguetes,PlayBox,Occidente,Web,Tarjeta débito,1,649,10,584.1
ORD-01332,03/03/2026,C-0619,Smartwatch FitGo,Deportes,FitGo,Norte,Marketplace,Transferencia,1,2299,0,2299
ORD-01337,03/03/2026,C-0203,Tenis Casual Street,Moda,Urban Co.,Occidente,App,Tarjeta débito,2,1399,0,2798
ORD-01341,03/03/2026,C-0355,Bicicleta Urban 21,Deportes,Move,Norte,Marketplace,Tarjeta crédito,1,7499,0,7499
ORD-01448,03/03/2026,C-0850,Licuadora MixPlus,Hogar,HomePlus,Norte,Web,Tarjeta crédito,1,1199,0,1199
ORD-01460,03/03/2026,C-0203,Aspiradora CleanPro,Hogar,CleanPro,Norte,App,Tarjeta crédito,2,3299,0,6598
ORD-01476,03/03/2026,C-0081,Tenis Runner Pro,Deportes,Move,Sur,Marketplace,PayPal,1,1899,0,1899
ORD-01478,03/03/2026,C-0814,Chamarra Urban,Moda,Urban Co.,Occidente,Web,Transferencia,3,1599,0,4797
ORD-01540,03/03/2026,C-0886,Licuadora MixPlus,Hogar,HomePlus,Sureste,Marketplace,Tarjeta crédito,3,1199,5,3417.15
ORD-01546,03/03/2026,C-0530,Sudadera Essential,Moda,BasicLab,Occidente,Web,Tarjeta crédito,2,999,0,1998
ORD-01601,03/03/2026,C-0622,Tenis Casual Street,Moda,Urban Co.,Sur,Marketplace,PayPal,1,1399,5,1329.05
ORD-01639,03/03/2026,C-0307,Set Bloques Creativos,Juguetes,PlayBox,Norte,App,Tarjeta crédito,1,799,0,799
ORD-01659,03/03/2026,C-0008,Tablet Go 10,Electrónica,Nova,Sur,Web,Tarjeta crédito,1,6299,0,6299
ORD-01672,03/03/2026,C-0257,Tablet Go 10,Electrónica,Nova,Sur,App,Tarjeta crédito,1,6299,5,5984.05
ORD-01757,03/03/2026,C-0336,Chamarra Urban,Moda,Urban Co.,Occidente,Web,Transferencia,1,1599,0,1599
ORD-01761,03/03/2026,C-0147,Licuadora MixPlus,Hogar,HomePlus,Sur,Marketplace,Tarjeta crédito,1,1199,5,1139.05
ORD-01784,03/03/2026,C-0721,Aspiradora CleanPro,Hogar,CleanPro,Norte,Marketplace,Tarjeta débito,1,3299,10,2969.1
ORD-01790,03/03/2026,C-0810,Set Bloques Creativos,Juguetes,PlayBox,Centro,App,Tarjeta débito,1,799,15,679.15
ORD-01803,03/03/2026,C-0735,Smartphone X1,Electrónica,Nova,Occidente,Web,Tarjeta débito,1,8999,5,8549.05
ORD-01845,03/03/2026,C-0550,Licuadora MixPlus,Hogar,HomePlus,Occidente,Web,PayPal,1,1199,0,1199
ORD-01877,03/03/2026,C-0715,Chamarra Urban,Moda,Urban Co.,Centro,Marketplace,Tarjeta débito,1,1599,0,1599
ORD-01892,03/03/2026,C-0250,Freidora AirCook,Hogar,KitchenLab,Centro,Marketplace,Tarjeta débito,1,2499,0,2499
ORD-01899,03/03/2026,C-0424,Tenis Casual Street,Moda,Urban Co.,Norte,Marketplace,Tarjeta crédito,1,1399,0,1399
ORD-01925,03/03/2026,C-0769,Audífonos AirBeat,Electrónica,SoundPro,Norte,App,Tarjeta crédito,2,1499,15,2548.3
ORD-01957,03/03/2026,C-0137,Set Bloques Creativos,Juguetes,PlayBox,Occidente,Web,Tarjeta crédito,1,799,0,799
ORD-01959,03/03/2026,C-0938,Tablet Go 10,Electrónica,Nova,Centro,Web,Tarjeta débito,1,6299,10,5669.1
ORD-01974,03/03/2026,C-0401,Auto Control Remoto,Juguetes,FunTech,Sureste,App,PayPal,1,999,0,999
ORD-02004,03/03/2026,C-0933,Licuadora MixPlus,Hogar,HomePlus,Norte,Web,Tarjeta crédito,2,1199,15,2038.3
ORD-02015,03/03/2026,C-0027,Tenis Casual Street,Moda,Urban Co.,Sureste,Web,Tarjeta débito,1,1399,10,1259.1
ORD-02021,03/03/2026,C-0829,Smartphone X1,Electrónica,Nova,Centro,Marketplace,Tarjeta crédito,1,8999,15,7649.15
ORD-02074,03/03/2026,C-0535,Cafetera HomeBrew,Hogar,HomePlus,Occidente,Web,Tarjeta débito,1,1799,5,1709.05
ORD-02075,03/03/2026,C-0389,Set Bloques Creativos,Juguetes,PlayBox,Centro,Marketplace,Tarjeta crédito,1,799,5,759.05
ORD-02119,03/03/2026,C-0262,Smartwatch FitGo,Deportes,FitGo,Sur,Web,Tarjeta crédito,4,2299,0,9196
ORD-02162,03/03/2026,C-0459,Chamarra Urban,Moda,Urban Co.,Sureste,App,Tarjeta débito,1,1599,0,1599
ORD-02170,03/03/2026,C-0201,Bicicleta Urban 21,Deportes,Move,Norte,Web,PayPal,1,7499,0,7499
ORD-02201,03/03/2026,C-0819,Set Bloques Creativos,Juguetes,PlayBox,Sureste,Web,PayPal,2,799,15,1358.3
ORD-02231,03/03/2026,C-0889,Audífonos AirBeat,Electrónica,SoundPro,Norte,Marketplace,Transferencia,1,1499,10,1349.1
ORD-02233,03/03/2026,C-0627,Chamarra Urban,Moda,Urban Co.,Centro,App,Tarjeta débito,1,1599,10,1439.1
ORD-02244,03/03/2026,C-0583,Tenis Casual Street,Moda,Urban Co.,Sur,App,Tarjeta crédito,1,1399,15,1189.15
ORD-02260,03/03/2026,C-0504,Tablet Go 10,Electrónica,Nova,Sureste,Marketplace,Tarjeta crédito,3,6299,15,16062.45
ORD-02305,03/03/2026,C-0646,Muñeca Adventure,Juguetes,PlayBox,Sur,Web,Tarjeta crédito,2,649,5,1233.1
ORD-02363,03/03/2026,C-0400,Freidora AirCook,Hogar,KitchenLab,Norte,Marketplace,Tarjeta crédito,2,2499,0,4998
ORD-02364,03/03/2026,C-0726,Freidora AirCook,Hogar,KitchenLab,Centro,Marketplace,Tarjeta crédito,2,2499,0,4998
ORD-02384,03/03/2026,C-0269,Laptop Nova 14,Electrónica,Nova,Norte,App,Transferencia,1,18999,5,18049.05
ORD-02424,03/03/2026,C-0293,Tenis Casual Street,Moda,Urban Co.,Norte,Marketplace,Tarjeta crédito,1,1399,0,1399
ORD-02444,03/03/2026,C-0768,Smartphone X1,Electrónica,Nova,Centro,App,Tarjeta crédito,1,8999,0,8999
ORD-02508,03/03/2026,C-0283,Sudadera Essential,Moda,BasicLab,Sur,Web,Tarjeta crédito,2,999,0,1998
ORD-02548,03/03/2026,C-0398,Tablet Go 10,Electrónica,Nova,Centro,Web,Tarjeta crédito,1,6299,0,6299
ORD-02549,03/03/2026,C-0188,Tablet Go 10,Electrónica,Nova,Centro,App,Tarjeta crédito,1,6299,15,5354.15
ORD-02591,03/03/2026,C-0100,Freidora AirCook,Hogar,KitchenLab,Norte,Web,Tarjeta débito,1,2499,5,2374.05
ORD-02603,03/03/2026,C-0609,Tenis Casual Street,Moda,Urban Co.,Norte,App,Tarjeta crédito,1,1399,10,1259.1
ORD-02614,03/03/2026,C-0624,Audífonos AirBeat,Electrónica,SoundPro,Centro,App,PayPal,1,1499,0,1499
ORD-02619,03/03/2026,C-0516,Tablet Go 10,Electrónica,Nova,Occidente,App,Tarjeta débito,1,6299,0,6299
ORD-02686,03/03/2026,C-0315,Sudadera Essential,Moda,BasicLab,Centro,Marketplace,Tarjeta débito,3,999,10,2697.3
ORD-02713,03/03/2026,C-0742,Muñeca Adventure,Juguetes,PlayBox,Occidente,Web,PayPal,1,649,15,551.65
ORD-02731,03/03/2026,C-0774,Licuadora MixPlus,Hogar,HomePlus,Occidente,Web,Tarjeta crédito,1,1199,0,1199
ORD-02749,03/03/2026,C-0871,Sudadera Essential,Moda,BasicLab,Centro,Web,PayPal,3,999,0,2997
ORD-02823,03/03/2026,C-0371,Smartphone X1,Electrónica,Nova,Norte,Web,Tarjeta crédito,1,8999,10,8099.1
ORD-02826,03/03/2026,C-0052,Cafetera HomeBrew,Hogar,HomePlus,Sur,App,Tarjeta crédito,1,1799,0,1799
ORD-02845,03/03/2026,C-0083,Laptop Nova 14,Electrónica,Nova,Norte,Marketplace,PayPal,2,18999,15,32298.3
ORD-02870,03/03/2026,C-0434,Licuadora MixPlus,Hogar,HomePlus,Occidente,Web,Tarjeta crédito,1,1199,10,1079.1
ORD-02904,03/03/2026,C-0188,Laptop Nova 14,Electrónica,Nova,Sur,App,Tarjeta débito,1,18999,0,18999
ORD-02936,03/03/2026,C-0622,Smartwatch FitGo,Deportes,FitGo,Occidente,Marketplace,Tarjeta débito,1,2299,0,2299
ORD-00016,04/03/2026,C-0513,Bicicleta Urban 21,Deportes,Move,Centro,Web,Tarjeta crédito,1,7499,10,6749.1
ORD-00040,04/03/2026,C-0704,Audífonos AirBeat,Electrónica,SoundPro,Sur,Web,Tarjeta crédito,1,1499,0,1499
ORD-00081,04/03/2026,C-0181,Sudadera Essential,Moda,BasicLab,Norte,Web,PayPal,1,999,0,999
ORD-00147,04/03/2026,C-0332,Sudadera Essential,Moda,BasicLab,Occidente,Web,Tarjeta crédito,1,999,10,899.1
ORD-00211,04/03/2026,C-0707,Cafetera HomeBrew,Hogar,HomePlus,Centro,App,Tarjeta crédito,1,1799,5,1709.05
ORD-00221,04/03/2026,C-0587,Tenis Runner Pro,Deportes,Move,Sureste,App,Tarjeta crédito,1,1899,0,1899
ORD-00240,04/03/2026,C-0375,Chamarra Urban,Moda,Urban Co.,Centro,Web,Tarjeta crédito,1,1599,20,1279.2
ORD-00257,04/03/2026,C-0669,Jeans Classic,Moda,Urban Co.,Occidente,Web,Transferencia,1,899,20,719.2
ORD-00292,04/03/2026,C-0407,Auto Control Remoto,Juguetes,FunTech,Sur,App,Transferencia,1,999,5,949.05
ORD-00317,04/03/2026,C-0395,Tenis Runner Pro,Deportes,Move,Centro,Web,Tarjeta crédito,1,1899,5,1804.05
ORD-00364,04/03/2026,C-0010,Audífonos AirBeat,Electrónica,SoundPro,Centro,App,Tarjeta crédito,1,1499,0,1499
ORD-00379,04/03/2026,C-0123,Muñeca Adventure,Juguetes,PlayBox,Norte,App,Tarjeta crédito,2,649,10,1168.2
ORD-00384,04/03/2026,C-0484,Chamarra Urban,Moda,Urban Co.,Centro,App,Tarjeta crédito,1,1599,10,1439.1
ORD-00418,04/03/2026,C-0655,Licuadora MixPlus,Hogar,HomePlus,Norte,Web,Transferencia,1,1199,10,1079.1
ORD-00433,04/03/2026,C-0558,Tenis Runner Pro,Deportes,Move,Centro,Web,Tarjeta débito,1,1899,5,1804.05
ORD-00443,04/03/2026,C-0353,Auto Control Remoto,Juguetes,FunTech,Sureste,App,Tarjeta crédito,1,999,0,999
ORD-00467,04/03/2026,C-0911,Tenis Runner Pro,Deportes,Move,Norte,Marketplace,Tarjeta débito,1,1899,15,1614.15
ORD-00468,04/03/2026,C-0141,Smart TV 55,Electrónica,Vision,Sur,Web,Tarjeta crédito,2,11999,0,23998
ORD-00482,04/03/2026,C-0367,Audífonos AirBeat,Electrónica,SoundPro,Norte,App,PayPal,3,1499,10,4047.3
ORD-00486,04/03/2026,C-0437,Tenis Runner Pro,Deportes,Move,Sur,Marketplace,PayPal,1,1899,0,1899
ORD-00487,04/03/2026,C-0337,Jeans Classic,Moda,Urban Co.,Sur,Marketplace,Tarjeta crédito,1,899,0,899
ORD-00490,04/03/2026,C-0934,Sudadera Essential,Moda,BasicLab,Centro,App,Transferencia,1,999,10,899.1
ORD-00504,04/03/2026,C-0845,Jeans Classic,Moda,Urban Co.,Centro,Web,Tarjeta crédito,1,899,10,809.1
ORD-00535,04/03/2026,C-0718,Licuadora MixPlus,Hogar,HomePlus,Occidente,App,Tarjeta débito,1,1199,10,1079.1
ORD-00593,04/03/2026,C-0878,Audífonos AirBeat,Electrónica,SoundPro,Centro,Web,Transferencia,1,1499,0,1499
ORD-00597,04/03/2026,C-0595,Smart TV 55,Electrónica,Vision,Occidente,App,Tarjeta débito,1,11999,0,11999
ORD-00604,04/03/2026,C-0264,Tenis Casual Street,Moda,Urban Co.,Norte,Web,Tarjeta crédito,3,1399,5,3987.15
ORD-00624,04/03/2026,C-0016,Laptop Nova 14,Electrónica,Nova,Centro,Web,Tarjeta débito,1,18999,0,18999
ORD-00631,04/03/2026,C-0406,Tablet Go 10,Electrónica,Nova,Centro,Web,Tarjeta crédito,1,6299,10,5669.1
ORD-00777,04/03/2026,C-0257,Smartwatch FitGo,Deportes,FitGo,Sureste,App,Tarjeta crédito,1,2299,0,2299
ORD-00781,04/03/2026,C-0648,Sudadera Essential,Moda,BasicLab,Occidente,Marketplace,Tarjeta crédito,1,999,5,949.05
ORD-00794,04/03/2026,C-0083,Smartphone X1,Electrónica,Nova,Sur,App,Tarjeta crédito,2,8999,0,17998
ORD-00804,04/03/2026,C-0600,Aspiradora CleanPro,Hogar,CleanPro,Centro,Web,Tarjeta crédito,1,3299,15,2804.15
ORD-00861,04/03/2026,C-0045,Smartphone X1,Electrónica,Nova,Centro,App,Tarjeta débito,2,8999,0,17998
ORD-00868,04/03/2026,C-0740,Auto Control Remoto,Juguetes,FunTech,Norte,App,Tarjeta débito,1,999,0,999
ORD-00876,04/03/2026,C-0756,Sudadera Essential,Moda,BasicLab,Centro,App,Tarjeta crédito,1,999,15,849.15
ORD-00878,04/03/2026,C-0301,Smartwatch FitGo,Deportes,FitGo,Sur,App,Tarjeta débito,1,2299,0,2299
ORD-00937,04/03/2026,C-0843,Tenis Casual Street,Moda,Urban Co.,Norte,Web,Tarjeta crédito,2,1399,10,2518.2
ORD-00974,04/03/2026,C-0114,Smartwatch FitGo,Deportes,FitGo,Occidente,Marketplace,Tarjeta débito,2,2299,0,4598
ORD-00976,04/03/2026,C-0519,Audífonos AirBeat,Electrónica,SoundPro,Sureste,Marketplace,Tarjeta crédito,1,1499,0,1499
ORD-00998,04/03/2026,C-0944,Tenis Casual Street,Moda,Urban Co.,Occidente,App,Tarjeta crédito,1,1399,0,1399
ORD-01021,04/03/2026,C-0517,Licuadora MixPlus,Hogar,HomePlus,Sur,App,Transferencia,1,1199,10,1079.1
ORD-01090,04/03/2026,C-0644,Chamarra Urban,Moda,Urban Co.,Norte,Marketplace,Tarjeta crédito,1,1599,10,1439.1
ORD-01099,04/03/2026,C-0786,Chamarra Urban,Moda,Urban Co.,Norte,Web,Tarjeta crédito,2,1599,0,3198
ORD-01136,04/03/2026,C-0351,Set Bloques Creativos,Juguetes,PlayBox,Sur,Web,Tarjeta crédito,1,799,0,799
ORD-01159,04/03/2026,C-0299,Auto Control Remoto,Juguetes,FunTech,Centro,Marketplace,Tarjeta débito,1,999,5,949.05
ORD-01177,04/03/2026,C-0772,Sudadera Essential,Moda,BasicLab,Centro,App,Tarjeta débito,1,999,0,999
ORD-01178,04/03/2026,C-0001,Smartphone X1,Electrónica,Nova,Norte,Web,Tarjeta débito,3,8999,0,26997
ORD-01244,04/03/2026,C-0086,Licuadora MixPlus,Hogar,HomePlus,Sur,App,Tarjeta débito,1,1199,0,1199
ORD-01291,04/03/2026,C-0328,Jeans Classic,Moda,Urban Co.,Centro,Web,Tarjeta crédito,1,899,0,899
ORD-01344,04/03/2026,C-0742,Laptop Nova 14,Electrónica,Nova,Sureste,Marketplace,Tarjeta débito,1,18999,0,18999
ORD-01346,04/03/2026,C-0389,Sudadera Essential,Moda,BasicLab,Centro,Web,Tarjeta crédito,2,999,5,1898.1
ORD-01392,04/03/2026,C-0415,Tablet Go 10,Electrónica,Nova,Norte,Marketplace,Tarjeta débito,1,6299,0,6299
ORD-01394,04/03/2026,C-0175,Chamarra Urban,Moda,Urban Co.,Norte,App,Tarjeta crédito,1,1599,10,1439.1
ORD-01397,04/03/2026,C-0635,Cafetera HomeBrew,Hogar,HomePlus,Occidente,Web,Tarjeta crédito,2,1799,5,3418.1
ORD-01404,04/03/2026,C-0940,Audífonos AirBeat,Electrónica,SoundPro,Norte,App,Tarjeta crédito,2,1499,0,2998
ORD-01416,04/03/2026,C-0432,Chamarra Urban,Moda,Urban Co.,Occidente,Marketplace,Transferencia,1,1599,5,1519.05
ORD-01503,04/03/2026,C-0174,Tenis Runner Pro,Deportes,Move,Occidente,Web,PayPal,1,1899,20,1519.2
ORD-01509,04/03/2026,C-0175,Tenis Runner Pro,Deportes,Move,Centro,Web,Transferencia,1,1899,0,1899
ORD-01549,04/03/2026,C-0450,Bicicleta Urban 21,Deportes,Move,Centro,Web,Tarjeta crédito,2,7499,5,14248.1
ORD-01552,04/03/2026,C-0525,Muñeca Adventure,Juguetes,PlayBox,Norte,App,Transferencia,1,649,0,649
ORD-01564,04/03/2026,C-0823,Tenis Runner Pro,Deportes,Move,Norte,Web,Tarjeta débito,2,1899,0,3798
ORD-01636,04/03/2026,C-0048,Tenis Casual Street,Moda,Urban Co.,Centro,Web,Tarjeta débito,1,1399,15,1189.15
ORD-01653,04/03/2026,C-0071,Aspiradora CleanPro,Hogar,CleanPro,Centro,App,PayPal,1,3299,10,2969.1
ORD-01692,04/03/2026,C-0449,Laptop Nova 14,Electrónica,Nova,Occidente,App,PayPal,1,18999,5,18049.05
ORD-01693,04/03/2026,C-0738,Cafetera HomeBrew,Hogar,HomePlus,Occidente,App,Tarjeta crédito,2,1799,15,3058.3
ORD-01739,04/03/2026,C-0618,Muñeca Adventure,Juguetes,PlayBox,Norte,Web,Tarjeta débito,1,649,15,551.65
ORD-01787,04/03/2026,C-0391,Tablet Go 10,Electrónica,Nova,Occidente,Web,Tarjeta débito,1,6299,10,5669.1
ORD-01872,04/03/2026,C-0840,Aspiradora CleanPro,Hogar,CleanPro,Norte,Marketplace,Tarjeta crédito,1,3299,15,2804.15
ORD-01896,04/03/2026,C-0328,Sudadera Essential,Moda,BasicLab,Occidente,Web,Tarjeta débito,2,999,0,1998
ORD-01980,04/03/2026,C-0328,Audífonos AirBeat,Electrónica,SoundPro,Sureste,Web,Tarjeta débito,1,1499,0,1499
ORD-02017,04/03/2026,C-0597,Licuadora MixPlus,Hogar,HomePlus,Sureste,App,Tarjeta crédito,1,1199,0,1199
ORD-02028,04/03/2026,C-0657,Tenis Runner Pro,Deportes,Move,Norte,Web,Tarjeta crédito,1,1899,0,1899
ORD-02039,04/03/2026,C-0529,Muñeca Adventure,Juguetes,PlayBox,Centro,Web,Tarjeta crédito,2,649,0,1298
ORD-02056,04/03/2026,C-0855,Audífonos AirBeat,Electrónica,SoundPro,Sur,App,Tarjeta crédito,2,1499,10,2698.2
ORD-02096,04/03/2026,C-0050,Audífonos AirBeat,Electrónica,SoundPro,Occidente,App,Tarjeta débito,1,1499,10,1349.1
ORD-02103,04/03/2026,C-0402,Auto Control Remoto,Juguetes,FunTech,Sureste,Marketplace,Transferencia,1,999,15,849.15
ORD-02114,04/03/2026,C-0637,Freidora AirCook,Hogar,KitchenLab,Norte,Marketplace,Tarjeta débito,2,2499,5,4748.1
ORD-02187,04/03/2026,C-0342,Muñeca Adventure,Juguetes,PlayBox,Sureste,App,Tarjeta crédito,2,649,0,1298
ORD-02235,04/03/2026,C-0121,Smartwatch FitGo,Deportes,FitGo,Centro,Web,Tarjeta crédito,1,2299,0,2299
ORD-02256,04/03/2026,C-0103,Sudadera Essential,Moda,BasicLab,Centro,Web,Transferencia,1,999,10,899.1
ORD-02299,04/03/2026,C-0615,Auto Control Remoto,Juguetes,FunTech,Occidente,App,Tarjeta débito,2,999,0,1998
ORD-02311,04/03/2026,C-0490,Smartphone X1,Electrónica,Nova,Occidente,App,Tarjeta débito,1,8999,0,8999
ORD-02346,04/03/2026,C-0247,Sudadera Essential,Moda,BasicLab,Centro,App,PayPal,1,999,10,899.1
ORD-02347,04/03/2026,C-0753,Bicicleta Urban 21,Deportes,Move,Centro,App,Tarjeta débito,2,7499,5,14248.1
ORD-02376,04/03/2026,C-0730,Sudadera Essential,Moda,BasicLab,Occidente,App,Tarjeta débito,1,999,0,999
ORD-02437,04/03/2026,C-0564,Licuadora MixPlus,Hogar,HomePlus,Norte,App,Tarjeta débito,1,1199,0,1199
ORD-02442,04/03/2026,C-0182,Smartphone X1,Electrónica,Nova,Sureste,Web,Tarjeta débito,1,8999,0,8999
ORD-02490,04/03/2026,C-0788,Muñeca Adventure,Juguetes,PlayBox,Norte,App,Tarjeta crédito,2,649,5,1233.1
ORD-02517,04/03/2026,C-0250,Bicicleta Urban 21,Deportes,Move,Centro,App,Tarjeta crédito,1,7499,0,7499
ORD-02573,04/03/2026,C-0043,Sudadera Essential,Moda,BasicLab,Centro,Web,Tarjeta crédito,3,999,5,2847.15
ORD-02588,04/03/2026,C-0156,Smartwatch FitGo,Deportes,FitGo,Centro,Marketplace,Transferencia,1,2299,10,2069.1
ORD-02602,04/03/2026,C-0717,Sudadera Essential,Moda,BasicLab,Centro,App,Tarjeta débito,2,999,10,1798.2
ORD-02636,04/03/2026,C-0458,Tenis Casual Street,Moda,Urban Co.,Occidente,Web,PayPal,2,1399,0,2798
ORD-02639,04/03/2026,C-0865,Licuadora MixPlus,Hogar,HomePlus,Occidente,App,Tarjeta crédito,1,1199,0,1199
ORD-02660,04/03/2026,C-0846,Tablet Go 10,Electrónica,Nova,Occidente,Web,PayPal,1,6299,0,6299
ORD-02721,04/03/2026,C-0712,Tenis Runner Pro,Deportes,Move,Occidente,Web,Tarjeta débito,1,1899,0,1899
ORD-02773,04/03/2026,C-0641,Auto Control Remoto,Juguetes,FunTech,Occidente,Web,Tarjeta crédito,2,999,0,1998
ORD-02791,04/03/2026,C-0168,Tenis Runner Pro,Deportes,Move,Occidente,App,Tarjeta débito,1,1899,0,1899
ORD-02825,04/03/2026,C-0453,Smartphone X1,Electrónica,Nova,Norte,Web,Tarjeta crédito,1,8999,0,8999
ORD-00036,05/03/2026,C-0470,Cafetera HomeBrew,Hogar,HomePlus,Occidente,Web,Tarjeta crédito,1,1799,10,1619.1
ORD-00044,05/03/2026,C-0041,Smartwatch FitGo,Deportes,FitGo,Norte,Web,Tarjeta crédito,3,2299,15,5862.45
ORD-00061,05/03/2026,C-0436,Licuadora MixPlus,Hogar,HomePlus,Occidente,Web,PayPal,1,1199,10,1079.1
ORD-00067,05/03/2026,C-0212,Licuadora MixPlus,Hogar,HomePlus,Occidente,Web,Tarjeta crédito,1,1199,5,1139.05
ORD-00092,05/03/2026,C-0491,Chamarra Urban,Moda,Urban Co.,Occidente,App,Tarjeta crédito,1,1599,0,1599
ORD-00115,05/03/2026,C-0330,Tenis Runner Pro,Deportes,Move,Norte,App,Tarjeta crédito,1,1899,10,1709.1
ORD-00119,05/03/2026,C-0347,Laptop Nova 14,Electrónica,Nova,Norte,App,Tarjeta crédito,3,18999,0,56997
ORD-00140,05/03/2026,C-0602,Set Bloques Creativos,Juguetes,PlayBox,Norte,Web,Transferencia,1,799,5,759.05
ORD-00141,05/03/2026,C-0287,Jeans Classic,Moda,Urban Co.,Sureste,App,PayPal,3,899,5,2562.15
ORD-00162,05/03/2026,C-0465,Licuadora MixPlus,Hogar,HomePlus,Sur,Marketplace,Tarjeta crédito,1,1199,5,1139.05
ORD-00189,05/03/2026,C-0449,Smartwatch FitGo,Deportes,FitGo,Centro,Marketplace,PayPal,1,2299,10,2069.1
ORD-00193,05/03/2026,C-0729,Sudadera Essential,Moda,BasicLab,Sureste,Web,Tarjeta débito,3,999,0,2997
ORD-00228,05/03/2026,C-0043,Muñeca Adventure,Juguetes,PlayBox,Centro,App,Transferencia,2,649,0,1298
ORD-00249,05/03/2026,C-0178,Smartphone X1,Electrónica,Nova,Occidente,App,Transferencia,1,8999,0,8999
ORD-00327,05/03/2026,C-0076,Chamarra Urban,Moda,Urban Co.,Occidente,Web,Tarjeta débito,2,1599,10,2878.2
ORD-00342,05/03/2026,C-0398,Smartphone X1,Electrónica,Nova,Centro,Web,Tarjeta crédito,1,8999,0,8999
ORD-00343,05/03/2026,C-0178,Freidora AirCook,Hogar,KitchenLab,Occidente,Web,Tarjeta débito,2,2499,5,4748.1
ORD-00369,05/03/2026,C-0144,Set Bloques Creativos,Juguetes,PlayBox,Sur,App,Tarjeta crédito,1,799,15,679.15
ORD-00380,05/03/2026,C-0739,Laptop Nova 14,Electrónica,Nova,Occidente,Web,Transferencia,2,18999,5,36098.1
ORD-00480,05/03/2026,C-0533,Tenis Runner Pro,Deportes,Move,Centro,App,Tarjeta crédito,1,1899,0,1899
ORD-00510,05/03/2026,C-0882,Sudadera Essential,Moda,BasicLab,Norte,App,PayPal,1,999,0,999
ORD-00512,05/03/2026,C-0331,Set Bloques Creativos,Juguetes,PlayBox,Sureste,App,Transferencia,1,799,5,759.05
ORD-00553,05/03/2026,C-0754,Jeans Classic,Moda,Urban Co.,Norte,Web,Transferencia,3,899,5,2562.15
ORD-00576,05/03/2026,C-0166,Licuadora MixPlus,Hogar,HomePlus,Sur,App,PayPal,1,1199,0,1199
ORD-00602,05/03/2026,C-0308,Freidora AirCook,Hogar,KitchenLab,Sureste,Marketplace,Tarjeta débito,2,2499,10,4498.2
ORD-00638,05/03/2026,C-0519,Smartphone X1,Electrónica,Nova,Norte,Marketplace,Tarjeta débito,2,8999,0,17998
ORD-00703,05/03/2026,C-0051,Licuadora MixPlus,Hogar,HomePlus,Sur,App,PayPal,2,1199,0,2398
ORD-00729,05/03/2026,C-0402,Freidora AirCook,Hogar,KitchenLab,Centro,Marketplace,Tarjeta crédito,1,2499,0,2499
ORD-00759,05/03/2026,C-0879,Tenis Runner Pro,Deportes,Move,Norte,Marketplace,Tarjeta crédito,1,1899,0,1899
ORD-00792,05/03/2026,C-0065,Mochila Training,Deportes,Move,Norte,Marketplace,Tarjeta crédito,1,899,0,899
ORD-00793,05/03/2026,C-0596,Audífonos AirBeat,Electrónica,SoundPro,Sur,Web,Tarjeta crédito,1,1499,0,1499
ORD-00825,05/03/2026,C-0699,Audífonos AirBeat,Electrónica,SoundPro,Norte,Marketplace,Tarjeta débito,1,1499,5,1424.05
ORD-00826,05/03/2026,C-0023,Mochila Training,Deportes,Move,Norte,Web,PayPal,1,899,0,899
ORD-00858,05/03/2026,C-0727,Chamarra Urban,Moda,Urban Co.,Sur,Marketplace,Tarjeta débito,1,1599,10,1439.1
ORD-00980,05/03/2026,C-0814,Sudadera Essential,Moda,BasicLab,Sur,Web,Tarjeta crédito,2,999,0,1998
ORD-01032,05/03/2026,C-0197,Jeans Classic,Moda,Urban Co.,Centro,App,Tarjeta crédito,2,899,5,1708.1
ORD-01047,05/03/2026,C-0773,Smart TV 55,Electrónica,Vision,Sur,Web,Tarjeta crédito,3,11999,0,35997
ORD-01055,05/03/2026,C-0031,Mochila Training,Deportes,Move,Centro,Web,Tarjeta débito,1,899,10,809.1
ORD-01062,05/03/2026,C-0482,Cafetera HomeBrew,Hogar,HomePlus,Sur,Marketplace,PayPal,1,1799,0,1799
ORD-01134,05/03/2026,C-0191,Smart TV 55,Electrónica,Vision,Centro,Web,Transferencia,2,11999,0,23998
ORD-01158,05/03/2026,C-0515,Smartwatch FitGo,Deportes,FitGo,Sur,Marketplace,PayPal,1,2299,0,2299
ORD-01164,05/03/2026,C-0312,Licuadora MixPlus,Hogar,HomePlus,Norte,App,PayPal,3,1199,0,3597
ORD-01192,05/03/2026,C-0380,Audífonos AirBeat,Electrónica,SoundPro,Centro,App,Tarjeta crédito,1,1499,15,1274.15
ORD-01217,05/03/2026,C-0205,Tablet Go 10,Electrónica,Nova,Norte,Web,Tarjeta crédito,1,6299,0,6299
ORD-01431,05/03/2026,C-0743,Smart TV 55,Electrónica,Vision,Sur,App,Tarjeta crédito,1,11999,5,11399.05
ORD-01432,05/03/2026,C-0022,Sudadera Essential,Moda,BasicLab,Centro,Web,Tarjeta débito,3,999,10,2697.3
ORD-01445,05/03/2026,C-0671,Tenis Casual Street,Moda,Urban Co.,Centro,Web,PayPal,1,1399,5,1329.05
ORD-01462,05/03/2026,C-0528,Jeans Classic,Moda,Urban Co.,Sur,Marketplace,Tarjeta crédito,1,899,0,899
ORD-01466,05/03/2026,C-0156,Tenis Runner Pro,Deportes,Move,Sur,App,Tarjeta débito,1,1899,10,1709.1
ORD-01575,05/03/2026,C-0743,Licuadora MixPlus,Hogar,HomePlus,Occidente,App,PayPal,1,1199,0,1199
ORD-01604,05/03/2026,C-0376,Audífonos AirBeat,Electrónica,SoundPro,Sur,App,Tarjeta débito,2,1499,10,2698.2
ORD-01721,05/03/2026,C-0108,Mochila Training,Deportes,Move,Centro,Marketplace,Transferencia,1,899,10,809.1
ORD-01800,05/03/2026,C-0755,Licuadora MixPlus,Hogar,HomePlus,Occidente,Web,Tarjeta crédito,2,1199,0,2398
ORD-01884,05/03/2026,C-0186,Laptop Nova 14,Electrónica,Nova,Occidente,App,Tarjeta crédito,1,18999,5,18049.05
ORD-01887,05/03/2026,C-0763,Audífonos AirBeat,Electrónica,SoundPro,Sureste,Web,Tarjeta débito,1,1499,0,1499
ORD-01902,05/03/2026,C-0651,Jeans Classic,Moda,Urban Co.,Norte,Marketplace,Tarjeta débito,2,899,0,1798
ORD-01971,05/03/2026,C-0664,Jeans Classic,Moda,Urban Co.,Occidente,App,Tarjeta crédito,2,899,20,1438.4
ORD-02033,05/03/2026,C-0502,Tenis Casual Street,Moda,Urban Co.,Centro,Web,PayPal,1,1399,10,1259.1
ORD-02057,05/03/2026,C-0036,Chamarra Urban,Moda,Urban Co.,Occidente,Marketplace,Tarjeta crédito,1,1599,0,1599
ORD-02065,05/03/2026,C-0052,Jeans Classic,Moda,Urban Co.,Centro,Web,PayPal,1,899,10,809.1
ORD-02093,05/03/2026,C-0704,Aspiradora CleanPro,Hogar,CleanPro,Norte,Marketplace,Tarjeta crédito,1,3299,5,3134.05
ORD-02225,05/03/2026,C-0747,Tablet Go 10,Electrónica,Nova,Centro,App,Transferencia,1,6299,0,6299
ORD-02245,05/03/2026,C-0465,Smartwatch FitGo,Deportes,FitGo,Sur,App,PayPal,1,2299,10,2069.1
ORD-02379,05/03/2026,C-0047,Cafetera HomeBrew,Hogar,HomePlus,Centro,App,Tarjeta débito,2,1799,0,3598
ORD-02503,05/03/2026,C-0166,Cafetera HomeBrew,Hogar,HomePlus,Centro,Marketplace,Tarjeta crédito,1,1799,5,1709.05
ORD-02516,05/03/2026,C-0888,Laptop Nova 14,Electrónica,Nova,Centro,Web,Transferencia,1,18999,5,18049.05
ORD-02579,05/03/2026,C-0901,Cafetera HomeBrew,Hogar,HomePlus,Centro,Web,Tarjeta débito,1,1799,5,1709.05
ORD-02587,05/03/2026,C-0155,Mochila Training,Deportes,Move,Sur,Web,Tarjeta débito,2,899,5,1708.1
ORD-02595,05/03/2026,C-0009,Licuadora MixPlus,Hogar,HomePlus,Sur,App,Tarjeta débito,1,1199,20,959.2
ORD-02623,05/03/2026,C-0167,Tenis Casual Street,Moda,Urban Co.,Norte,Web,Tarjeta débito,2,1399,5,2658.1
ORD-02695,05/03/2026,C-0163,Smartphone X1,Electrónica,Nova,Sur,Marketplace,Tarjeta débito,1,8999,0,8999
ORD-02717,05/03/2026,C-0487,Muñeca Adventure,Juguetes,PlayBox,Sur,App,Tarjeta débito,2,649,5,1233.1
ORD-02730,05/03/2026,C-0189,Licuadora MixPlus,Hogar,HomePlus,Sur,App,Tarjeta crédito,2,1199,10,2158.2
ORD-02739,05/03/2026,C-0320,Chamarra Urban,Moda,Urban Co.,Centro,Web,Tarjeta crédito,1,1599,0,1599
ORD-02781,05/03/2026,C-0430,Auto Control Remoto,Juguetes,FunTech,Centro,Marketplace,PayPal,1,999,0,999
ORD-02814,05/03/2026,C-0732,Tablet Go 10,Electrónica,Nova,Centro,Marketplace,Tarjeta crédito,2,6299,10,11338.2
ORD-02915,05/03/2026,C-0801,Tenis Casual Street,Moda,Urban Co.,Occidente,Web,Tarjeta crédito,2,1399,5,2658.1
ORD-02943,05/03/2026,C-0645,Muñeca Adventure,Juguetes,PlayBox,Norte,Web,Tarjeta débito,1,649,0,649
ORD-02949,05/03/2026,C-0468,Licuadora MixPlus,Hogar,HomePlus,Centro,Web,Tarjeta crédito,1,1199,0,1199
ORD-02953,05/03/2026,C-0093,Muñeca Adventure,Juguetes,PlayBox,Centro,App,Tarjeta crédito,1,649,0,649
ORD-02954,05/03/2026,C-0584,Muñeca Adventure,Juguetes,PlayBox,Sureste,App,Tarjeta crédito,2,649,0,1298
ORD-02964,05/03/2026,C-0598,Mochila Training,Deportes,Move,Centro,Web,Tarjeta crédito,3,899,0,2697
ORD-02970,05/03/2026,C-0051,Smartwatch FitGo,Deportes,FitGo,Sureste,Web,Tarjeta crédito,1,2299,15,1954.15
ORD-00018,06/03/2026,C-0020,Licuadora MixPlus,Hogar,HomePlus,Occidente,App,Tarjeta débito,1,1199,0,1199
ORD-00091,06/03/2026,C-0300,Tablet Go 10,Electrónica,Nova,Centro,App,Tarjeta crédito,1,6299,0,6299
ORD-00093,06/03/2026,C-0504,Freidora AirCook,Hogar,KitchenLab,Sureste,Web,PayPal,1,2499,0,2499
ORD-00303,06/03/2026,C-0835,Muñeca Adventure,Juguetes,PlayBox,Centro,Web,Tarjeta crédito,1,649,0,649
ORD-00336,06/03/2026,C-0437,Chamarra Urban,Moda,Urban Co.,Sureste,App,Tarjeta débito,1,1599,5,1519.05
ORD-00361,06/03/2026,C-0136,Muñeca Adventure,Juguetes,PlayBox,Norte,Web,Transferencia,1,649,0,649
ORD-00397,06/03/2026,C-0463,Audífonos AirBeat,Electrónica,SoundPro,Norte,Web,Tarjeta crédito,2,1499,0,2998
ORD-00456,06/03/2026,C-0727,Audífonos AirBeat,Electrónica,SoundPro,Occidente,Web,Tarjeta crédito,1,1499,10,1349.1
ORD-00575,06/03/2026,C-0723,Mochila Training,Deportes,Move,Norte,App,Tarjeta crédito,1,899,0,899
ORD-00599,06/03/2026,C-0287,Aspiradora CleanPro,Hogar,CleanPro,Norte,Web,Tarjeta débito,2,3299,0,6598
ORD-00633,06/03/2026,C-0062,Audífonos AirBeat,Electrónica,SoundPro,Norte,App,Tarjeta crédito,2,1499,15,2548.3
ORD-00639,06/03/2026,C-0065,Licuadora MixPlus,Hogar,HomePlus,Sureste,App,Tarjeta crédito,1,1199,5,1139.05
ORD-00704,06/03/2026,C-0576,Audífonos AirBeat,Electrónica,SoundPro,Centro,Web,Tarjeta débito,1,1499,5,1424.05
ORD-00740,06/03/2026,C-0840,Sudadera Essential,Moda,BasicLab,Centro,Web,Tarjeta débito,1,999,5,949.05
ORD-00757,06/03/2026,C-0063,Cafetera HomeBrew,Hogar,HomePlus,Centro,Marketplace,PayPal,1,1799,10,1619.1
ORD-00795,06/03/2026,C-0812,Laptop Nova 14,Electrónica,Nova,Sureste,App,Tarjeta débito,1,18999,0,18999
ORD-00829,06/03/2026,C-0152,Sudadera Essential,Moda,BasicLab,Sur,Web,Tarjeta crédito,2,999,0,1998
ORD-00853,06/03/2026,C-0702,Smartwatch FitGo,Deportes,FitGo,Occidente,Marketplace,PayPal,1,2299,5,2184.05
ORD-00867,06/03/2026,C-0780,Muñeca Adventure,Juguetes,PlayBox,Sur,Marketplace,Tarjeta débito,1,649,5,616.55
ORD-00887,06/03/2026,C-0924,Audífonos AirBeat,Electrónica,SoundPro,Centro,Web,Tarjeta débito,1,1499,10,1349.1
ORD-00948,06/03/2026,C-0230,Licuadora MixPlus,Hogar,HomePlus,Norte,Web,Tarjeta crédito,1,1199,0,1199
ORD-01057,06/03/2026,C-0807,Smart TV 55,Electrónica,Vision,Sur,Marketplace,Tarjeta crédito,1,11999,5,11399.05
ORD-01064,06/03/2026,C-0275,Tenis Runner Pro,Deportes,Move,Norte,Web,Tarjeta débito,1,1899,10,1709.1
ORD-01096,06/03/2026,C-0401,Cafetera HomeBrew,Hogar,HomePlus,Centro,Web,Tarjeta crédito,1,1799,0,1799
ORD-01116,06/03/2026,C-0743,Audífonos AirBeat,Electrónica,SoundPro,Occidente,Marketplace,Transferencia,1,1499,0,1499
ORD-01117,06/03/2026,C-0460,Tenis Runner Pro,Deportes,Move,Sur,Web,Tarjeta crédito,1,1899,0,1899
ORD-01165,06/03/2026,C-0824,Freidora AirCook,Hogar,KitchenLab,Occidente,App,Tarjeta débito,1,2499,15,2124.15
ORD-01183,06/03/2026,C-0549,Bicicleta Urban 21,Deportes,Move,Norte,Web,Tarjeta crédito,1,7499,0,7499
ORD-01196,06/03/2026,C-0011,Muñeca Adventure,Juguetes,PlayBox,Occidente,Web,Tarjeta crédito,2,649,15,1103.3
ORD-01241,06/03/2026,C-0167,Sudadera Essential,Moda,BasicLab,Centro,App,Tarjeta débito,1,999,5,949.05
ORD-01265,06/03/2026,C-0740,Audífonos AirBeat,Electrónica,SoundPro,Norte,Web,Tarjeta débito,1,1499,15,1274.15
ORD-01288,06/03/2026,C-0358,Cafetera HomeBrew,Hogar,HomePlus,Occidente,Marketplace,Tarjeta crédito,1,1799,10,1619.1
ORD-01324,06/03/2026,C-0356,Laptop Nova 14,Electrónica,Nova,Occidente,App,PayPal,1,18999,0,18999
ORD-01329,06/03/2026,C-0813,Smart TV 55,Electrónica,Vision,Centro,Marketplace,Tarjeta débito,1,11999,15,10199.15
ORD-01347,06/03/2026,C-0599,Cafetera HomeBrew,Hogar,HomePlus,Sureste,App,Tarjeta crédito,1,1799,0,1799
ORD-01363,06/03/2026,C-0014,Chamarra Urban,Moda,Urban Co.,Centro,Web,Tarjeta crédito,1,1599,15,1359.15
ORD-01381,06/03/2026,C-0205,Smartwatch FitGo,Deportes,FitGo,Occidente,App,Tarjeta crédito,1,2299,5,2184.05
ORD-01393,06/03/2026,C-0880,Tenis Runner Pro,Deportes,Move,Sur,Marketplace,Tarjeta débito,1,1899,10,1709.1
ORD-01473,06/03/2026,C-0007,Tenis Runner Pro,Deportes,Move,Centro,Marketplace,Transferencia,2,1899,5,3608.1
ORD-01537,06/03/2026,C-0121,Tenis Runner Pro,Deportes,Move,Occidente,Marketplace,Transferencia,1,1899,0,1899
ORD-01539,06/03/2026,C-0654,Jeans Classic,Moda,Urban Co.,Centro,App,Tarjeta crédito,1,899,0,899
ORD-01547,06/03/2026,C-0923,Chamarra Urban,Moda,Urban Co.,Norte,App,Tarjeta crédito,1,1599,5,1519.05
ORD-01557,06/03/2026,C-0685,Laptop Nova 14,Electrónica,Nova,Norte,App,Tarjeta débito,2,18999,5,36098.1
ORD-01565,06/03/2026,C-0687,Sudadera Essential,Moda,BasicLab,Centro,App,Tarjeta crédito,1,999,0,999
ORD-01589,06/03/2026,C-0223,Smart TV 55,Electrónica,Vision,Sur,Marketplace,Transferencia,1,11999,5,11399.05
ORD-01593,06/03/2026,C-0194,Tenis Runner Pro,Deportes,Move,Occidente,Web,Tarjeta débito,1,1899,0,1899
ORD-01613,06/03/2026,C-0212,Tenis Runner Pro,Deportes,Move,Norte,Web,Tarjeta débito,1,1899,0,1899
ORD-01618,06/03/2026,C-0042,Sudadera Essential,Moda,BasicLab,Occidente,App,Tarjeta crédito,1,999,5,949.05
ORD-01649,06/03/2026,C-0443,Aspiradora CleanPro,Hogar,CleanPro,Occidente,Web,Tarjeta débito,2,3299,5,6268.1
ORD-01668,06/03/2026,C-0488,Tenis Runner Pro,Deportes,Move,Centro,Web,Tarjeta crédito,1,1899,0,1899
ORD-01682,06/03/2026,C-0228,Auto Control Remoto,Juguetes,FunTech,Norte,Marketplace,Transferencia,2,999,0,1998
ORD-01711,06/03/2026,C-0574,Audífonos AirBeat,Electrónica,SoundPro,Norte,Web,Tarjeta débito,1,1499,15,1274.15
ORD-01718,06/03/2026,C-0765,Smart TV 55,Electrónica,Vision,Sur,App,Tarjeta débito,3,11999,15,30597.45
ORD-01732,06/03/2026,C-0233,Aspiradora CleanPro,Hogar,CleanPro,Occidente,Marketplace,Tarjeta débito,1,3299,0,3299
ORD-01737,06/03/2026,C-0839,Licuadora MixPlus,Hogar,HomePlus,Sureste,App,PayPal,1,1199,0,1199
ORD-01807,06/03/2026,C-0304,Smartphone X1,Electrónica,Nova,Sur,App,Tarjeta crédito,2,8999,0,17998
ORD-01855,06/03/2026,C-0382,Mochila Training,Deportes,Move,Centro,Web,Tarjeta débito,2,899,20,1438.4
ORD-01912,06/03/2026,C-0649,Smartwatch FitGo,Deportes,FitGo,Centro,App,Tarjeta crédito,1,2299,0,2299
ORD-01913,06/03/2026,C-0582,Tenis Casual Street,Moda,Urban Co.,Sureste,Marketplace,Tarjeta crédito,1,1399,0,1399
ORD-01935,06/03/2026,C-0054,Tenis Casual Street,Moda,Urban Co.,Centro,Web,Tarjeta débito,1,1399,0,1399
ORD-01938,06/03/2026,C-0547,Sudadera Essential,Moda,BasicLab,Occidente,App,Tarjeta débito,1,999,0,999
ORD-02024,06/03/2026,C-0698,Jeans Classic,Moda,Urban Co.,Sur,Marketplace,Tarjeta débito,1,899,0,899
ORD-02079,06/03/2026,C-0055,Aspiradora CleanPro,Hogar,CleanPro,Sur,Web,Tarjeta crédito,1,3299,10,2969.1
ORD-02090,06/03/2026,C-0387,Mochila Training,Deportes,Move,Centro,Marketplace,Transferencia,1,899,0,899
ORD-02120,06/03/2026,C-0640,Smartwatch FitGo,Deportes,FitGo,Norte,App,Tarjeta débito,1,2299,15,1954.15
ORD-02147,06/03/2026,C-0476,Jeans Classic,Moda,Urban Co.,Centro,Marketplace,Tarjeta crédito,2,899,0,1798
ORD-02166,06/03/2026,C-0709,Laptop Nova 14,Electrónica,Nova,Centro,Marketplace,PayPal,3,18999,10,51297.3
ORD-02177,06/03/2026,C-0258,Chamarra Urban,Moda,Urban Co.,Centro,App,PayPal,1,1599,0,1599
ORD-02214,06/03/2026,C-0221,Mochila Training,Deportes,Move,Occidente,Marketplace,Tarjeta débito,1,899,0,899
ORD-02300,06/03/2026,C-0737,Bicicleta Urban 21,Deportes,Move,Sureste,Marketplace,Tarjeta débito,1,7499,0,7499
ORD-02323,06/03/2026,C-0903,Audífonos AirBeat,Electrónica,SoundPro,Centro,Web,Tarjeta crédito,1,1499,10,1349.1
ORD-02330,06/03/2026,C-0234,Audífonos AirBeat,Electrónica,SoundPro,Centro,App,Tarjeta crédito,1,1499,10,1349.1
ORD-02338,06/03/2026,C-0075,Audífonos AirBeat,Electrónica,SoundPro,Centro,Marketplace,Tarjeta débito,1,1499,0,1499
ORD-02362,06/03/2026,C-0389,Licuadora MixPlus,Hogar,HomePlus,Centro,Marketplace,Tarjeta crédito,2,1199,0,2398
ORD-02373,06/03/2026,C-0919,Tenis Casual Street,Moda,Urban Co.,Norte,Web,Tarjeta crédito,2,1399,10,2518.2
ORD-02383,06/03/2026,C-0287,Tenis Runner Pro,Deportes,Move,Norte,Marketplace,Tarjeta débito,2,1899,15,3228.3
ORD-02431,06/03/2026,C-0048,Mochila Training,Deportes,Move,Centro,App,Tarjeta débito,1,899,0,899
ORD-02473,06/03/2026,C-0948,Audífonos AirBeat,Electrónica,SoundPro,Norte,Web,Tarjeta débito,1,1499,15,1274.15
ORD-02524,06/03/2026,C-0025,Bicicleta Urban 21,Deportes,Move,Centro,Web,Tarjeta crédito,1,7499,5,7124.05
ORD-02586,06/03/2026,C-0358,Aspiradora CleanPro,Hogar,CleanPro,Centro,Web,Tarjeta crédito,2,3299,0,6598
ORD-02594,06/03/2026,C-0729,Muñeca Adventure,Juguetes,PlayBox,Sur,Web,Tarjeta crédito,2,649,5,1233.1
ORD-02601,06/03/2026,C-0223,Smartphone X1,Electrónica,Nova,Centro,App,Tarjeta crédito,1,8999,0,8999
ORD-02618,06/03/2026,C-0273,Tenis Casual Street,Moda,Urban Co.,Centro,Marketplace,Tarjeta débito,1,1399,0,1399
ORD-02650,06/03/2026,C-0131,Tablet Go 10,Electrónica,Nova,Occidente,Marketplace,Tarjeta débito,1,6299,0,6299
ORD-02720,06/03/2026,C-0392,Chamarra Urban,Moda,Urban Co.,Norte,Web,PayPal,1,1599,0,1599
ORD-02767,06/03/2026,C-0249,Tenis Runner Pro,Deportes,Move,Centro,Web,Tarjeta crédito,1,1899,0,1899
ORD-02827,06/03/2026,C-0915,Audífonos AirBeat,Electrónica,SoundPro,Norte,App,Tarjeta crédito,3,1499,5,4272.15
ORD-02839,06/03/2026,C-0851,Jeans Classic,Moda,Urban Co.,Sureste,Web,Tarjeta crédito,2,899,10,1618.2
ORD-02843,06/03/2026,C-0563,Sudadera Essential,Moda,BasicLab,Centro,Web,Tarjeta crédito,1,999,15,849.15
ORD-02854,06/03/2026,C-0767,Freidora AirCook,Hogar,KitchenLab,Occidente,Web,Transferencia,1,2499,5,2374.05
ORD-02886,06/03/2026,C-0747,Audífonos AirBeat,Electrónica,SoundPro,Centro,Marketplace,Tarjeta crédito,1,1499,0,1499
ORD-02901,06/03/2026,C-0916,Smart TV 55,Electrónica,Vision,Norte,App,Tarjeta crédito,3,11999,0,35997
ORD-02905,06/03/2026,C-0509,Smartphone X1,Electrónica,Nova,Centro,Web,Tarjeta crédito,1,8999,10,8099.1
ORD-02929,06/03/2026,C-0830,Licuadora MixPlus,Hogar,HomePlus,Occidente,Marketplace,PayPal,1,1199,0,1199
ORD-02930,06/03/2026,C-0550,Smartwatch FitGo,Deportes,FitGo,Sur,App,Tarjeta débito,1,2299,5,2184.05
ORD-02933,06/03/2026,C-0704,Smartwatch FitGo,Deportes,FitGo,Norte,Web,Tarjeta crédito,1,2299,10,2069.1
ORD-02947,06/03/2026,C-0434,Muñeca Adventure,Juguetes,PlayBox,Occidente,App,Tarjeta crédito,1,649,0,649
ORD-00032,07/03/2026,C-0599,Smart TV 55,Electrónica,Vision,Sureste,App,Tarjeta débito,1,11999,10,10799.1
ORD-00045,07/03/2026,C-0636,Set Bloques Creativos,Juguetes,PlayBox,Occidente,App,Tarjeta crédito,2,799,5,1518.1
ORD-00089,07/03/2026,C-0757,Audífonos AirBeat,Electrónica,SoundPro,Centro,App,Transferencia,1,1499,5,1424.05
ORD-00097,07/03/2026,C-0161,Muñeca Adventure,Juguetes,PlayBox,Occidente,Web,Tarjeta crédito,1,649,0,649
ORD-00133,07/03/2026,C-0851,Freidora AirCook,Hogar,KitchenLab,Centro,App,Transferencia,2,2499,5,4748.1
ORD-00144,07/03/2026,C-0129,Audífonos AirBeat,Electrónica,SoundPro,Occidente,App,Tarjeta crédito,1,1499,10,1349.1
ORD-00145,07/03/2026,C-0337,Sudadera Essential,Moda,BasicLab,Centro,App,Tarjeta crédito,2,999,0,1998
ORD-00241,07/03/2026,C-0824,Jeans Classic,Moda,Urban Co.,Occidente,Web,Tarjeta crédito,1,899,0,899
ORD-00255,07/03/2026,C-0759,Tenis Runner Pro,Deportes,Move,Sur,Web,Tarjeta débito,1,1899,0,1899
ORD-00291,07/03/2026,C-0195,Chamarra Urban,Moda,Urban Co.,Norte,Marketplace,Tarjeta crédito,1,1599,15,1359.15
ORD-00325,07/03/2026,C-0473,Muñeca Adventure,Juguetes,PlayBox,Occidente,App,Tarjeta débito,3,649,5,1849.65
ORD-00326,07/03/2026,C-0419,Muñeca Adventure,Juguetes,PlayBox,Norte,Web,Tarjeta débito,2,649,10,1168.2
ORD-00338,07/03/2026,C-0721,Smartwatch FitGo,Deportes,FitGo,Norte,Web,Tarjeta crédito,1,2299,0,2299
ORD-00345,07/03/2026,C-0426,Tenis Runner Pro,Deportes,Move,Sur,Marketplace,Tarjeta débito,1,1899,0,1899
ORD-00349,07/03/2026,C-0034,Freidora AirCook,Hogar,KitchenLab,Sureste,Web,PayPal,1,2499,10,2249.1
ORD-00352,07/03/2026,C-0721,Tablet Go 10,Electrónica,Nova,Sur,App,Tarjeta débito,1,6299,5,5984.05
ORD-00368,07/03/2026,C-0089,Licuadora MixPlus,Hogar,HomePlus,Occidente,Web,Tarjeta crédito,2,1199,5,2278.1
ORD-00375,07/03/2026,C-0514,Laptop Nova 14,Electrónica,Nova,Centro,Web,PayPal,1,18999,5,18049.05
ORD-00414,07/03/2026,C-0039,Mochila Training,Deportes,Move,Sur,Marketplace,Transferencia,1,899,5,854.05
ORD-00521,07/03/2026,C-0527,Jeans Classic,Moda,Urban Co.,Centro,Web,Tarjeta débito,1,899,0,899
ORD-00550,07/03/2026,C-0794,Sudadera Essential,Moda,BasicLab,Sureste,App,Tarjeta débito,1,999,20,799.2
ORD-00642,07/03/2026,C-0502,Tenis Casual Street,Moda,Urban Co.,Centro,Web,Tarjeta crédito,1,1399,5,1329.05
ORD-00651,07/03/2026,C-0407,Mochila Training,Deportes,Move,Norte,App,PayPal,1,899,0,899
ORD-00653,07/03/2026,C-0567,Auto Control Remoto,Juguetes,FunTech,Sur,Web,PayPal,1,999,5,949.05
ORD-00669,07/03/2026,C-0145,Jeans Classic,Moda,Urban Co.,Centro,App,Tarjeta crédito,2,899,0,1798
ORD-00701,07/03/2026,C-0251,Tenis Runner Pro,Deportes,Move,Occidente,App,Tarjeta crédito,1,1899,0,1899
ORD-00726,07/03/2026,C-0162,Aspiradora CleanPro,Hogar,CleanPro,Centro,App,PayPal,1,3299,5,3134.05
ORD-00776,07/03/2026,C-0224,Auto Control Remoto,Juguetes,FunTech,Occidente,Web,Tarjeta débito,2,999,0,1998
ORD-00783,07/03/2026,C-0918,Cafetera HomeBrew,Hogar,HomePlus,Centro,Web,Tarjeta crédito,1,1799,0,1799
ORD-00791,07/03/2026,C-0701,Smartphone X1,Electrónica,Nova,Norte,Marketplace,Transferencia,1,8999,5,8549.05
ORD-00865,07/03/2026,C-0743,Laptop Nova 14,Electrónica,Nova,Occidente,Marketplace,Tarjeta crédito,1,18999,10,17099.1
ORD-00866,07/03/2026,C-0690,Audífonos AirBeat,Electrónica,SoundPro,Sureste,Marketplace,Tarjeta débito,1,1499,5,1424.05
ORD-00891,07/03/2026,C-0761,Tenis Casual Street,Moda,Urban Co.,Centro,Web,Transferencia,1,1399,0,1399
ORD-00897,07/03/2026,C-0446,Smartphone X1,Electrónica,Nova,Norte,Web,Tarjeta crédito,1,8999,5,8549.05
ORD-00955,07/03/2026,C-0548,Sudadera Essential,Moda,BasicLab,Centro,App,Tarjeta débito,1,999,10,899.1
ORD-00959,07/03/2026,C-0552,Tenis Casual Street,Moda,Urban Co.,Norte,Web,Tarjeta crédito,2,1399,10,2518.2
ORD-01017,07/03/2026,C-0434,Bicicleta Urban 21,Deportes,Move,Sur,Web,Tarjeta débito,1,7499,0,7499
ORD-01031,07/03/2026,C-0132,Audífonos AirBeat,Electrónica,SoundPro,Occidente,App,Tarjeta débito,1,1499,5,1424.05
ORD-01066,07/03/2026,C-0564,Tablet Go 10,Electrónica,Nova,Centro,Marketplace,Tarjeta débito,1,6299,15,5354.15
ORD-01080,07/03/2026,C-0463,Auto Control Remoto,Juguetes,FunTech,Sureste,Web,Tarjeta crédito,1,999,0,999
ORD-01082,07/03/2026,C-0072,Laptop Nova 14,Electrónica,Nova,Centro,Marketplace,Tarjeta crédito,1,18999,0,18999
ORD-01094,07/03/2026,C-0767,Licuadora MixPlus,Hogar,HomePlus,Norte,Web,Tarjeta crédito,1,1199,15,1019.15
ORD-01118,07/03/2026,C-0172,Auto Control Remoto,Juguetes,FunTech,Centro,App,Tarjeta crédito,1,999,20,799.2
ORD-01122,07/03/2026,C-0504,Jeans Classic,Moda,Urban Co.,Centro,Web,Tarjeta crédito,2,899,5,1708.1
ORD-01132,07/03/2026,C-0002,Cafetera HomeBrew,Hogar,HomePlus,Sureste,Web,Tarjeta crédito,2,1799,20,2878.4
ORD-01206,07/03/2026,C-0160,Freidora AirCook,Hogar,KitchenLab,Centro,App,Tarjeta crédito,1,2499,0,2499
ORD-01209,07/03/2026,C-0033,Tenis Casual Street,Moda,Urban Co.,Centro,Web,Tarjeta crédito,1,1399,0,1399
ORD-01210,07/03/2026,C-0508,Audífonos AirBeat,Electrónica,SoundPro,Sureste,Marketplace,Transferencia,1,1499,0,1499
ORD-01231,07/03/2026,C-0810,Smartwatch FitGo,Deportes,FitGo,Centro,Web,Tarjeta crédito,2,2299,5,4368.1
ORD-01273,07/03/2026,C-0579,Set Bloques Creativos,Juguetes,PlayBox,Occidente,App,Tarjeta crédito,3,799,0,2397
ORD-01301,07/03/2026,C-0222,Audífonos AirBeat,Electrónica,SoundPro,Sur,Web,Tarjeta débito,1,1499,10,1349.1
ORD-01309,07/03/2026,C-0930,Licuadora MixPlus,Hogar,HomePlus,Sur,Marketplace,Tarjeta crédito,1,1199,10,1079.1
ORD-01354,07/03/2026,C-0105,Sudadera Essential,Moda,BasicLab,Centro,Web,Tarjeta débito,1,999,15,849.15
ORD-01358,07/03/2026,C-0698,Smart TV 55,Electrónica,Vision,Norte,App,Tarjeta débito,1,11999,0,11999
ORD-01409,07/03/2026,C-0144,Sudadera Essential,Moda,BasicLab,Centro,Web,Transferencia,1,999,0,999
ORD-01479,07/03/2026,C-0009,Tenis Runner Pro,Deportes,Move,Sur,App,PayPal,1,1899,0,1899
ORD-01488,07/03/2026,C-0326,Cafetera HomeBrew,Hogar,HomePlus,Sureste,App,Tarjeta crédito,1,1799,10,1619.1
ORD-01513,07/03/2026,C-0537,Tenis Runner Pro,Deportes,Move,Sureste,Marketplace,Tarjeta débito,1,1899,10,1709.1
ORD-01515,07/03/2026,C-0161,Chamarra Urban,Moda,Urban Co.,Occidente,App,Tarjeta crédito,1,1599,0,1599
ORD-01518,07/03/2026,C-0105,Bicicleta Urban 21,Deportes,Move,Centro,Web,PayPal,1,7499,0,7499
ORD-01524,07/03/2026,C-0574,Smartwatch FitGo,Deportes,FitGo,Sureste,Marketplace,PayPal,2,2299,10,4138.2
ORD-01569,07/03/2026,C-0041,Smartwatch FitGo,Deportes,FitGo,Occidente,App,PayPal,1,2299,0,2299
ORD-01598,07/03/2026,C-0182,Set Bloques Creativos,Juguetes,PlayBox,Occidente,App,Tarjeta débito,1,799,0,799
ORD-01643,07/03/2026,C-0123,Licuadora MixPlus,Hogar,HomePlus,Occidente,App,Tarjeta crédito,1,1199,10,1079.1
ORD-01655,07/03/2026,C-0385,Muñeca Adventure,Juguetes,PlayBox,Sur,Web,PayPal,1,649,15,551.65
ORD-01658,07/03/2026,C-0196,Audífonos AirBeat,Electrónica,SoundPro,Centro,App,Tarjeta débito,1,1499,10,1349.1
ORD-01683,07/03/2026,C-0538,Sudadera Essential,Moda,BasicLab,Sur,Web,Tarjeta débito,2,999,0,1998
ORD-01686,07/03/2026,C-0432,Freidora AirCook,Hogar,KitchenLab,Centro,Marketplace,Transferencia,2,2499,0,4998
ORD-01690,07/03/2026,C-0412,Licuadora MixPlus,Hogar,HomePlus,Centro,Web,Tarjeta crédito,1,1199,15,1019.15
ORD-01707,07/03/2026,C-0800,Sudadera Essential,Moda,BasicLab,Occidente,Marketplace,Tarjeta débito,2,999,10,1798.2
ORD-01710,07/03/2026,C-0773,Jeans Classic,Moda,Urban Co.,Centro,App,Tarjeta crédito,2,899,10,1618.2
ORD-01747,07/03/2026,C-0657,Tenis Casual Street,Moda,Urban Co.,Sureste,Web,Tarjeta débito,1,1399,15,1189.15
ORD-01750,07/03/2026,C-0209,Smartphone X1,Electrónica,Nova,Centro,Marketplace,PayPal,1,8999,10,8099.1
ORD-01760,07/03/2026,C-0854,Tenis Casual Street,Moda,Urban Co.,Centro,Marketplace,Tarjeta débito,1,1399,0,1399
ORD-01791,07/03/2026,C-0618,Auto Control Remoto,Juguetes,FunTech,Sureste,Web,Tarjeta débito,1,999,15,849.15
ORD-01806,07/03/2026,C-0780,Smart TV 55,Electrónica,Vision,Centro,Marketplace,Tarjeta débito,1,11999,0,11999
ORD-01830,07/03/2026,C-0752,Set Bloques Creativos,Juguetes,PlayBox,Sur,App,Transferencia,1,799,5,759.05
ORD-01851,07/03/2026,C-0512,Tenis Casual Street,Moda,Urban Co.,Occidente,Web,Tarjeta crédito,1,1399,0,1399
ORD-01915,07/03/2026,C-0841,Laptop Nova 14,Electrónica,Nova,Sur,Web,Tarjeta débito,1,18999,15,16149.15
ORD-01952,07/03/2026,C-0576,Licuadora MixPlus,Hogar,HomePlus,Centro,App,Tarjeta crédito,2,1199,0,2398
ORD-01997,07/03/2026,C-0399,Auto Control Remoto,Juguetes,FunTech,Occidente,App,PayPal,2,999,10,1798.2
ORD-02052,07/03/2026,C-0590,Tenis Runner Pro,Deportes,Move,Sur,Marketplace,Tarjeta crédito,1,1899,5,1804.05
ORD-02055,07/03/2026,C-0634,Jeans Classic,Moda,Urban Co.,Sur,Web,Tarjeta crédito,1,899,0,899
ORD-02097,07/03/2026,C-0660,Smartwatch FitGo,Deportes,FitGo,Centro,Web,Tarjeta débito,1,2299,0,2299
ORD-02134,07/03/2026,C-0864,Audífonos AirBeat,Electrónica,SoundPro,Sur,Web,Tarjeta crédito,1,1499,15,1274.15
ORD-02138,07/03/2026,C-0875,Licuadora MixPlus,Hogar,HomePlus,Centro,App,PayPal,3,1199,0,3597
ORD-02146,07/03/2026,C-0367,Cafetera HomeBrew,Hogar,HomePlus,Centro,App,Tarjeta crédito,3,1799,0,5397
ORD-02186,07/03/2026,C-0077,Tablet Go 10,Electrónica,Nova,Centro,App,PayPal,2,6299,15,10708.3
ORD-02208,07/03/2026,C-0061,Smartphone X1,Electrónica,Nova,Occidente,Marketplace,Tarjeta débito,1,8999,5,8549.05
ORD-02247,07/03/2026,C-0145,Muñeca Adventure,Juguetes,PlayBox,Sur,Web,Tarjeta crédito,1,649,10,584.1
ORD-02435,07/03/2026,C-0176,Laptop Nova 14,Electrónica,Nova,Norte,Marketplace,Tarjeta crédito,2,18999,10,34198.2
ORD-02471,07/03/2026,C-0403,Aspiradora CleanPro,Hogar,CleanPro,Norte,Web,Tarjeta crédito,2,3299,0,6598
ORD-02492,07/03/2026,C-0929,Smart TV 55,Electrónica,Vision,Norte,Web,Tarjeta débito,1,11999,5,11399.05
ORD-02515,07/03/2026,C-0823,Smartwatch FitGo,Deportes,FitGo,Occidente,App,Tarjeta débito,1,2299,10,2069.1
ORD-02528,07/03/2026,C-0034,Freidora AirCook,Hogar,KitchenLab,Norte,Web,Tarjeta débito,2,2499,0,4998
ORD-02558,07/03/2026,C-0138,Audífonos AirBeat,Electrónica,SoundPro,Centro,Marketplace,Tarjeta débito,1,1499,0,1499
ORD-02676,07/03/2026,C-0337,Mochila Training,Deportes,Move,Occidente,Marketplace,Tarjeta débito,1,899,0,899
ORD-02679,07/03/2026,C-0117,Smart TV 55,Electrónica,Vision,Occidente,Web,Tarjeta débito,2,11999,10,21598.2
ORD-02689,07/03/2026,C-0806,Audífonos AirBeat,Electrónica,SoundPro,Occidente,Web,Tarjeta crédito,1,1499,0,1499
ORD-02690,07/03/2026,C-0522,Mochila Training,Deportes,Move,Norte,Web,Transferencia,1,899,0,899
ORD-02747,07/03/2026,C-0762,Tablet Go 10,Electrónica,Nova,Centro,Web,Tarjeta débito,2,6299,0,12598
ORD-02785,07/03/2026,C-0440,Tenis Runner Pro,Deportes,Move,Occidente,Web,Tarjeta crédito,2,1899,0,3798
ORD-02830,07/03/2026,C-0619,Muñeca Adventure,Juguetes,PlayBox,Sur,Marketplace,Tarjeta crédito,1,649,0,649
ORD-02846,07/03/2026,C-0299,Licuadora MixPlus,Hogar,HomePlus,Norte,App,PayPal,3,1199,5,3417.15
ORD-02847,07/03/2026,C-0230,Smartwatch FitGo,Deportes,FitGo,Centro,Marketplace,Tarjeta crédito,1,2299,15,1954.15
ORD-02874,07/03/2026,C-0011,Cafetera HomeBrew,Hogar,HomePlus,Centro,Web,Tarjeta crédito,1,1799,0,1799
ORD-02885,07/03/2026,C-0402,Cafetera HomeBrew,Hogar,HomePlus,Sur,App,Tarjeta crédito,2,1799,0,3598
ORD-02900,07/03/2026,C-0767,Audífonos AirBeat,Electrónica,SoundPro,Occidente,Web,Tarjeta crédito,1,1499,10,1349.1
ORD-02965,07/03/2026,C-0674,Licuadora MixPlus,Hogar,HomePlus,Sureste,Web,Transferencia,3,1199,15,3057.45
ORD-02986,07/03/2026,C-0318,Tenis Runner Pro,Deportes,Move,Norte,Web,PayPal,2,1899,10,3418.2
ORD-00013,08/03/2026,C-0157,Licuadora MixPlus,Hogar,HomePlus,Sureste,Web,Tarjeta débito,2,1199,10,2158.2
ORD-00038,08/03/2026,C-0827,Smartphone X1,Electrónica,Nova,Norte,Web,PayPal,1,8999,10,8099.1
ORD-00079,08/03/2026,C-0580,Tenis Casual Street,Moda,Urban Co.,Centro,App,PayPal,1,1399,5,1329.05
ORD-00122,08/03/2026,C-0455,Cafetera HomeBrew,Hogar,HomePlus,Sur,Web,Tarjeta crédito,2,1799,5,3418.1
ORD-00191,08/03/2026,C-0585,Tablet Go 10,Electrónica,Nova,Centro,Marketplace,Tarjeta débito,1,6299,10,5669.1
ORD-00196,08/03/2026,C-0732,Tenis Runner Pro,Deportes,Move,Norte,Web,Tarjeta crédito,1,1899,0,1899
ORD-00256,08/03/2026,C-0339,Smartwatch FitGo,Deportes,FitGo,Centro,Marketplace,Tarjeta crédito,1,2299,0,2299
ORD-00267,08/03/2026,C-0917,Licuadora MixPlus,Hogar,HomePlus,Centro,Web,Tarjeta crédito,1,1199,0,1199
ORD-00337,08/03/2026,C-0756,Muñeca Adventure,Juguetes,PlayBox,Sur,App,Tarjeta crédito,1,649,5,616.55
ORD-00386,08/03/2026,C-0382,Bicicleta Urban 21,Deportes,Move,Norte,Web,Tarjeta débito,1,7499,0,7499
ORD-00411,08/03/2026,C-0225,Tablet Go 10,Electrónica,Nova,Centro,Marketplace,Transferencia,4,6299,0,25196
ORD-00415,08/03/2026,C-0826,Audífonos AirBeat,Electrónica,SoundPro,Occidente,Web,Tarjeta débito,1,1499,0,1499
ORD-00466,08/03/2026,C-0302,Tablet Go 10,Electrónica,Nova,Sur,Web,PayPal,1,6299,0,6299
ORD-00497,08/03/2026,C-0837,Tenis Runner Pro,Deportes,Move,Norte,Web,Tarjeta débito,1,1899,5,1804.05
ORD-00589,08/03/2026,C-0270,Chamarra Urban,Moda,Urban Co.,Sur,Web,Tarjeta crédito,1,1599,5,1519.05
ORD-00655,08/03/2026,C-0752,Set Bloques Creativos,Juguetes,PlayBox,Centro,Marketplace,Tarjeta crédito,2,799,0,1598
ORD-00664,08/03/2026,C-0688,Tenis Runner Pro,Deportes,Move,Centro,App,Tarjeta crédito,1,1899,15,1614.15
ORD-00677,08/03/2026,C-0695,Muñeca Adventure,Juguetes,PlayBox,Centro,Marketplace,Tarjeta débito,1,649,0,649
ORD-00720,08/03/2026,C-0384,Tenis Runner Pro,Deportes,Move,Norte,Marketplace,Tarjeta crédito,1,1899,5,1804.05
ORD-00733,08/03/2026,C-0188,Tenis Runner Pro,Deportes,Move,Sureste,Web,PayPal,1,1899,0,1899
ORD-00810,08/03/2026,C-0936,Jeans Classic,Moda,Urban Co.,Centro,Web,Tarjeta crédito,3,899,15,2292.45
ORD-00827,08/03/2026,C-0806,Tenis Casual Street,Moda,Urban Co.,Sur,App,Tarjeta crédito,1,1399,5,1329.05
ORD-00886,08/03/2026,C-0313,Smartphone X1,Electrónica,Nova,Centro,App,Tarjeta débito,1,8999,15,7649.15
ORD-00908,08/03/2026,C-0842,Tenis Runner Pro,Deportes,Move,Sureste,Marketplace,Transferencia,1,1899,0,1899
ORD-00926,08/03/2026,C-0011,Auto Control Remoto,Juguetes,FunTech,Occidente,Marketplace,Tarjeta crédito,1,999,5,949.05
ORD-01014,08/03/2026,C-0476,Smartwatch FitGo,Deportes,FitGo,Norte,App,Tarjeta crédito,1,2299,0,2299
ORD-01016,08/03/2026,C-0867,Chamarra Urban,Moda,Urban Co.,Sur,App,Tarjeta crédito,1,1599,5,1519.05
ORD-01029,08/03/2026,C-0724,Sudadera Essential,Moda,BasicLab,Centro,App,Tarjeta crédito,2,999,0,1998
ORD-01039,08/03/2026,C-0814,Tenis Casual Street,Moda,Urban Co.,Centro,Web,Tarjeta crédito,1,1399,0,1399
ORD-01100,08/03/2026,C-0346,Smart TV 55,Electrónica,Vision,Norte,Web,Tarjeta crédito,3,11999,0,35997
ORD-01113,08/03/2026,C-0681,Jeans Classic,Moda,Urban Co.,Sur,Web,Tarjeta crédito,2,899,5,1708.1
ORD-01137,08/03/2026,C-0008,Smartphone X1,Electrónica,Nova,Norte,App,Tarjeta crédito,2,8999,0,17998
ORD-01186,08/03/2026,C-0656,Auto Control Remoto,Juguetes,FunTech,Centro,Web,Tarjeta crédito,1,999,5,949.05
ORD-01188,08/03/2026,C-0314,Auto Control Remoto,Juguetes,FunTech,Norte,Web,Transferencia,2,999,0,1998
ORD-01193,08/03/2026,C-0480,Jeans Classic,Moda,Urban Co.,Occidente,Web,Tarjeta débito,1,899,0,899
ORD-01213,08/03/2026,C-0492,Sudadera Essential,Moda,BasicLab,Centro,Marketplace,Tarjeta débito,1,999,5,949.05
ORD-01233,08/03/2026,C-0950,Audífonos AirBeat,Electrónica,SoundPro,Centro,Web,Tarjeta crédito,2,1499,0,2998
ORD-01319,08/03/2026,C-0789,Bicicleta Urban 21,Deportes,Move,Centro,App,Tarjeta crédito,2,7499,10,13498.2
ORD-01327,08/03/2026,C-0095,Aspiradora CleanPro,Hogar,CleanPro,Centro,App,Tarjeta crédito,1,3299,0,3299
ORD-01359,08/03/2026,C-0068,Smartphone X1,Electrónica,Nova,Sureste,Web,Tarjeta crédito,1,8999,0,8999
ORD-01405,08/03/2026,C-0945,Jeans Classic,Moda,Urban Co.,Centro,Marketplace,Tarjeta débito,3,899,0,2697
ORD-01427,08/03/2026,C-0079,Bicicleta Urban 21,Deportes,Move,Sureste,Web,Tarjeta crédito,1,7499,5,7124.05
ORD-01456,08/03/2026,C-0710,Tablet Go 10,Electrónica,Nova,Sur,Marketplace,Tarjeta crédito,3,6299,0,18897
ORD-01477,08/03/2026,C-0526,Jeans Classic,Moda,Urban Co.,Sur,Web,Tarjeta débito,1,899,0,899
ORD-01485,08/03/2026,C-0334,Cafetera HomeBrew,Hogar,HomePlus,Centro,Marketplace,PayPal,3,1799,0,5397
ORD-01542,08/03/2026,C-0451,Aspiradora CleanPro,Hogar,CleanPro,Sur,Web,Tarjeta crédito,1,3299,20,2639.2
ORD-01676,08/03/2026,C-0644,Tenis Casual Street,Moda,Urban Co.,Centro,Web,Tarjeta débito,1,1399,0,1399
ORD-01699,08/03/2026,C-0847,Sudadera Essential,Moda,BasicLab,Occidente,Web,Tarjeta débito,4,999,0,3996
ORD-01706,08/03/2026,C-0788,Auto Control Remoto,Juguetes,FunTech,Centro,App,Tarjeta crédito,1,999,5,949.05
ORD-01715,08/03/2026,C-0507,Aspiradora CleanPro,Hogar,CleanPro,Norte,Web,Tarjeta débito,1,3299,5,3134.05
ORD-01727,08/03/2026,C-0698,Cafetera HomeBrew,Hogar,HomePlus,Occidente,Marketplace,Transferencia,1,1799,0,1799
ORD-01781,08/03/2026,C-0628,Aspiradora CleanPro,Hogar,CleanPro,Sur,Web,Transferencia,3,3299,0,9897
ORD-01889,08/03/2026,C-0136,Tenis Casual Street,Moda,Urban Co.,Occidente,Marketplace,Transferencia,1,1399,0,1399
ORD-01895,08/03/2026,C-0523,Mochila Training,Deportes,Move,Centro,Web,PayPal,1,899,0,899
ORD-01920,08/03/2026,C-0243,Freidora AirCook,Hogar,KitchenLab,Centro,App,PayPal,1,2499,15,2124.15
ORD-01924,08/03/2026,C-0238,Audífonos AirBeat,Electrónica,SoundPro,Occidente,Web,PayPal,1,1499,10,1349.1
ORD-01937,08/03/2026,C-0276,Set Bloques Creativos,Juguetes,PlayBox,Centro,Marketplace,Tarjeta débito,2,799,0,1598
ORD-01939,08/03/2026,C-0513,Muñeca Adventure,Juguetes,PlayBox,Sur,Web,Tarjeta crédito,2,649,0,1298
ORD-01948,08/03/2026,C-0730,Cafetera HomeBrew,Hogar,HomePlus,Centro,Marketplace,Transferencia,1,1799,0,1799
ORD-01965,08/03/2026,C-0101,Audífonos AirBeat,Electrónica,SoundPro,Sur,Web,Transferencia,1,1499,0,1499
ORD-02018,08/03/2026,C-0082,Sudadera Essential,Moda,BasicLab,Centro,Web,PayPal,2,999,10,1798.2
ORD-02050,08/03/2026,C-0780,Aspiradora CleanPro,Hogar,CleanPro,Occidente,Web,Tarjeta crédito,2,3299,5,6268.1
ORD-02059,08/03/2026,C-0544,Audífonos AirBeat,Electrónica,SoundPro,Occidente,Web,Tarjeta débito,2,1499,10,2698.2
ORD-02068,08/03/2026,C-0650,Sudadera Essential,Moda,BasicLab,Occidente,Web,Tarjeta crédito,1,999,0,999
ORD-02080,08/03/2026,C-0018,Licuadora MixPlus,Hogar,HomePlus,Norte,Marketplace,Tarjeta débito,2,1199,5,2278.1
ORD-02084,08/03/2026,C-0275,Set Bloques Creativos,Juguetes,PlayBox,Occidente,Web,PayPal,1,799,5,759.05
ORD-02092,08/03/2026,C-0283,Laptop Nova 14,Electrónica,Nova,Sur,Web,Tarjeta débito,1,18999,5,18049.05
ORD-02098,08/03/2026,C-0769,Aspiradora CleanPro,Hogar,CleanPro,Centro,Web,Tarjeta crédito,1,3299,0,3299
ORD-02102,08/03/2026,C-0843,Muñeca Adventure,Juguetes,PlayBox,Occidente,Web,Tarjeta débito,2,649,0,1298
ORD-02179,08/03/2026,C-0401,Smart TV 55,Electrónica,Vision,Occidente,Web,Tarjeta débito,1,11999,5,11399.05
ORD-02180,08/03/2026,C-0349,Tenis Casual Street,Moda,Urban Co.,Sur,Web,Transferencia,3,1399,15,3567.45
ORD-02194,08/03/2026,C-0141,Licuadora MixPlus,Hogar,HomePlus,Sur,App,PayPal,1,1199,0,1199
ORD-02250,08/03/2026,C-0328,Laptop Nova 14,Electrónica,Nova,Centro,Marketplace,Tarjeta débito,1,18999,15,16149.15
ORD-02252,08/03/2026,C-0578,Cafetera HomeBrew,Hogar,HomePlus,Centro,Web,Tarjeta crédito,3,1799,15,4587.45
ORD-02274,08/03/2026,C-0528,Cafetera HomeBrew,Hogar,HomePlus,Sur,App,Tarjeta débito,1,1799,0,1799
ORD-02289,08/03/2026,C-0364,Smartwatch FitGo,Deportes,FitGo,Occidente,Web,PayPal,1,2299,10,2069.1
ORD-02291,08/03/2026,C-0880,Mochila Training,Deportes,Move,Norte,Web,Tarjeta crédito,1,899,15,764.15
ORD-02312,08/03/2026,C-0081,Auto Control Remoto,Juguetes,FunTech,Occidente,Web,Tarjeta débito,1,999,0,999
ORD-02314,08/03/2026,C-0382,Freidora AirCook,Hogar,KitchenLab,Norte,App,Tarjeta crédito,1,2499,5,2374.05
ORD-02352,08/03/2026,C-0116,Mochila Training,Deportes,Move,Occidente,Web,Tarjeta crédito,1,899,5,854.05
ORD-02385,08/03/2026,C-0814,Jeans Classic,Moda,Urban Co.,Centro,Marketplace,Tarjeta crédito,1,899,15,764.15
ORD-02400,08/03/2026,C-0937,Aspiradora CleanPro,Hogar,CleanPro,Norte,Marketplace,Transferencia,1,3299,15,2804.15
ORD-02467,08/03/2026,C-0081,Tablet Go 10,Electrónica,Nova,Centro,Web,PayPal,1,6299,10,5669.1
ORD-02478,08/03/2026,C-0908,Smartwatch FitGo,Deportes,FitGo,Sur,Web,Tarjeta crédito,2,2299,0,4598
ORD-02497,08/03/2026,C-0407,Sudadera Essential,Moda,BasicLab,Centro,Web,Tarjeta crédito,1,999,0,999
ORD-02509,08/03/2026,C-0125,Audífonos AirBeat,Electrónica,SoundPro,Centro,App,Tarjeta crédito,1,1499,5,1424.05
ORD-02529,08/03/2026,C-0279,Laptop Nova 14,Electrónica,Nova,Norte,App,Tarjeta débito,2,18999,0,37998
ORD-02576,08/03/2026,C-0364,Smartwatch FitGo,Deportes,FitGo,Occidente,Web,Tarjeta débito,1,2299,5,2184.05
ORD-02593,08/03/2026,C-0097,Tenis Casual Street,Moda,Urban Co.,Occidente,Web,PayPal,2,1399,0,2798
ORD-02624,08/03/2026,C-0306,Aspiradora CleanPro,Hogar,CleanPro,Occidente,App,Tarjeta débito,1,3299,0,3299
ORD-02629,08/03/2026,C-0596,Freidora AirCook,Hogar,KitchenLab,Centro,App,Transferencia,1,2499,0,2499
ORD-02634,08/03/2026,C-0043,Audífonos AirBeat,Electrónica,SoundPro,Centro,Marketplace,Tarjeta débito,1,1499,0,1499
ORD-02649,08/03/2026,C-0357,Tablet Go 10,Electrónica,Nova,Centro,App,Tarjeta crédito,1,6299,0,6299
ORD-02667,08/03/2026,C-0645,Auto Control Remoto,Juguetes,FunTech,Centro,Web,Tarjeta débito,2,999,5,1898.1
ORD-02693,08/03/2026,C-0582,Freidora AirCook,Hogar,KitchenLab,Centro,Web,Tarjeta crédito,1,2499,0,2499
ORD-02702,08/03/2026,C-0046,Jeans Classic,Moda,Urban Co.,Occidente,App,Transferencia,1,899,5,854.05
ORD-02710,08/03/2026,C-0239,Tablet Go 10,Electrónica,Nova,Centro,Web,Tarjeta débito,1,6299,0,6299
ORD-02786,08/03/2026,C-0184,Tablet Go 10,Electrónica,Nova,Norte,App,Tarjeta crédito,1,6299,10,5669.1
ORD-02816,08/03/2026,C-0780,Tenis Casual Street,Moda,Urban Co.,Centro,Web,Tarjeta crédito,1,1399,0,1399
ORD-02851,08/03/2026,C-0090,Jeans Classic,Moda,Urban Co.,Centro,App,Transferencia,1,899,0,899
ORD-02934,08/03/2026,C-0656,Muñeca Adventure,Juguetes,PlayBox,Sureste,Web,PayPal,1,649,15,551.65
ORD-02957,08/03/2026,C-0451,Licuadora MixPlus,Hogar,HomePlus,Occidente,Web,Tarjeta débito,1,1199,0,1199
ORD-02995,08/03/2026,C-0553,Laptop Nova 14,Electrónica,Nova,Sureste,Marketplace,Tarjeta débito,1,18999,0,18999
ORD-00012,09/03/2026,C-0598,Freidora AirCook,Hogar,KitchenLab,Centro,App,Tarjeta débito,1,2499,10,2249.1
ORD-00041,09/03/2026,C-0850,Smartwatch FitGo,Deportes,FitGo,Norte,Web,Transferencia,1,2299,0,2299
ORD-00051,09/03/2026,C-0747,Audífonos AirBeat,Electrónica,SoundPro,Centro,Marketplace,Tarjeta crédito,1,1499,0,1499
ORD-00083,09/03/2026,C-0769,Jeans Classic,Moda,Urban Co.,Norte,Web,Transferencia,1,899,0,899
ORD-00104,09/03/2026,C-0285,Chamarra Urban,Moda,Urban Co.,Occidente,App,Tarjeta crédito,1,1599,5,1519.05
ORD-00148,09/03/2026,C-0797,Laptop Nova 14,Electrónica,Nova,Centro,App,Tarjeta débito,1,18999,10,17099.1
ORD-00155,09/03/2026,C-0096,Aspiradora CleanPro,Hogar,CleanPro,Norte,Web,Transferencia,2,3299,0,6598
ORD-00167,09/03/2026,C-0546,Audífonos AirBeat,Electrónica,SoundPro,Centro,Web,Tarjeta débito,1,1499,0,1499
ORD-00210,09/03/2026,C-0559,Sudadera Essential,Moda,BasicLab,Sur,App,Tarjeta crédito,2,999,5,1898.1
ORD-00285,09/03/2026,C-0438,Freidora AirCook,Hogar,KitchenLab,Centro,Marketplace,PayPal,1,2499,15,2124.15
ORD-00348,09/03/2026,C-0737,Mochila Training,Deportes,Move,Sur,Marketplace,Tarjeta crédito,1,899,10,809.1
ORD-00398,09/03/2026,C-0618,Aspiradora CleanPro,Hogar,CleanPro,Sur,Web,PayPal,1,3299,0,3299
ORD-00400,09/03/2026,C-0564,Chamarra Urban,Moda,Urban Co.,Sur,Web,Transferencia,1,1599,10,1439.1
ORD-00407,09/03/2026,C-0822,Smartphone X1,Electrónica,Nova,Norte,Web,Tarjeta débito,1,8999,10,8099.1
ORD-00444,09/03/2026,C-0148,Set Bloques Creativos,Juguetes,PlayBox,Norte,App,Tarjeta débito,1,799,0,799
ORD-00446,09/03/2026,C-0504,Tenis Runner Pro,Deportes,Move,Sureste,Web,PayPal,1,1899,0,1899
ORD-00460,09/03/2026,C-0247,Tenis Casual Street,Moda,Urban Co.,Occidente,Marketplace,Tarjeta débito,1,1399,0,1399
ORD-00493,09/03/2026,C-0742,Smartphone X1,Electrónica,Nova,Occidente,Web,PayPal,2,8999,5,17098.1
ORD-00571,09/03/2026,C-0419,Freidora AirCook,Hogar,KitchenLab,Norte,Web,PayPal,2,2499,0,4998
ORD-00609,09/03/2026,C-0766,Cafetera HomeBrew,Hogar,HomePlus,Occidente,Web,PayPal,3,1799,10,4857.3
ORD-00615,09/03/2026,C-0468,Mochila Training,Deportes,Move,Occidente,Web,Transferencia,1,899,5,854.05
ORD-00702,09/03/2026,C-0669,Set Bloques Creativos,Juguetes,PlayBox,Occidente,App,PayPal,1,799,0,799
ORD-00709,09/03/2026,C-0533,Tenis Casual Street,Moda,Urban Co.,Occidente,Marketplace,Tarjeta crédito,1,1399,0,1399
ORD-00752,09/03/2026,C-0722,Jeans Classic,Moda,Urban Co.,Norte,App,Tarjeta crédito,1,899,20,719.2
ORD-00832,09/03/2026,C-0152,Audífonos AirBeat,Electrónica,SoundPro,Norte,Web,Tarjeta débito,3,1499,5,4272.15
ORD-00847,09/03/2026,C-0295,Laptop Nova 14,Electrónica,Nova,Centro,App,Tarjeta débito,1,18999,0,18999
ORD-00919,09/03/2026,C-0377,Jeans Classic,Moda,Urban Co.,Centro,App,Tarjeta crédito,1,899,0,899
ORD-00944,09/03/2026,C-0167,Audífonos AirBeat,Electrónica,SoundPro,Centro,Marketplace,PayPal,2,1499,0,2998
ORD-00996,09/03/2026,C-0750,Licuadora MixPlus,Hogar,HomePlus,Occidente,App,Transferencia,3,1199,5,3417.15
ORD-01069,09/03/2026,C-0660,Freidora AirCook,Hogar,KitchenLab,Occidente,Web,Tarjeta crédito,1,2499,10,2249.1
ORD-01070,09/03/2026,C-0202,Smartphone X1,Electrónica,Nova,Sureste,Web,Tarjeta crédito,1,8999,0,8999
ORD-01071,09/03/2026,C-0142,Chamarra Urban,Moda,Urban Co.,Centro,Marketplace,Tarjeta débito,1,1599,0,1599
ORD-01142,09/03/2026,C-0891,Tenis Casual Street,Moda,Urban Co.,Sureste,App,Tarjeta crédito,1,1399,0,1399
ORD-01150,09/03/2026,C-0140,Licuadora MixPlus,Hogar,HomePlus,Centro,Web,Tarjeta débito,1,1199,15,1019.15
ORD-01194,09/03/2026,C-0651,Tenis Runner Pro,Deportes,Move,Sureste,App,Tarjeta débito,1,1899,15,1614.15
ORD-01203,09/03/2026,C-0659,Tenis Runner Pro,Deportes,Move,Centro,App,Tarjeta débito,1,1899,0,1899
ORD-01207,09/03/2026,C-0832,Sudadera Essential,Moda,BasicLab,Centro,Web,Tarjeta crédito,1,999,0,999
ORD-01237,09/03/2026,C-0800,Jeans Classic,Moda,Urban Co.,Centro,Marketplace,Tarjeta débito,2,899,20,1438.4
ORD-01283,09/03/2026,C-0485,Audífonos AirBeat,Electrónica,SoundPro,Occidente,Web,Tarjeta crédito,1,1499,10,1349.1
ORD-01311,09/03/2026,C-0931,Set Bloques Creativos,Juguetes,PlayBox,Centro,Marketplace,Transferencia,1,799,5,759.05
ORD-01349,09/03/2026,C-0085,Chamarra Urban,Moda,Urban Co.,Norte,App,Tarjeta crédito,1,1599,0,1599
ORD-01360,09/03/2026,C-0752,Mochila Training,Deportes,Move,Centro,App,Tarjeta débito,1,899,0,899
ORD-01396,09/03/2026,C-0029,Licuadora MixPlus,Hogar,HomePlus,Norte,App,Tarjeta crédito,1,1199,0,1199
ORD-01408,09/03/2026,C-0542,Smart TV 55,Electrónica,Vision,Norte,App,Tarjeta crédito,1,11999,10,10799.1
ORD-01447,09/03/2026,C-0241,Auto Control Remoto,Juguetes,FunTech,Centro,Marketplace,PayPal,1,999,5,949.05
ORD-01529,09/03/2026,C-0059,Smartphone X1,Electrónica,Nova,Occidente,Web,Transferencia,1,8999,10,8099.1
ORD-01579,09/03/2026,C-0932,Muñeca Adventure,Juguetes,PlayBox,Sur,App,Tarjeta crédito,1,649,5,616.55
ORD-01614,09/03/2026,C-0584,Tablet Go 10,Electrónica,Nova,Occidente,App,Tarjeta crédito,1,6299,0,6299
ORD-01619,09/03/2026,C-0925,Auto Control Remoto,Juguetes,FunTech,Occidente,Web,Tarjeta crédito,1,999,10,899.1
ORD-01694,09/03/2026,C-0437,Aspiradora CleanPro,Hogar,CleanPro,Sureste,Web,PayPal,1,3299,0,3299
ORD-01756,09/03/2026,C-0679,Sudadera Essential,Moda,BasicLab,Occidente,App,Tarjeta crédito,1,999,5,949.05
ORD-01759,09/03/2026,C-0569,Tenis Casual Street,Moda,Urban Co.,Centro,Web,PayPal,3,1399,15,3567.45
ORD-01847,09/03/2026,C-0030,Jeans Classic,Moda,Urban Co.,Norte,Web,Tarjeta crédito,1,899,0,899
ORD-01908,09/03/2026,C-0950,Smartwatch FitGo,Deportes,FitGo,Occidente,Marketplace,PayPal,1,2299,5,2184.05
ORD-01910,09/03/2026,C-0822,Freidora AirCook,Hogar,KitchenLab,Occidente,App,Tarjeta crédito,2,2499,5,4748.1
ORD-01918,09/03/2026,C-0434,Tenis Casual Street,Moda,Urban Co.,Centro,App,Tarjeta crédito,2,1399,0,2798
ORD-01934,09/03/2026,C-0286,Mochila Training,Deportes,Move,Centro,Marketplace,Tarjeta débito,2,899,0,1798
ORD-01994,09/03/2026,C-0003,Cafetera HomeBrew,Hogar,HomePlus,Centro,Web,Tarjeta crédito,1,1799,10,1619.1
ORD-02025,09/03/2026,C-0441,Tenis Runner Pro,Deportes,Move,Occidente,App,PayPal,1,1899,0,1899
ORD-02034,09/03/2026,C-0854,Tenis Runner Pro,Deportes,Move,Norte,Web,Tarjeta débito,2,1899,0,3798
ORD-02044,09/03/2026,C-0366,Chamarra Urban,Moda,Urban Co.,Occidente,App,Tarjeta débito,1,1599,15,1359.15
ORD-02062,09/03/2026,C-0303,Cafetera HomeBrew,Hogar,HomePlus,Occidente,Marketplace,PayPal,1,1799,10,1619.1
ORD-02083,09/03/2026,C-0511,Jeans Classic,Moda,Urban Co.,Occidente,Web,PayPal,3,899,0,2697
ORD-02095,09/03/2026,C-0826,Tenis Casual Street,Moda,Urban Co.,Occidente,Marketplace,Tarjeta crédito,2,1399,10,2518.2
ORD-02135,09/03/2026,C-0279,Smart TV 55,Electrónica,Vision,Norte,Web,Tarjeta débito,2,11999,10,21598.2
ORD-02181,09/03/2026,C-0495,Licuadora MixPlus,Hogar,HomePlus,Centro,App,Tarjeta crédito,1,1199,5,1139.05
ORD-02188,09/03/2026,C-0301,Smartwatch FitGo,Deportes,FitGo,Sur,Web,Tarjeta crédito,1,2299,0,2299
ORD-02221,09/03/2026,C-0120,Mochila Training,Deportes,Move,Sur,App,Transferencia,1,899,0,899
ORD-02246,09/03/2026,C-0781,Audífonos AirBeat,Electrónica,SoundPro,Centro,Marketplace,Tarjeta débito,1,1499,5,1424.05
ORD-02257,09/03/2026,C-0530,Freidora AirCook,Hogar,KitchenLab,Sur,Web,Tarjeta crédito,1,2499,5,2374.05
ORD-02287,09/03/2026,C-0744,Sudadera Essential,Moda,BasicLab,Sur,App,Tarjeta débito,1,999,15,849.15
ORD-02303,09/03/2026,C-0297,Tenis Runner Pro,Deportes,Move,Centro,Web,Tarjeta crédito,1,1899,0,1899
ORD-02325,09/03/2026,C-0258,Smartphone X1,Electrónica,Nova,Occidente,Web,Tarjeta crédito,1,8999,20,7199.2
ORD-02344,09/03/2026,C-0846,Auto Control Remoto,Juguetes,FunTech,Centro,Marketplace,Transferencia,1,999,0,999
ORD-02393,09/03/2026,C-0813,Smartwatch FitGo,Deportes,FitGo,Sureste,App,Tarjeta crédito,3,2299,10,6207.3
ORD-02397,09/03/2026,C-0543,Licuadora MixPlus,Hogar,HomePlus,Occidente,Marketplace,Tarjeta crédito,1,1199,10,1079.1
ORD-02482,09/03/2026,C-0181,Muñeca Adventure,Juguetes,PlayBox,Centro,Web,PayPal,2,649,5,1233.1
ORD-02551,09/03/2026,C-0594,Cafetera HomeBrew,Hogar,HomePlus,Norte,App,Tarjeta crédito,1,1799,0,1799
ORD-02604,09/03/2026,C-0754,Auto Control Remoto,Juguetes,FunTech,Occidente,App,Tarjeta débito,1,999,5,949.05
ORD-02628,09/03/2026,C-0116,Cafetera HomeBrew,Hogar,HomePlus,Centro,App,PayPal,2,1799,10,3238.2
ORD-02668,09/03/2026,C-0707,Sudadera Essential,Moda,BasicLab,Sureste,Web,Tarjeta débito,2,999,5,1898.1
ORD-02708,09/03/2026,C-0516,Tenis Casual Street,Moda,Urban Co.,Sur,App,Tarjeta crédito,1,1399,0,1399
ORD-02744,09/03/2026,C-0541,Tenis Runner Pro,Deportes,Move,Norte,Marketplace,Tarjeta débito,1,1899,0,1899
ORD-02745,09/03/2026,C-0205,Freidora AirCook,Hogar,KitchenLab,Norte,Web,PayPal,4,2499,0,9996
ORD-02757,09/03/2026,C-0285,Smart TV 55,Electrónica,Vision,Sur,App,Tarjeta crédito,2,11999,0,23998
ORD-02784,09/03/2026,C-0628,Chamarra Urban,Moda,Urban Co.,Sur,App,Tarjeta crédito,1,1599,0,1599
ORD-02805,09/03/2026,C-0191,Audífonos AirBeat,Electrónica,SoundPro,Occidente,Web,PayPal,2,1499,0,2998
ORD-02824,09/03/2026,C-0741,Licuadora MixPlus,Hogar,HomePlus,Sur,App,Transferencia,1,1199,10,1079.1
ORD-02871,09/03/2026,C-0393,Tenis Casual Street,Moda,Urban Co.,Norte,Web,PayPal,1,1399,5,1329.05
ORD-02875,09/03/2026,C-0683,Aspiradora CleanPro,Hogar,CleanPro,Centro,App,Tarjeta crédito,1,3299,5,3134.05
ORD-02878,09/03/2026,C-0185,Jeans Classic,Moda,Urban Co.,Occidente,App,Tarjeta débito,1,899,5,854.05
ORD-02889,09/03/2026,C-0720,Tablet Go 10,Electrónica,Nova,Centro,App,Tarjeta crédito,1,6299,0,6299
ORD-02906,09/03/2026,C-0262,Audífonos AirBeat,Electrónica,SoundPro,Norte,App,PayPal,1,1499,5,1424.05
ORD-00007,10/03/2026,C-0855,Tablet Go 10,Electrónica,Nova,Sureste,Marketplace,PayPal,1,6299,0,6299
ORD-00031,10/03/2026,C-0159,Sudadera Essential,Moda,BasicLab,Norte,Marketplace,Transferencia,1,999,5,949.05
ORD-00123,10/03/2026,C-0150,Audífonos AirBeat,Electrónica,SoundPro,Sureste,Web,PayPal,1,1499,0,1499
ORD-00150,10/03/2026,C-0703,Chamarra Urban,Moda,Urban Co.,Norte,Marketplace,Tarjeta crédito,1,1599,0,1599
ORD-00184,10/03/2026,C-0318,Set Bloques Creativos,Juguetes,PlayBox,Sureste,App,Tarjeta crédito,3,799,5,2277.15
ORD-00201,10/03/2026,C-0088,Jeans Classic,Moda,Urban Co.,Norte,App,Tarjeta crédito,1,899,0,899
ORD-00207,10/03/2026,C-0196,Aspiradora CleanPro,Hogar,CleanPro,Occidente,Marketplace,Tarjeta débito,2,3299,0,6598
ORD-00234,10/03/2026,C-0834,Audífonos AirBeat,Electrónica,SoundPro,Sureste,Marketplace,Tarjeta crédito,2,1499,15,2548.3
ORD-00253,10/03/2026,C-0792,Jeans Classic,Moda,Urban Co.,Centro,App,Tarjeta crédito,2,899,20,1438.4
ORD-00254,10/03/2026,C-0766,Sudadera Essential,Moda,BasicLab,Centro,Marketplace,Tarjeta crédito,1,999,15,849.15
ORD-00287,10/03/2026,C-0725,Licuadora MixPlus,Hogar,HomePlus,Norte,App,Tarjeta débito,1,1199,10,1079.1
ORD-00320,10/03/2026,C-0609,Cafetera HomeBrew,Hogar,HomePlus,Norte,Web,Tarjeta crédito,1,1799,0,1799
ORD-00334,10/03/2026,C-0740,Audífonos AirBeat,Electrónica,SoundPro,Norte,App,Tarjeta débito,1,1499,0,1499
ORD-00347,10/03/2026,C-0116,Tablet Go 10,Electrónica,Nova,Centro,App,PayPal,1,6299,10,5669.1
ORD-00362,10/03/2026,C-0381,Set Bloques Creativos,Juguetes,PlayBox,Centro,Marketplace,Tarjeta crédito,1,799,5,759.05
ORD-00392,10/03/2026,C-0146,Jeans Classic,Moda,Urban Co.,Centro,App,Tarjeta crédito,1,899,0,899
ORD-00462,10/03/2026,C-0586,Bicicleta Urban 21,Deportes,Move,Centro,Web,Tarjeta crédito,1,7499,0,7499
ORD-00464,10/03/2026,C-0132,Licuadora MixPlus,Hogar,HomePlus,Sur,Marketplace,PayPal,1,1199,0,1199
ORD-00483,10/03/2026,C-0241,Chamarra Urban,Moda,Urban Co.,Centro,App,Transferencia,1,1599,5,1519.05
ORD-00524,10/03/2026,C-0226,Tenis Casual Street,Moda,Urban Co.,Norte,App,Tarjeta crédito,1,1399,10,1259.1
ORD-00607,10/03/2026,C-0432,Licuadora MixPlus,Hogar,HomePlus,Norte,Marketplace,PayPal,2,1199,5,2278.1
ORD-00646,10/03/2026,C-0395,Smartphone X1,Electrónica,Nova,Centro,Web,Tarjeta débito,1,8999,0,8999
ORD-00668,10/03/2026,C-0215,Tenis Casual Street,Moda,Urban Co.,Centro,App,Tarjeta crédito,1,1399,0,1399
ORD-00699,10/03/2026,C-0208,Freidora AirCook,Hogar,KitchenLab,Sur,Marketplace,Tarjeta crédito,2,2499,0,4998
ORD-00713,10/03/2026,C-0742,Smartphone X1,Electrónica,Nova,Norte,Web,Tarjeta crédito,1,8999,5,8549.05
ORD-00746,10/03/2026,C-0392,Audífonos AirBeat,Electrónica,SoundPro,Sur,Web,Tarjeta débito,1,1499,0,1499
ORD-00801,10/03/2026,C-0107,Bicicleta Urban 21,Deportes,Move,Centro,Web,Tarjeta débito,1,7499,15,6374.15
ORD-00814,10/03/2026,C-0475,Tenis Runner Pro,Deportes,Move,Centro,App,Tarjeta débito,3,1899,5,5412.15
ORD-00837,10/03/2026,C-0623,Mochila Training,Deportes,Move,Centro,App,Tarjeta crédito,1,899,0,899
ORD-00852,10/03/2026,C-0097,Smartphone X1,Electrónica,Nova,Occidente,Marketplace,Tarjeta débito,1,8999,10,8099.1
ORD-00884,10/03/2026,C-0760,Licuadora MixPlus,Hogar,HomePlus,Norte,Web,Tarjeta crédito,1,1199,10,1079.1
ORD-00890,10/03/2026,C-0861,Audífonos AirBeat,Electrónica,SoundPro,Norte,Web,Tarjeta débito,2,1499,10,2698.2
ORD-00958,10/03/2026,C-0193,Licuadora MixPlus,Hogar,HomePlus,Centro,Web,Tarjeta crédito,1,1199,10,1079.1
ORD-00960,10/03/2026,C-0757,Smart TV 55,Electrónica,Vision,Sur,Web,Tarjeta débito,2,11999,0,23998
ORD-01001,10/03/2026,C-0358,Muñeca Adventure,Juguetes,PlayBox,Sureste,Web,PayPal,1,649,0,649
ORD-01056,10/03/2026,C-0183,Smart TV 55,Electrónica,Vision,Centro,Marketplace,Tarjeta débito,1,11999,0,11999
ORD-01081,10/03/2026,C-0501,Bicicleta Urban 21,Deportes,Move,Centro,Web,Tarjeta débito,1,7499,0,7499
ORD-01205,10/03/2026,C-0104,Freidora AirCook,Hogar,KitchenLab,Norte,Web,PayPal,1,2499,0,2499
ORD-01285,10/03/2026,C-0866,Licuadora MixPlus,Hogar,HomePlus,Norte,Marketplace,Transferencia,1,1199,0,1199
ORD-01330,10/03/2026,C-0611,Sudadera Essential,Moda,BasicLab,Centro,Web,Tarjeta débito,1,999,0,999
ORD-01340,10/03/2026,C-0346,Set Bloques Creativos,Juguetes,PlayBox,Centro,Marketplace,Tarjeta crédito,1,799,5,759.05
ORD-01376,10/03/2026,C-0846,Chamarra Urban,Moda,Urban Co.,Norte,Web,Tarjeta crédito,1,1599,0,1599
ORD-01378,10/03/2026,C-0731,Licuadora MixPlus,Hogar,HomePlus,Sur,App,Transferencia,3,1199,5,3417.15
ORD-01401,10/03/2026,C-0621,Jeans Classic,Moda,Urban Co.,Sureste,Web,PayPal,3,899,0,2697
ORD-01414,10/03/2026,C-0295,Sudadera Essential,Moda,BasicLab,Sureste,Web,Tarjeta débito,2,999,0,1998
ORD-01421,10/03/2026,C-0801,Freidora AirCook,Hogar,KitchenLab,Sur,Marketplace,Tarjeta crédito,1,2499,15,2124.15
ORD-01471,10/03/2026,C-0940,Audífonos AirBeat,Electrónica,SoundPro,Centro,Web,Tarjeta débito,1,1499,0,1499
ORD-01512,10/03/2026,C-0258,Audífonos AirBeat,Electrónica,SoundPro,Occidente,Web,Tarjeta débito,1,1499,10,1349.1
ORD-01528,10/03/2026,C-0280,Laptop Nova 14,Electrónica,Nova,Norte,Marketplace,Transferencia,1,18999,5,18049.05
ORD-01553,10/03/2026,C-0770,Audífonos AirBeat,Electrónica,SoundPro,Sureste,Marketplace,Transferencia,3,1499,0,4497
ORD-01580,10/03/2026,C-0274,Smart TV 55,Electrónica,Vision,Centro,Web,Tarjeta crédito,1,11999,0,11999
ORD-01620,10/03/2026,C-0550,Audífonos AirBeat,Electrónica,SoundPro,Centro,Web,Tarjeta débito,1,1499,5,1424.05
ORD-01629,10/03/2026,C-0406,Audífonos AirBeat,Electrónica,SoundPro,Sureste,Web,Tarjeta débito,1,1499,0,1499
ORD-01664,10/03/2026,C-0156,Jeans Classic,Moda,Urban Co.,Norte,Web,Tarjeta crédito,3,899,0,2697
ORD-01681,10/03/2026,C-0888,Mochila Training,Deportes,Move,Centro,Web,Tarjeta débito,3,899,5,2562.15
ORD-01709,10/03/2026,C-0191,Aspiradora CleanPro,Hogar,CleanPro,Centro,App,Tarjeta débito,1,3299,0,3299
ORD-01735,10/03/2026,C-0194,Aspiradora CleanPro,Hogar,CleanPro,Centro,Marketplace,Tarjeta débito,3,3299,10,8907.3
ORD-01777,10/03/2026,C-0853,Licuadora MixPlus,Hogar,HomePlus,Centro,Web,Tarjeta crédito,1,1199,5,1139.05
ORD-01785,10/03/2026,C-0546,Smart TV 55,Electrónica,Vision,Centro,App,Transferencia,1,11999,0,11999
ORD-01805,10/03/2026,C-0082,Smart TV 55,Electrónica,Vision,Sur,App,PayPal,1,11999,0,11999
ORD-01821,10/03/2026,C-0743,Aspiradora CleanPro,Hogar,CleanPro,Occidente,Web,Tarjeta crédito,1,3299,0,3299
ORD-01832,10/03/2026,C-0081,Tenis Casual Street,Moda,Urban Co.,Centro,Web,Tarjeta crédito,2,1399,5,2658.1
ORD-01853,10/03/2026,C-0001,Mochila Training,Deportes,Move,Sur,App,Transferencia,1,899,0,899
ORD-01864,10/03/2026,C-0675,Jeans Classic,Moda,Urban Co.,Norte,App,Tarjeta débito,1,899,0,899
ORD-01911,10/03/2026,C-0474,Sudadera Essential,Moda,BasicLab,Centro,App,Tarjeta débito,1,999,5,949.05
ORD-01929,10/03/2026,C-0577,Tablet Go 10,Electrónica,Nova,Sureste,Web,PayPal,1,6299,15,5354.15
ORD-01950,10/03/2026,C-0080,Muñeca Adventure,Juguetes,PlayBox,Norte,Web,Transferencia,2,649,15,1103.3
ORD-01977,10/03/2026,C-0368,Tablet Go 10,Electrónica,Nova,Centro,Marketplace,Tarjeta débito,2,6299,5,11968.1
ORD-01978,10/03/2026,C-0868,Muñeca Adventure,Juguetes,PlayBox,Centro,App,Tarjeta crédito,1,649,10,584.1
ORD-02027,10/03/2026,C-0620,Set Bloques Creativos,Juguetes,PlayBox,Centro,App,PayPal,1,799,10,719.1
ORD-02089,10/03/2026,C-0349,Licuadora MixPlus,Hogar,HomePlus,Sur,Web,Tarjeta crédito,1,1199,0,1199
ORD-02124,10/03/2026,C-0111,Tenis Runner Pro,Deportes,Move,Occidente,App,PayPal,2,1899,15,3228.3
ORD-02168,10/03/2026,C-0663,Bicicleta Urban 21,Deportes,Move,Sureste,Web,PayPal,1,7499,5,7124.05
ORD-02230,10/03/2026,C-0329,Cafetera HomeBrew,Hogar,HomePlus,Centro,Web,Tarjeta crédito,2,1799,5,3418.1
ORD-02241,10/03/2026,C-0538,Jeans Classic,Moda,Urban Co.,Centro,Web,Tarjeta crédito,1,899,5,854.05
ORD-02342,10/03/2026,C-0528,Tablet Go 10,Electrónica,Nova,Centro,Marketplace,PayPal,2,6299,10,11338.2
ORD-02422,10/03/2026,C-0403,Mochila Training,Deportes,Move,Centro,App,Transferencia,1,899,10,809.1
ORD-02458,10/03/2026,C-0401,Cafetera HomeBrew,Hogar,HomePlus,Sur,App,Tarjeta crédito,3,1799,0,5397
ORD-02461,10/03/2026,C-0757,Audífonos AirBeat,Electrónica,SoundPro,Sureste,Web,PayPal,2,1499,5,2848.1
ORD-02466,10/03/2026,C-0545,Auto Control Remoto,Juguetes,FunTech,Sureste,Marketplace,Tarjeta crédito,1,999,0,999
ORD-02542,10/03/2026,C-0380,Tenis Runner Pro,Deportes,Move,Sureste,App,Tarjeta crédito,2,1899,5,3608.1
ORD-02555,10/03/2026,C-0060,Freidora AirCook,Hogar,KitchenLab,Centro,Web,Transferencia,2,2499,0,4998
ORD-02566,10/03/2026,C-0852,Sudadera Essential,Moda,BasicLab,Centro,Web,Tarjeta débito,1,999,10,899.1
ORD-02581,10/03/2026,C-0532,Smart TV 55,Electrónica,Vision,Centro,App,Transferencia,1,11999,0,11999
ORD-02599,10/03/2026,C-0742,Bicicleta Urban 21,Deportes,Move,Sureste,Web,Tarjeta crédito,1,7499,10,6749.1
ORD-02600,10/03/2026,C-0184,Audífonos AirBeat,Electrónica,SoundPro,Occidente,Web,Tarjeta crédito,2,1499,15,2548.3
ORD-02626,10/03/2026,C-0567,Freidora AirCook,Hogar,KitchenLab,Centro,Web,Tarjeta débito,1,2499,0,2499
ORD-02635,10/03/2026,C-0854,Aspiradora CleanPro,Hogar,CleanPro,Occidente,App,Tarjeta crédito,1,3299,5,3134.05
ORD-02640,10/03/2026,C-0020,Set Bloques Creativos,Juguetes,PlayBox,Norte,App,Tarjeta débito,2,799,0,1598
ORD-02656,10/03/2026,C-0375,Smartphone X1,Electrónica,Nova,Occidente,Web,Tarjeta débito,1,8999,0,8999
ORD-02659,10/03/2026,C-0032,Smart TV 55,Electrónica,Vision,Sur,App,Tarjeta crédito,1,11999,0,11999
ORD-02671,10/03/2026,C-0305,Cafetera HomeBrew,Hogar,HomePlus,Centro,Web,Tarjeta crédito,2,1799,15,3058.3
ORD-02699,10/03/2026,C-0686,Smartwatch FitGo,Deportes,FitGo,Norte,Web,Transferencia,1,2299,15,1954.15
ORD-02789,10/03/2026,C-0031,Set Bloques Creativos,Juguetes,PlayBox,Centro,App,Tarjeta crédito,1,799,10,719.1
ORD-02972,10/03/2026,C-0578,Muñeca Adventure,Juguetes,PlayBox,Sur,App,PayPal,2,649,10,1168.2
ORD-02973,10/03/2026,C-0651,Smartphone X1,Electrónica,Nova,Centro,Web,PayPal,1,8999,0,8999
ORD-00004,11/03/2026,C-0368,Chamarra Urban,Moda,Urban Co.,Centro,Web,PayPal,1,1599,0,1599
ORD-00073,11/03/2026,C-0852,Cafetera HomeBrew,Hogar,HomePlus,Centro,Web,PayPal,2,1799,0,3598
ORD-00085,11/03/2026,C-0196,Sudadera Essential,Moda,BasicLab,Centro,App,PayPal,1,999,5,949.05
ORD-00172,11/03/2026,C-0795,Aspiradora CleanPro,Hogar,CleanPro,Sur,Web,Tarjeta débito,1,3299,5,3134.05
ORD-00263,11/03/2026,C-0810,Sudadera Essential,Moda,BasicLab,Centro,App,Tarjeta crédito,2,999,0,1998
ORD-00289,11/03/2026,C-0196,Cafetera HomeBrew,Hogar,HomePlus,Occidente,Marketplace,PayPal,2,1799,0,3598
ORD-00331,11/03/2026,C-0532,Auto Control Remoto,Juguetes,FunTech,Sureste,Web,Tarjeta crédito,1,999,0,999
ORD-00335,11/03/2026,C-0112,Chamarra Urban,Moda,Urban Co.,Centro,Web,Tarjeta débito,1,1599,0,1599
ORD-00365,11/03/2026,C-0393,Laptop Nova 14,Electrónica,Nova,Sur,Marketplace,Tarjeta débito,1,18999,0,18999
ORD-00396,11/03/2026,C-0112,Jeans Classic,Moda,Urban Co.,Norte,Web,Transferencia,2,899,0,1798
ORD-00404,11/03/2026,C-0742,Tenis Casual Street,Moda,Urban Co.,Centro,Marketplace,Tarjeta crédito,1,1399,15,1189.15
ORD-00409,11/03/2026,C-0798,Mochila Training,Deportes,Move,Norte,Web,Tarjeta crédito,2,899,0,1798
ORD-00423,11/03/2026,C-0908,Tablet Go 10,Electrónica,Nova,Centro,Marketplace,Tarjeta crédito,1,6299,10,5669.1
ORD-00463,11/03/2026,C-0688,Sudadera Essential,Moda,BasicLab,Sur,Web,Tarjeta débito,2,999,10,1798.2
ORD-00469,11/03/2026,C-0733,Auto Control Remoto,Juguetes,FunTech,Norte,App,Transferencia,1,999,0,999
ORD-00546,11/03/2026,C-0138,Audífonos AirBeat,Electrónica,SoundPro,Centro,Web,PayPal,2,1499,0,2998
ORD-00547,11/03/2026,C-0180,Chamarra Urban,Moda,Urban Co.,Sureste,App,Tarjeta crédito,1,1599,0,1599
ORD-00586,11/03/2026,C-0589,Tenis Runner Pro,Deportes,Move,Sureste,Marketplace,Transferencia,2,1899,10,3418.2
ORD-00625,11/03/2026,C-0033,Tenis Runner Pro,Deportes,Move,Norte,App,Tarjeta débito,1,1899,0,1899
ORD-00650,11/03/2026,C-0247,Aspiradora CleanPro,Hogar,CleanPro,Sur,Web,Tarjeta débito,1,3299,10,2969.1
ORD-00656,11/03/2026,C-0930,Smartphone X1,Electrónica,Nova,Sur,Web,PayPal,1,8999,5,8549.05
ORD-00660,11/03/2026,C-0457,Mochila Training,Deportes,Move,Norte,Web,Tarjeta crédito,1,899,10,809.1
ORD-00779,11/03/2026,C-0447,Audífonos AirBeat,Electrónica,SoundPro,Sureste,App,Tarjeta débito,1,1499,15,1274.15
ORD-00821,11/03/2026,C-0354,Jeans Classic,Moda,Urban Co.,Norte,Web,Tarjeta débito,1,899,0,899
ORD-00869,11/03/2026,C-0862,Smartphone X1,Electrónica,Nova,Norte,Web,Tarjeta débito,1,8999,10,8099.1
ORD-01010,11/03/2026,C-0118,Muñeca Adventure,Juguetes,PlayBox,Norte,Web,PayPal,1,649,0,649
ORD-01022,11/03/2026,C-0280,Muñeca Adventure,Juguetes,PlayBox,Sureste,Marketplace,Tarjeta débito,1,649,20,519.2
ORD-01023,11/03/2026,C-0662,Tablet Go 10,Electrónica,Nova,Norte,App,Tarjeta débito,1,6299,0,6299
ORD-01052,11/03/2026,C-0004,Cafetera HomeBrew,Hogar,HomePlus,Centro,App,PayPal,1,1799,0,1799
ORD-01058,11/03/2026,C-0540,Set Bloques Creativos,Juguetes,PlayBox,Sureste,Web,Tarjeta crédito,1,799,10,719.1
ORD-01087,11/03/2026,C-0295,Tablet Go 10,Electrónica,Nova,Sureste,Marketplace,Tarjeta débito,2,6299,5,11968.1
ORD-01112,11/03/2026,C-0296,Audífonos AirBeat,Electrónica,SoundPro,Occidente,App,Tarjeta débito,1,1499,20,1199.2
ORD-01180,11/03/2026,C-0102,Tenis Runner Pro,Deportes,Move,Occidente,Marketplace,Tarjeta crédito,1,1899,5,1804.05
ORD-01202,11/03/2026,C-0307,Auto Control Remoto,Juguetes,FunTech,Sureste,Web,Tarjeta débito,1,999,10,899.1
ORD-01220,11/03/2026,C-0293,Freidora AirCook,Hogar,KitchenLab,Sureste,Web,Tarjeta crédito,1,2499,5,2374.05
ORD-01251,11/03/2026,C-0183,Smartphone X1,Electrónica,Nova,Centro,Marketplace,Transferencia,1,8999,15,7649.15
ORD-01252,11/03/2026,C-0838,Freidora AirCook,Hogar,KitchenLab,Occidente,App,Tarjeta crédito,1,2499,5,2374.05
ORD-01256,11/03/2026,C-0711,Audífonos AirBeat,Electrónica,SoundPro,Sureste,Web,Tarjeta crédito,1,1499,0,1499
ORD-01272,11/03/2026,C-0775,Sudadera Essential,Moda,BasicLab,Centro,Web,Tarjeta débito,1,999,0,999
ORD-01286,11/03/2026,C-0699,Smartwatch FitGo,Deportes,FitGo,Norte,App,Tarjeta débito,2,2299,0,4598
ORD-01298,11/03/2026,C-0015,Smartwatch FitGo,Deportes,FitGo,Occidente,Marketplace,PayPal,2,2299,10,4138.2
ORD-01417,11/03/2026,C-0776,Cafetera HomeBrew,Hogar,HomePlus,Sureste,Web,Tarjeta crédito,1,1799,10,1619.1
ORD-01551,11/03/2026,C-0923,Licuadora MixPlus,Hogar,HomePlus,Norte,Web,Tarjeta crédito,1,1199,15,1019.15
ORD-01559,11/03/2026,C-0074,Licuadora MixPlus,Hogar,HomePlus,Sureste,Marketplace,PayPal,1,1199,0,1199
ORD-01591,11/03/2026,C-0294,Jeans Classic,Moda,Urban Co.,Norte,App,Tarjeta crédito,2,899,0,1798
ORD-01595,11/03/2026,C-0024,Muñeca Adventure,Juguetes,PlayBox,Occidente,Web,Tarjeta débito,3,649,5,1849.65
ORD-01605,11/03/2026,C-0711,Freidora AirCook,Hogar,KitchenLab,Centro,Web,Tarjeta débito,1,2499,0,2499
ORD-01632,11/03/2026,C-0781,Audífonos AirBeat,Electrónica,SoundPro,Sur,Marketplace,Tarjeta crédito,1,1499,0,1499
ORD-01646,11/03/2026,C-0545,Cafetera HomeBrew,Hogar,HomePlus,Occidente,App,Tarjeta débito,2,1799,20,2878.4
ORD-01654,11/03/2026,C-0239,Aspiradora CleanPro,Hogar,CleanPro,Sureste,App,Tarjeta crédito,4,3299,0,13196
ORD-01783,11/03/2026,C-0219,Tenis Casual Street,Moda,Urban Co.,Sur,Web,Transferencia,1,1399,0,1399
ORD-01804,11/03/2026,C-0724,Smartphone X1,Electrónica,Nova,Occidente,Web,PayPal,1,8999,10,8099.1
ORD-01811,11/03/2026,C-0068,Chamarra Urban,Moda,Urban Co.,Occidente,Marketplace,Tarjeta crédito,1,1599,5,1519.05
ORD-01814,11/03/2026,C-0464,Set Bloques Creativos,Juguetes,PlayBox,Sureste,Marketplace,Transferencia,2,799,0,1598
ORD-01826,11/03/2026,C-0503,Set Bloques Creativos,Juguetes,PlayBox,Occidente,Web,PayPal,1,799,5,759.05
ORD-01837,11/03/2026,C-0136,Bicicleta Urban 21,Deportes,Move,Occidente,App,PayPal,1,7499,0,7499
ORD-01878,11/03/2026,C-0630,Smartwatch FitGo,Deportes,FitGo,Norte,Web,Tarjeta débito,1,2299,5,2184.05
ORD-01914,11/03/2026,C-0403,Freidora AirCook,Hogar,KitchenLab,Centro,App,Tarjeta crédito,2,2499,15,4248.3
ORD-01970,11/03/2026,C-0816,Sudadera Essential,Moda,BasicLab,Centro,Web,Tarjeta crédito,1,999,0,999
ORD-01979,11/03/2026,C-0897,Aspiradora CleanPro,Hogar,CleanPro,Centro,App,Tarjeta débito,1,3299,0,3299
ORD-01998,11/03/2026,C-0252,Mochila Training,Deportes,Move,Centro,App,Tarjeta crédito,1,899,0,899
ORD-02011,11/03/2026,C-0120,Laptop Nova 14,Electrónica,Nova,Sur,Web,PayPal,1,18999,5,18049.05
ORD-02016,11/03/2026,C-0103,Auto Control Remoto,Juguetes,FunTech,Centro,Web,Tarjeta crédito,1,999,5,949.05
ORD-02043,11/03/2026,C-0258,Freidora AirCook,Hogar,KitchenLab,Centro,Web,Tarjeta crédito,2,2499,0,4998
ORD-02046,11/03/2026,C-0918,Tablet Go 10,Electrónica,Nova,Norte,Web,Tarjeta débito,1,6299,5,5984.05
ORD-02067,11/03/2026,C-0144,Cafetera HomeBrew,Hogar,HomePlus,Occidente,Marketplace,Tarjeta crédito,2,1799,0,3598
ORD-02131,11/03/2026,C-0558,Smartwatch FitGo,Deportes,FitGo,Centro,Marketplace,PayPal,2,2299,0,4598
ORD-02158,11/03/2026,C-0603,Licuadora MixPlus,Hogar,HomePlus,Centro,App,Transferencia,2,1199,0,2398
ORD-02183,11/03/2026,C-0517,Chamarra Urban,Moda,Urban Co.,Occidente,App,Tarjeta crédito,4,1599,0,6396
ORD-02189,11/03/2026,C-0220,Freidora AirCook,Hogar,KitchenLab,Sur,Web,Tarjeta crédito,1,2499,0,2499
ORD-02202,11/03/2026,C-0649,Aspiradora CleanPro,Hogar,CleanPro,Centro,Web,Tarjeta crédito,1,3299,0,3299
ORD-02216,11/03/2026,C-0422,Muñeca Adventure,Juguetes,PlayBox,Centro,Web,Transferencia,1,649,15,551.65
ORD-02242,11/03/2026,C-0385,Audífonos AirBeat,Electrónica,SoundPro,Sur,App,Tarjeta crédito,1,1499,0,1499
ORD-02285,11/03/2026,C-0088,Freidora AirCook,Hogar,KitchenLab,Norte,Web,PayPal,1,2499,10,2249.1
ORD-02322,11/03/2026,C-0436,Licuadora MixPlus,Hogar,HomePlus,Occidente,Web,Transferencia,3,1199,0,3597
ORD-02341,11/03/2026,C-0869,Auto Control Remoto,Juguetes,FunTech,Occidente,App,Tarjeta crédito,1,999,5,949.05
ORD-02388,11/03/2026,C-0837,Chamarra Urban,Moda,Urban Co.,Centro,Web,PayPal,1,1599,10,1439.1
ORD-02410,11/03/2026,C-0671,Aspiradora CleanPro,Hogar,CleanPro,Centro,App,Tarjeta crédito,3,3299,10,8907.3
ORD-02430,11/03/2026,C-0878,Set Bloques Creativos,Juguetes,PlayBox,Sur,Marketplace,Tarjeta débito,1,799,20,639.2
ORD-02510,11/03/2026,C-0677,Bicicleta Urban 21,Deportes,Move,Centro,Marketplace,Tarjeta crédito,1,7499,10,6749.1
ORD-02514,11/03/2026,C-0385,Set Bloques Creativos,Juguetes,PlayBox,Norte,Web,Tarjeta débito,1,799,5,759.05
ORD-02568,11/03/2026,C-0188,Chamarra Urban,Moda,Urban Co.,Sur,Web,Tarjeta débito,3,1599,10,4317.3
ORD-02577,11/03/2026,C-0928,Smart TV 55,Electrónica,Vision,Sur,Marketplace,Tarjeta crédito,1,11999,0,11999
ORD-02589,11/03/2026,C-0738,Smartwatch FitGo,Deportes,FitGo,Sur,App,Tarjeta crédito,1,2299,0,2299
ORD-02648,11/03/2026,C-0838,Chamarra Urban,Moda,Urban Co.,Norte,Web,Tarjeta débito,2,1599,0,3198
ORD-02685,11/03/2026,C-0247,Tenis Casual Street,Moda,Urban Co.,Centro,App,Tarjeta crédito,1,1399,10,1259.1
ORD-02692,11/03/2026,C-0299,Aspiradora CleanPro,Hogar,CleanPro,Sureste,Marketplace,PayPal,1,3299,0,3299
ORD-02724,11/03/2026,C-0342,Smartphone X1,Electrónica,Nova,Norte,App,Tarjeta crédito,1,8999,0,8999
ORD-02734,11/03/2026,C-0838,Smartwatch FitGo,Deportes,FitGo,Centro,Marketplace,Tarjeta débito,1,2299,0,2299
ORD-02765,11/03/2026,C-0647,Mochila Training,Deportes,Move,Centro,Web,Tarjeta crédito,1,899,0,899
ORD-02833,11/03/2026,C-0538,Smartphone X1,Electrónica,Nova,Sur,App,Tarjeta crédito,1,8999,0,8999
ORD-02891,11/03/2026,C-0489,Tenis Casual Street,Moda,Urban Co.,Sur,Web,Tarjeta débito,1,1399,0,1399
ORD-02918,11/03/2026,C-0242,Tenis Runner Pro,Deportes,Move,Centro,App,PayPal,1,1899,5,1804.05
ORD-02951,11/03/2026,C-0535,Cafetera HomeBrew,Hogar,HomePlus,Sur,Web,Tarjeta débito,1,1799,5,1709.05
ORD-02983,11/03/2026,C-0174,Chamarra Urban,Moda,Urban Co.,Sur,Web,Tarjeta crédito,1,1599,0,1599
ORD-02985,11/03/2026,C-0529,Audífonos AirBeat,Electrónica,SoundPro,Sur,App,Tarjeta débito,1,1499,10,1349.1
ORD-02993,11/03/2026,C-0375,Sudadera Essential,Moda,BasicLab,Sureste,App,Tarjeta crédito,1,999,10,899.1
ORD-00008,12/03/2026,C-0651,Licuadora MixPlus,Hogar,HomePlus,Norte,App,Tarjeta débito,1,1199,5,1139.05
ORD-00019,12/03/2026,C-0081,Audífonos AirBeat,Electrónica,SoundPro,Sureste,Marketplace,Tarjeta crédito,2,1499,0,2998
ORD-00026,12/03/2026,C-0101,Chamarra Urban,Moda,Urban Co.,Norte,App,Tarjeta débito,3,1599,5,4557.15
ORD-00080,12/03/2026,C-0431,Sudadera Essential,Moda,BasicLab,Occidente,App,Tarjeta crédito,1,999,5,949.05
ORD-00136,12/03/2026,C-0767,Sudadera Essential,Moda,BasicLab,Centro,Web,Tarjeta crédito,1,999,0,999
ORD-00142,12/03/2026,C-0377,Smartphone X1,Electrónica,Nova,Centro,App,Tarjeta crédito,3,8999,0,26997
ORD-00158,12/03/2026,C-0359,Smartwatch FitGo,Deportes,FitGo,Centro,App,Tarjeta crédito,2,2299,0,4598
ORD-00159,12/03/2026,C-0786,Tenis Casual Street,Moda,Urban Co.,Centro,Web,Tarjeta crédito,1,1399,0,1399
ORD-00163,12/03/2026,C-0160,Aspiradora CleanPro,Hogar,CleanPro,Centro,Web,Transferencia,2,3299,5,6268.1
ORD-00190,12/03/2026,C-0460,Smartphone X1,Electrónica,Nova,Occidente,Web,Tarjeta débito,2,8999,0,17998
ORD-00202,12/03/2026,C-0400,Tenis Runner Pro,Deportes,Move,Centro,App,Tarjeta débito,1,1899,20,1519.2
ORD-00233,12/03/2026,C-0145,Audífonos AirBeat,Electrónica,SoundPro,Occidente,Web,Tarjeta crédito,1,1499,0,1499
ORD-00350,12/03/2026,C-0215,Freidora AirCook,Hogar,KitchenLab,Sur,Web,PayPal,2,2499,0,4998
ORD-00357,12/03/2026,C-0096,Muñeca Adventure,Juguetes,PlayBox,Norte,App,Tarjeta débito,2,649,10,1168.2
ORD-00381,12/03/2026,C-0031,Cafetera HomeBrew,Hogar,HomePlus,Centro,App,Tarjeta crédito,2,1799,15,3058.3
ORD-00434,12/03/2026,C-0232,Licuadora MixPlus,Hogar,HomePlus,Sureste,Web,Tarjeta débito,1,1199,0,1199
ORD-00536,12/03/2026,C-0784,Tenis Casual Street,Moda,Urban Co.,Sureste,Web,PayPal,1,1399,0,1399
ORD-00552,12/03/2026,C-0170,Audífonos AirBeat,Electrónica,SoundPro,Norte,App,PayPal,1,1499,10,1349.1
ORD-00579,12/03/2026,C-0534,Cafetera HomeBrew,Hogar,HomePlus,Centro,Web,Tarjeta crédito,1,1799,20,1439.2
ORD-00598,12/03/2026,C-0628,Audífonos AirBeat,Electrónica,SoundPro,Occidente,Web,Tarjeta débito,1,1499,0,1499
ORD-00637,12/03/2026,C-0165,Smart TV 55,Electrónica,Vision,Norte,App,PayPal,2,11999,5,22798.1
ORD-00665,12/03/2026,C-0359,Freidora AirCook,Hogar,KitchenLab,Norte,Web,Tarjeta débito,1,2499,0,2499
ORD-00712,12/03/2026,C-0810,Smartphone X1,Electrónica,Nova,Occidente,App,Tarjeta crédito,1,8999,0,8999
ORD-00823,12/03/2026,C-0914,Freidora AirCook,Hogar,KitchenLab,Sur,Marketplace,PayPal,1,2499,15,2124.15
ORD-00841,12/03/2026,C-0760,Cafetera HomeBrew,Hogar,HomePlus,Centro,App,Tarjeta débito,2,1799,0,3598
ORD-00849,12/03/2026,C-0711,Smartwatch FitGo,Deportes,FitGo,Occidente,App,PayPal,1,2299,5,2184.05
ORD-00850,12/03/2026,C-0328,Sudadera Essential,Moda,BasicLab,Occidente,App,PayPal,1,999,0,999
ORD-00854,12/03/2026,C-0382,Chamarra Urban,Moda,Urban Co.,Centro,App,PayPal,1,1599,0,1599
ORD-00863,12/03/2026,C-0361,Smart TV 55,Electrónica,Vision,Centro,Web,PayPal,1,11999,0,11999
ORD-00893,12/03/2026,C-0553,Freidora AirCook,Hogar,KitchenLab,Sur,App,Tarjeta crédito,1,2499,10,2249.1
ORD-00940,12/03/2026,C-0851,Audífonos AirBeat,Electrónica,SoundPro,Occidente,Marketplace,PayPal,1,1499,0,1499
ORD-00990,12/03/2026,C-0460,Smartphone X1,Electrónica,Nova,Centro,App,Tarjeta crédito,3,8999,10,24297.3
ORD-00994,12/03/2026,C-0436,Sudadera Essential,Moda,BasicLab,Norte,Web,Tarjeta débito,1,999,0,999
ORD-01000,12/03/2026,C-0050,Licuadora MixPlus,Hogar,HomePlus,Centro,App,PayPal,1,1199,0,1199
ORD-01050,12/03/2026,C-0684,Smartphone X1,Electrónica,Nova,Centro,Web,Transferencia,1,8999,10,8099.1
ORD-01083,12/03/2026,C-0114,Freidora AirCook,Hogar,KitchenLab,Occidente,Web,PayPal,1,2499,0,2499
ORD-01092,12/03/2026,C-0259,Mochila Training,Deportes,Move,Centro,Web,PayPal,1,899,0,899
ORD-01201,12/03/2026,C-0383,Smart TV 55,Electrónica,Vision,Sur,App,Transferencia,1,11999,0,11999
ORD-01334,12/03/2026,C-0010,Sudadera Essential,Moda,BasicLab,Centro,Web,Tarjeta crédito,1,999,0,999
ORD-01345,12/03/2026,C-0905,Set Bloques Creativos,Juguetes,PlayBox,Sur,App,Tarjeta crédito,1,799,5,759.05
ORD-01365,12/03/2026,C-0839,Laptop Nova 14,Electrónica,Nova,Sureste,App,Tarjeta débito,1,18999,0,18999
ORD-01400,12/03/2026,C-0804,Chamarra Urban,Moda,Urban Co.,Occidente,App,Tarjeta débito,1,1599,10,1439.1
ORD-01403,12/03/2026,C-0238,Muñeca Adventure,Juguetes,PlayBox,Occidente,Marketplace,Tarjeta crédito,2,649,0,1298
ORD-01410,12/03/2026,C-0933,Set Bloques Creativos,Juguetes,PlayBox,Sur,App,PayPal,1,799,0,799
ORD-01424,12/03/2026,C-0011,Auto Control Remoto,Juguetes,FunTech,Norte,Web,Transferencia,1,999,0,999
ORD-01465,12/03/2026,C-0776,Jeans Classic,Moda,Urban Co.,Sureste,Marketplace,Tarjeta débito,1,899,10,809.1
ORD-01494,12/03/2026,C-0021,Audífonos AirBeat,Electrónica,SoundPro,Norte,Web,PayPal,1,1499,15,1274.15
ORD-01567,12/03/2026,C-0184,Freidora AirCook,Hogar,KitchenLab,Sur,App,PayPal,1,2499,20,1999.2
ORD-01608,12/03/2026,C-0313,Tablet Go 10,Electrónica,Nova,Occidente,App,Tarjeta crédito,1,6299,10,5669.1
ORD-01642,12/03/2026,C-0472,Muñeca Adventure,Juguetes,PlayBox,Sureste,App,PayPal,1,649,0,649
ORD-01720,12/03/2026,C-0815,Aspiradora CleanPro,Hogar,CleanPro,Centro,App,Tarjeta crédito,1,3299,10,2969.1
ORD-01839,12/03/2026,C-0538,Licuadora MixPlus,Hogar,HomePlus,Norte,Web,PayPal,1,1199,0,1199
ORD-01866,12/03/2026,C-0418,Licuadora MixPlus,Hogar,HomePlus,Sur,Web,Tarjeta débito,1,1199,15,1019.15
ORD-01894,12/03/2026,C-0119,Auto Control Remoto,Juguetes,FunTech,Occidente,App,Transferencia,1,999,5,949.05
ORD-01900,12/03/2026,C-0329,Tenis Casual Street,Moda,Urban Co.,Sureste,Marketplace,Tarjeta crédito,1,1399,10,1259.1
ORD-01951,12/03/2026,C-0070,Smartwatch FitGo,Deportes,FitGo,Sur,App,Tarjeta crédito,2,2299,20,3678.4
ORD-02032,12/03/2026,C-0207,Audífonos AirBeat,Electrónica,SoundPro,Norte,Web,Tarjeta débito,1,1499,5,1424.05
ORD-02073,12/03/2026,C-0300,Audífonos AirBeat,Electrónica,SoundPro,Centro,App,PayPal,1,1499,5,1424.05
ORD-02150,12/03/2026,C-0315,Mochila Training,Deportes,Move,Norte,Web,Tarjeta débito,1,899,15,764.15
ORD-02169,12/03/2026,C-0712,Smartphone X1,Electrónica,Nova,Norte,App,Tarjeta débito,2,8999,10,16198.2
ORD-02198,12/03/2026,C-0132,Freidora AirCook,Hogar,KitchenLab,Sur,Web,Tarjeta débito,1,2499,5,2374.05
ORD-02254,12/03/2026,C-0109,Chamarra Urban,Moda,Urban Co.,Norte,Web,Tarjeta crédito,1,1599,0,1599
ORD-02284,12/03/2026,C-0048,Auto Control Remoto,Juguetes,FunTech,Norte,Web,Tarjeta crédito,1,999,10,899.1
ORD-02332,12/03/2026,C-0712,Bicicleta Urban 21,Deportes,Move,Sureste,Marketplace,Tarjeta crédito,1,7499,0,7499
ORD-02339,12/03/2026,C-0397,Set Bloques Creativos,Juguetes,PlayBox,Occidente,App,Tarjeta crédito,1,799,10,719.1
ORD-02433,12/03/2026,C-0611,Freidora AirCook,Hogar,KitchenLab,Occidente,Web,Tarjeta débito,1,2499,0,2499
ORD-02468,12/03/2026,C-0379,Jeans Classic,Moda,Urban Co.,Sur,App,Tarjeta crédito,1,899,0,899
ORD-02500,12/03/2026,C-0695,Licuadora MixPlus,Hogar,HomePlus,Occidente,Marketplace,Transferencia,3,1199,0,3597
ORD-02532,12/03/2026,C-0241,Smart TV 55,Electrónica,Vision,Centro,App,Tarjeta débito,1,11999,5,11399.05
ORD-02574,12/03/2026,C-0939,Tablet Go 10,Electrónica,Nova,Sureste,App,PayPal,1,6299,10,5669.1
ORD-02620,12/03/2026,C-0307,Chamarra Urban,Moda,Urban Co.,Sureste,Web,PayPal,1,1599,5,1519.05
ORD-02642,12/03/2026,C-0259,Smart TV 55,Electrónica,Vision,Sureste,Web,Tarjeta crédito,1,11999,15,10199.15
ORD-02653,12/03/2026,C-0685,Tablet Go 10,Electrónica,Nova,Occidente,App,Tarjeta crédito,1,6299,0,6299
ORD-02655,12/03/2026,C-0653,Aspiradora CleanPro,Hogar,CleanPro,Occidente,App,Tarjeta crédito,1,3299,15,2804.15
ORD-02657,12/03/2026,C-0303,Bicicleta Urban 21,Deportes,Move,Sur,Web,PayPal,2,7499,10,13498.2
ORD-02673,12/03/2026,C-0533,Set Bloques Creativos,Juguetes,PlayBox,Sur,Marketplace,Tarjeta crédito,1,799,10,719.1
ORD-02694,12/03/2026,C-0629,Smart TV 55,Electrónica,Vision,Sur,Web,Tarjeta crédito,3,11999,0,35997
ORD-02736,12/03/2026,C-0550,Smartwatch FitGo,Deportes,FitGo,Centro,Web,Tarjeta crédito,1,2299,5,2184.05
ORD-02766,12/03/2026,C-0063,Auto Control Remoto,Juguetes,FunTech,Occidente,Web,PayPal,2,999,0,1998
ORD-02777,12/03/2026,C-0079,Licuadora MixPlus,Hogar,HomePlus,Sureste,App,Transferencia,1,1199,10,1079.1
ORD-02842,12/03/2026,C-0878,Tablet Go 10,Electrónica,Nova,Centro,Web,Tarjeta débito,1,6299,5,5984.05
ORD-02850,12/03/2026,C-0225,Audífonos AirBeat,Electrónica,SoundPro,Occidente,App,Transferencia,1,1499,0,1499
ORD-02855,12/03/2026,C-0003,Smartwatch FitGo,Deportes,FitGo,Centro,App,Tarjeta débito,1,2299,5,2184.05
ORD-02858,12/03/2026,C-0266,Smartphone X1,Electrónica,Nova,Sur,Marketplace,PayPal,1,8999,0,8999
ORD-02868,12/03/2026,C-0275,Aspiradora CleanPro,Hogar,CleanPro,Centro,Web,Tarjeta crédito,2,3299,0,6598
ORD-02877,12/03/2026,C-0242,Auto Control Remoto,Juguetes,FunTech,Occidente,Web,Tarjeta crédito,1,999,20,799.2
ORD-02893,12/03/2026,C-0096,Tablet Go 10,Electrónica,Nova,Sur,App,Tarjeta crédito,2,6299,0,12598
ORD-02960,12/03/2026,C-0237,Tablet Go 10,Electrónica,Nova,Centro,App,Tarjeta crédito,3,6299,20,15117.6
ORD-02962,12/03/2026,C-0927,Smartphone X1,Electrónica,Nova,Occidente,App,Tarjeta débito,2,8999,15,15298.3
ORD-02984,12/03/2026,C-0047,Smartphone X1,Electrónica,Nova,Centro,Web,PayPal,1,8999,10,8099.1
ORD-00022,13/03/2026,C-0231,Jeans Classic,Moda,Urban Co.,Sureste,App,Tarjeta débito,1,899,5,854.05
ORD-00068,13/03/2026,C-0390,Tenis Casual Street,Moda,Urban Co.,Sureste,App,Tarjeta débito,2,1399,10,2518.2
ORD-00120,13/03/2026,C-0325,Smartwatch FitGo,Deportes,FitGo,Occidente,Marketplace,PayPal,1,2299,10,2069.1
ORD-00128,13/03/2026,C-0675,Audífonos AirBeat,Electrónica,SoundPro,Occidente,App,Transferencia,3,1499,0,4497
ORD-00217,13/03/2026,C-0627,Tenis Runner Pro,Deportes,Move,Sureste,Web,PayPal,1,1899,10,1709.1
ORD-00265,13/03/2026,C-0268,Aspiradora CleanPro,Hogar,CleanPro,Occidente,Web,Tarjeta crédito,1,3299,0,3299
ORD-00277,13/03/2026,C-0896,Auto Control Remoto,Juguetes,FunTech,Norte,Marketplace,Tarjeta crédito,3,999,0,2997
ORD-00290,13/03/2026,C-0742,Smartphone X1,Electrónica,Nova,Occidente,App,PayPal,2,8999,0,17998
ORD-00315,13/03/2026,C-0006,Cafetera HomeBrew,Hogar,HomePlus,Occidente,App,PayPal,1,1799,0,1799
ORD-00431,13/03/2026,C-0302,Audífonos AirBeat,Electrónica,SoundPro,Occidente,Marketplace,Tarjeta crédito,1,1499,0,1499
ORD-00458,13/03/2026,C-0575,Tenis Casual Street,Moda,Urban Co.,Occidente,Web,Transferencia,2,1399,15,2378.3
ORD-00537,13/03/2026,C-0401,Muñeca Adventure,Juguetes,PlayBox,Norte,App,Tarjeta débito,1,649,5,616.55
ORD-00540,13/03/2026,C-0353,Mochila Training,Deportes,Move,Occidente,Marketplace,Tarjeta crédito,2,899,10,1618.2
ORD-00551,13/03/2026,C-0523,Audífonos AirBeat,Electrónica,SoundPro,Centro,App,PayPal,1,1499,0,1499
ORD-00558,13/03/2026,C-0514,Tablet Go 10,Electrónica,Nova,Norte,Marketplace,Tarjeta débito,1,6299,0,6299
ORD-00566,13/03/2026,C-0430,Smartphone X1,Electrónica,Nova,Norte,Web,Tarjeta crédito,1,8999,10,8099.1
ORD-00649,13/03/2026,C-0925,Smart TV 55,Electrónica,Vision,Norte,App,Tarjeta débito,3,11999,5,34197.15
ORD-00689,13/03/2026,C-0657,Jeans Classic,Moda,Urban Co.,Sur,Web,Transferencia,1,899,5,854.05
ORD-00691,13/03/2026,C-0195,Tenis Runner Pro,Deportes,Move,Sureste,Web,Tarjeta crédito,3,1899,10,5127.3
ORD-00692,13/03/2026,C-0942,Cafetera HomeBrew,Hogar,HomePlus,Sureste,App,Tarjeta crédito,1,1799,0,1799
ORD-00751,13/03/2026,C-0243,Sudadera Essential,Moda,BasicLab,Norte,Web,Tarjeta débito,2,999,5,1898.1
ORD-00766,13/03/2026,C-0653,Sudadera Essential,Moda,BasicLab,Occidente,Marketplace,Tarjeta débito,2,999,0,1998
ORD-00775,13/03/2026,C-0504,Smartphone X1,Electrónica,Nova,Norte,Web,Transferencia,1,8999,0,8999
ORD-00875,13/03/2026,C-0151,Bicicleta Urban 21,Deportes,Move,Norte,App,Transferencia,1,7499,20,5999.2
ORD-00930,13/03/2026,C-0174,Cafetera HomeBrew,Hogar,HomePlus,Occidente,Web,PayPal,1,1799,0,1799
ORD-00945,13/03/2026,C-0443,Licuadora MixPlus,Hogar,HomePlus,Centro,App,Tarjeta débito,1,1199,0,1199
ORD-00956,13/03/2026,C-0763,Laptop Nova 14,Electrónica,Nova,Centro,Web,Tarjeta débito,2,18999,5,36098.1
ORD-00982,13/03/2026,C-0657,Aspiradora CleanPro,Hogar,CleanPro,Sureste,Web,Tarjeta crédito,1,3299,10,2969.1
ORD-01025,13/03/2026,C-0853,Tenis Runner Pro,Deportes,Move,Occidente,App,Tarjeta débito,1,1899,0,1899
ORD-01043,13/03/2026,C-0011,Tenis Casual Street,Moda,Urban Co.,Centro,App,Tarjeta crédito,1,1399,5,1329.05
ORD-01054,13/03/2026,C-0031,Sudadera Essential,Moda,BasicLab,Centro,Web,Transferencia,1,999,0,999
ORD-01073,13/03/2026,C-0780,Sudadera Essential,Moda,BasicLab,Sureste,Marketplace,PayPal,1,999,0,999
ORD-01103,13/03/2026,C-0412,Muñeca Adventure,Juguetes,PlayBox,Sureste,Web,Tarjeta crédito,1,649,0,649
ORD-01121,13/03/2026,C-0140,Smart TV 55,Electrónica,Vision,Norte,App,Tarjeta crédito,1,11999,5,11399.05
ORD-01126,13/03/2026,C-0647,Smartphone X1,Electrónica,Nova,Sureste,App,Tarjeta crédito,2,8999,0,17998
ORD-01160,13/03/2026,C-0830,Chamarra Urban,Moda,Urban Co.,Centro,Marketplace,Tarjeta crédito,2,1599,10,2878.2
ORD-01163,13/03/2026,C-0562,Jeans Classic,Moda,Urban Co.,Centro,App,Tarjeta crédito,1,899,15,764.15
ORD-01212,13/03/2026,C-0014,Tenis Casual Street,Moda,Urban Co.,Centro,Marketplace,PayPal,1,1399,0,1399
ORD-01243,13/03/2026,C-0387,Bicicleta Urban 21,Deportes,Move,Centro,App,Tarjeta débito,1,7499,10,6749.1
ORD-01249,13/03/2026,C-0906,Tablet Go 10,Electrónica,Nova,Centro,App,Tarjeta crédito,1,6299,10,5669.1
ORD-01275,13/03/2026,C-0691,Cafetera HomeBrew,Hogar,HomePlus,Norte,Web,Tarjeta crédito,1,1799,0,1799
ORD-01294,13/03/2026,C-0915,Smartphone X1,Electrónica,Nova,Centro,Marketplace,Tarjeta débito,1,8999,0,8999
ORD-01297,13/03/2026,C-0593,Chamarra Urban,Moda,Urban Co.,Sur,App,PayPal,2,1599,0,3198
ORD-01339,13/03/2026,C-0005,Aspiradora CleanPro,Hogar,CleanPro,Centro,Web,Tarjeta crédito,1,3299,10,2969.1
ORD-01373,13/03/2026,C-0719,Set Bloques Creativos,Juguetes,PlayBox,Occidente,Marketplace,Tarjeta crédito,1,799,0,799
ORD-01453,13/03/2026,C-0579,Jeans Classic,Moda,Urban Co.,Sur,App,Transferencia,4,899,15,3056.6
ORD-01527,13/03/2026,C-0200,Muñeca Adventure,Juguetes,PlayBox,Norte,Marketplace,Transferencia,1,649,0,649
ORD-01555,13/03/2026,C-0083,Aspiradora CleanPro,Hogar,CleanPro,Centro,Web,Tarjeta crédito,1,3299,15,2804.15
ORD-01637,13/03/2026,C-0385,Sudadera Essential,Moda,BasicLab,Occidente,Marketplace,Tarjeta débito,1,999,0,999
ORD-01650,13/03/2026,C-0438,Set Bloques Creativos,Juguetes,PlayBox,Occidente,Web,PayPal,1,799,0,799
ORD-01746,13/03/2026,C-0541,Tenis Runner Pro,Deportes,Move,Centro,Marketplace,PayPal,1,1899,10,1709.1
ORD-01772,13/03/2026,C-0148,Auto Control Remoto,Juguetes,FunTech,Sureste,Marketplace,Tarjeta crédito,2,999,0,1998
ORD-01774,13/03/2026,C-0373,Tablet Go 10,Electrónica,Nova,Norte,Web,PayPal,1,6299,0,6299
ORD-01816,13/03/2026,C-0189,Smartwatch FitGo,Deportes,FitGo,Norte,Web,PayPal,1,2299,15,1954.15
ORD-01843,13/03/2026,C-0686,Aspiradora CleanPro,Hogar,CleanPro,Sur,App,Tarjeta crédito,1,3299,10,2969.1
ORD-01852,13/03/2026,C-0492,Muñeca Adventure,Juguetes,PlayBox,Occidente,App,Tarjeta crédito,2,649,10,1168.2
ORD-01906,13/03/2026,C-0614,Tenis Runner Pro,Deportes,Move,Sur,Marketplace,Tarjeta débito,1,1899,5,1804.05
ORD-01917,13/03/2026,C-0043,Tenis Runner Pro,Deportes,Move,Centro,Web,Tarjeta crédito,4,1899,10,6836.4
ORD-01933,13/03/2026,C-0713,Tenis Casual Street,Moda,Urban Co.,Norte,App,Tarjeta crédito,1,1399,15,1189.15
ORD-01943,13/03/2026,C-0533,Chamarra Urban,Moda,Urban Co.,Occidente,App,PayPal,1,1599,0,1599
ORD-01956,13/03/2026,C-0781,Muñeca Adventure,Juguetes,PlayBox,Norte,App,PayPal,1,649,5,616.55
ORD-02030,13/03/2026,C-0735,Smartphone X1,Electrónica,Nova,Centro,Web,Transferencia,1,8999,5,8549.05
ORD-02121,13/03/2026,C-0764,Mochila Training,Deportes,Move,Sur,App,PayPal,2,899,5,1708.1
ORD-02123,13/03/2026,C-0791,Licuadora MixPlus,Hogar,HomePlus,Occidente,App,Tarjeta crédito,1,1199,5,1139.05
ORD-02143,13/03/2026,C-0818,Audífonos AirBeat,Electrónica,SoundPro,Sur,Web,Tarjeta crédito,1,1499,0,1499
ORD-02153,13/03/2026,C-0684,Tenis Casual Street,Moda,Urban Co.,Norte,Web,Tarjeta crédito,2,1399,0,2798
ORD-02161,13/03/2026,C-0336,Jeans Classic,Moda,Urban Co.,Occidente,Web,PayPal,1,899,0,899
ORD-02212,13/03/2026,C-0837,Tenis Runner Pro,Deportes,Move,Centro,App,Tarjeta crédito,1,1899,0,1899
ORD-02266,13/03/2026,C-0070,Auto Control Remoto,Juguetes,FunTech,Norte,Web,Transferencia,1,999,5,949.05
ORD-02273,13/03/2026,C-0585,Freidora AirCook,Hogar,KitchenLab,Sureste,Web,Tarjeta débito,1,2499,15,2124.15
ORD-02286,13/03/2026,C-0691,Cafetera HomeBrew,Hogar,HomePlus,Centro,App,Tarjeta crédito,2,1799,0,3598
ORD-02308,13/03/2026,C-0825,Smart TV 55,Electrónica,Vision,Occidente,Marketplace,Tarjeta débito,1,11999,5,11399.05
ORD-02315,13/03/2026,C-0140,Smartwatch FitGo,Deportes,FitGo,Norte,Web,Tarjeta débito,1,2299,5,2184.05
ORD-02414,13/03/2026,C-0209,Laptop Nova 14,Electrónica,Nova,Centro,App,Tarjeta crédito,2,18999,0,37998
ORD-02423,13/03/2026,C-0357,Tenis Runner Pro,Deportes,Move,Sur,Marketplace,Tarjeta crédito,1,1899,0,1899
ORD-02439,13/03/2026,C-0243,Chamarra Urban,Moda,Urban Co.,Occidente,Web,Tarjeta crédito,1,1599,20,1279.2
ORD-02460,13/03/2026,C-0855,Bicicleta Urban 21,Deportes,Move,Centro,Web,PayPal,1,7499,0,7499
ORD-02477,13/03/2026,C-0558,Cafetera HomeBrew,Hogar,HomePlus,Centro,Marketplace,Tarjeta crédito,1,1799,5,1709.05
ORD-02486,13/03/2026,C-0064,Mochila Training,Deportes,Move,Occidente,Web,Tarjeta crédito,1,899,0,899
ORD-02534,13/03/2026,C-0772,Aspiradora CleanPro,Hogar,CleanPro,Norte,Web,Tarjeta débito,3,3299,0,9897
ORD-02546,13/03/2026,C-0644,Aspiradora CleanPro,Hogar,CleanPro,Sur,App,Tarjeta débito,1,3299,0,3299
ORD-02578,13/03/2026,C-0878,Tenis Runner Pro,Deportes,Move,Sur,Web,Tarjeta débito,1,1899,0,1899
ORD-02691,13/03/2026,C-0642,Jeans Classic,Moda,Urban Co.,Occidente,Web,Tarjeta crédito,1,899,5,854.05
ORD-02697,13/03/2026,C-0915,Tenis Runner Pro,Deportes,Move,Sur,Web,PayPal,1,1899,5,1804.05
ORD-02703,13/03/2026,C-0709,Freidora AirCook,Hogar,KitchenLab,Centro,App,Transferencia,1,2499,10,2249.1
ORD-02718,13/03/2026,C-0081,Audífonos AirBeat,Electrónica,SoundPro,Sureste,Marketplace,Tarjeta débito,1,1499,0,1499
ORD-02748,13/03/2026,C-0787,Jeans Classic,Moda,Urban Co.,Norte,App,Tarjeta débito,1,899,0,899
ORD-02790,13/03/2026,C-0246,Audífonos AirBeat,Electrónica,SoundPro,Centro,App,Transferencia,2,1499,0,2998
ORD-02802,13/03/2026,C-0233,Smartwatch FitGo,Deportes,FitGo,Centro,App,Tarjeta crédito,1,2299,0,2299
ORD-02810,13/03/2026,C-0833,Sudadera Essential,Moda,BasicLab,Centro,App,Tarjeta crédito,1,999,0,999
ORD-02815,13/03/2026,C-0630,Mochila Training,Deportes,Move,Occidente,Web,PayPal,2,899,0,1798
ORD-02890,13/03/2026,C-0941,Bicicleta Urban 21,Deportes,Move,Centro,App,Tarjeta crédito,1,7499,0,7499
ORD-02924,13/03/2026,C-0714,Tenis Casual Street,Moda,Urban Co.,Norte,Web,Tarjeta crédito,2,1399,0,2798
ORD-02941,13/03/2026,C-0923,Smartphone X1,Electrónica,Nova,Occidente,Web,PayPal,1,8999,15,7649.15
ORD-02961,13/03/2026,C-0600,Freidora AirCook,Hogar,KitchenLab,Norte,App,PayPal,1,2499,20,1999.2
ORD-00002,14/03/2026,C-0734,Audífonos AirBeat,Electrónica,SoundPro,Centro,Web,Tarjeta crédito,1,1499,5,1424.05
ORD-00052,14/03/2026,C-0726,Sudadera Essential,Moda,BasicLab,Occidente,App,Tarjeta crédito,1,999,5,949.05
ORD-00088,14/03/2026,C-0237,Mochila Training,Deportes,Move,Sureste,App,Tarjeta crédito,1,899,0,899
ORD-00124,14/03/2026,C-0635,Tablet Go 10,Electrónica,Nova,Occidente,App,Tarjeta crédito,2,6299,0,12598
ORD-00139,14/03/2026,C-0241,Cafetera HomeBrew,Hogar,HomePlus,Centro,Web,Tarjeta crédito,1,1799,20,1439.2
ORD-00157,14/03/2026,C-0295,Chamarra Urban,Moda,Urban Co.,Norte,App,PayPal,2,1599,10,2878.2
ORD-00199,14/03/2026,C-0813,Smartwatch FitGo,Deportes,FitGo,Centro,Web,Tarjeta crédito,1,2299,0,2299
ORD-00225,14/03/2026,C-0166,Auto Control Remoto,Juguetes,FunTech,Norte,Marketplace,PayPal,1,999,5,949.05
ORD-00275,14/03/2026,C-0484,Smartphone X1,Electrónica,Nova,Norte,Web,Transferencia,1,8999,15,7649.15
ORD-00276,14/03/2026,C-0384,Smartphone X1,Electrónica,Nova,Centro,Web,Tarjeta débito,3,8999,10,24297.3
ORD-00295,14/03/2026,C-0599,Licuadora MixPlus,Hogar,HomePlus,Centro,Marketplace,PayPal,1,1199,0,1199
ORD-00296,14/03/2026,C-0564,Smartwatch FitGo,Deportes,FitGo,Centro,Web,Tarjeta crédito,1,2299,5,2184.05
ORD-00312,14/03/2026,C-0793,Smartphone X1,Electrónica,Nova,Centro,Web,Tarjeta débito,1,8999,5,8549.05
ORD-00318,14/03/2026,C-0586,Laptop Nova 14,Electrónica,Nova,Norte,Web,Transferencia,3,18999,15,48447.45
ORD-00376,14/03/2026,C-0318,Sudadera Essential,Moda,BasicLab,Occidente,Web,Tarjeta débito,1,999,5,949.05
ORD-00382,14/03/2026,C-0467,Aspiradora CleanPro,Hogar,CleanPro,Centro,Web,Tarjeta débito,1,3299,5,3134.05
ORD-00429,14/03/2026,C-0211,Chamarra Urban,Moda,Urban Co.,Sureste,Web,PayPal,1,1599,0,1599
ORD-00430,14/03/2026,C-0244,Auto Control Remoto,Juguetes,FunTech,Occidente,App,Tarjeta débito,1,999,0,999
ORD-00457,14/03/2026,C-0534,Bicicleta Urban 21,Deportes,Move,Sureste,Marketplace,Tarjeta débito,1,7499,0,7499
ORD-00472,14/03/2026,C-0383,Freidora AirCook,Hogar,KitchenLab,Norte,Marketplace,Tarjeta crédito,1,2499,0,2499
ORD-00569,14/03/2026,C-0822,Chamarra Urban,Moda,Urban Co.,Occidente,Web,Tarjeta crédito,1,1599,5,1519.05
ORD-00605,14/03/2026,C-0665,Aspiradora CleanPro,Hogar,CleanPro,Centro,Marketplace,Transferencia,1,3299,0,3299
ORD-00621,14/03/2026,C-0279,Cafetera HomeBrew,Hogar,HomePlus,Occidente,App,PayPal,1,1799,5,1709.05
ORD-00645,14/03/2026,C-0752,Muñeca Adventure,Juguetes,PlayBox,Sur,App,Tarjeta crédito,1,649,5,616.55
ORD-00687,14/03/2026,C-0450,Cafetera HomeBrew,Hogar,HomePlus,Centro,App,Tarjeta crédito,1,1799,0,1799
ORD-00747,14/03/2026,C-0947,Licuadora MixPlus,Hogar,HomePlus,Occidente,App,Tarjeta débito,1,1199,0,1199
ORD-00748,14/03/2026,C-0017,Licuadora MixPlus,Hogar,HomePlus,Centro,Marketplace,Tarjeta débito,1,1199,0,1199
ORD-00855,14/03/2026,C-0193,Sudadera Essential,Moda,BasicLab,Norte,Marketplace,Tarjeta crédito,1,999,0,999
ORD-00857,14/03/2026,C-0320,Sudadera Essential,Moda,BasicLab,Norte,Web,PayPal,1,999,15,849.15
ORD-00880,14/03/2026,C-0037,Smartphone X1,Electrónica,Nova,Sureste,Web,Tarjeta débito,1,8999,10,8099.1
ORD-00894,14/03/2026,C-0020,Aspiradora CleanPro,Hogar,CleanPro,Norte,App,Tarjeta débito,1,3299,10,2969.1
ORD-00922,14/03/2026,C-0015,Licuadora MixPlus,Hogar,HomePlus,Occidente,Web,Transferencia,1,1199,0,1199
ORD-00923,14/03/2026,C-0209,Jeans Classic,Moda,Urban Co.,Sur,Marketplace,PayPal,1,899,0,899
ORD-01034,14/03/2026,C-0417,Laptop Nova 14,Electrónica,Nova,Occidente,Marketplace,Tarjeta crédito,1,18999,15,16149.15
ORD-01036,14/03/2026,C-0828,Cafetera HomeBrew,Hogar,HomePlus,Occidente,Web,Tarjeta crédito,2,1799,0,3598
ORD-01076,14/03/2026,C-0132,Muñeca Adventure,Juguetes,PlayBox,Centro,App,Tarjeta débito,1,649,0,649
ORD-01084,14/03/2026,C-0211,Audífonos AirBeat,Electrónica,SoundPro,Norte,Web,Transferencia,1,1499,10,1349.1
ORD-01089,14/03/2026,C-0188,Tenis Casual Street,Moda,Urban Co.,Centro,Marketplace,PayPal,2,1399,0,2798
ORD-01110,14/03/2026,C-0156,Tablet Go 10,Electrónica,Nova,Sur,App,Tarjeta crédito,1,6299,0,6299
ORD-01119,14/03/2026,C-0021,Tenis Runner Pro,Deportes,Move,Norte,App,PayPal,2,1899,10,3418.2
ORD-01120,14/03/2026,C-0745,Jeans Classic,Moda,Urban Co.,Sur,App,Transferencia,1,899,5,854.05
ORD-01123,14/03/2026,C-0603,Licuadora MixPlus,Hogar,HomePlus,Sureste,Marketplace,Tarjeta crédito,1,1199,0,1199
ORD-01143,14/03/2026,C-0649,Tenis Runner Pro,Deportes,Move,Occidente,Web,Tarjeta débito,1,1899,15,1614.15
ORD-01197,14/03/2026,C-0694,Auto Control Remoto,Juguetes,FunTech,Occidente,Marketplace,Tarjeta crédito,1,999,0,999
ORD-01228,14/03/2026,C-0133,Smartphone X1,Electrónica,Nova,Occidente,Marketplace,PayPal,1,8999,0,8999
ORD-01276,14/03/2026,C-0816,Audífonos AirBeat,Electrónica,SoundPro,Sureste,App,Tarjeta débito,1,1499,10,1349.1
ORD-01290,14/03/2026,C-0720,Licuadora MixPlus,Hogar,HomePlus,Centro,Web,Tarjeta crédito,1,1199,20,959.2
ORD-01296,14/03/2026,C-0935,Licuadora MixPlus,Hogar,HomePlus,Norte,App,PayPal,1,1199,15,1019.15
ORD-01317,14/03/2026,C-0081,Audífonos AirBeat,Electrónica,SoundPro,Centro,App,Tarjeta crédito,1,1499,5,1424.05
ORD-01364,14/03/2026,C-0874,Chamarra Urban,Moda,Urban Co.,Norte,Web,Tarjeta crédito,1,1599,0,1599
ORD-01382,14/03/2026,C-0559,Cafetera HomeBrew,Hogar,HomePlus,Occidente,Web,Tarjeta crédito,1,1799,5,1709.05
ORD-01385,14/03/2026,C-0383,Muñeca Adventure,Juguetes,PlayBox,Centro,Web,Transferencia,1,649,10,584.1
ORD-01437,14/03/2026,C-0567,Tenis Casual Street,Moda,Urban Co.,Sur,App,Transferencia,2,1399,10,2518.2
ORD-01449,14/03/2026,C-0369,Sudadera Essential,Moda,BasicLab,Centro,Web,Tarjeta crédito,1,999,0,999
ORD-01450,14/03/2026,C-0378,Aspiradora CleanPro,Hogar,CleanPro,Sureste,Web,Transferencia,1,3299,0,3299
ORD-01482,14/03/2026,C-0270,Tablet Go 10,Electrónica,Nova,Centro,App,Tarjeta crédito,1,6299,0,6299
ORD-01486,14/03/2026,C-0722,Tablet Go 10,Electrónica,Nova,Centro,App,Tarjeta crédito,1,6299,0,6299
ORD-01517,14/03/2026,C-0555,Set Bloques Creativos,Juguetes,PlayBox,Occidente,Web,Tarjeta débito,1,799,0,799
ORD-01624,14/03/2026,C-0661,Cafetera HomeBrew,Hogar,HomePlus,Occidente,App,Tarjeta crédito,1,1799,5,1709.05
ORD-01627,14/03/2026,C-0843,Smartphone X1,Electrónica,Nova,Occidente,Web,PayPal,1,8999,0,8999
ORD-01644,14/03/2026,C-0525,Bicicleta Urban 21,Deportes,Move,Norte,App,Tarjeta crédito,2,7499,5,14248.1
ORD-01660,14/03/2026,C-0445,Licuadora MixPlus,Hogar,HomePlus,Norte,Marketplace,Tarjeta crédito,2,1199,15,2038.3
ORD-01669,14/03/2026,C-0319,Tenis Runner Pro,Deportes,Move,Sur,App,Tarjeta crédito,1,1899,5,1804.05
ORD-01697,14/03/2026,C-0927,Auto Control Remoto,Juguetes,FunTech,Centro,Web,PayPal,2,999,10,1798.2
ORD-01755,14/03/2026,C-0837,Set Bloques Creativos,Juguetes,PlayBox,Occidente,Web,Tarjeta crédito,2,799,0,1598
ORD-01773,14/03/2026,C-0362,Smartphone X1,Electrónica,Nova,Occidente,App,Tarjeta crédito,2,8999,0,17998
ORD-01779,14/03/2026,C-0280,Muñeca Adventure,Juguetes,PlayBox,Centro,App,Tarjeta débito,1,649,0,649
ORD-01786,14/03/2026,C-0926,Set Bloques Creativos,Juguetes,PlayBox,Centro,App,Tarjeta débito,1,799,20,639.2
ORD-01844,14/03/2026,C-0008,Jeans Classic,Moda,Urban Co.,Occidente,Web,Tarjeta débito,1,899,0,899
ORD-01856,14/03/2026,C-0468,Smartphone X1,Electrónica,Nova,Occidente,Web,Tarjeta crédito,1,8999,0,8999
ORD-01867,14/03/2026,C-0462,Licuadora MixPlus,Hogar,HomePlus,Centro,Web,Tarjeta crédito,1,1199,15,1019.15
ORD-01946,14/03/2026,C-0221,Smartwatch FitGo,Deportes,FitGo,Norte,Web,Tarjeta crédito,2,2299,0,4598
ORD-01968,14/03/2026,C-0901,Freidora AirCook,Hogar,KitchenLab,Norte,Web,Transferencia,1,2499,0,2499
ORD-01990,14/03/2026,C-0298,Smartwatch FitGo,Deportes,FitGo,Sur,App,Tarjeta crédito,1,2299,15,1954.15
ORD-02007,14/03/2026,C-0653,Sudadera Essential,Moda,BasicLab,Centro,App,PayPal,1,999,0,999
ORD-02047,14/03/2026,C-0698,Audífonos AirBeat,Electrónica,SoundPro,Sur,Web,Tarjeta crédito,1,1499,20,1199.2
ORD-02053,14/03/2026,C-0757,Cafetera HomeBrew,Hogar,HomePlus,Occidente,Marketplace,PayPal,1,1799,5,1709.05
ORD-02078,14/03/2026,C-0375,Audífonos AirBeat,Electrónica,SoundPro,Centro,Web,Tarjeta crédito,1,1499,0,1499
ORD-02132,14/03/2026,C-0646,Chamarra Urban,Moda,Urban Co.,Occidente,Web,Tarjeta débito,1,1599,5,1519.05
ORD-02137,14/03/2026,C-0782,Tenis Casual Street,Moda,Urban Co.,Occidente,Marketplace,Tarjeta crédito,1,1399,20,1119.2
ORD-02196,14/03/2026,C-0505,Smartwatch FitGo,Deportes,FitGo,Sur,App,Tarjeta débito,1,2299,0,2299
ORD-02334,14/03/2026,C-0891,Chamarra Urban,Moda,Urban Co.,Centro,App,Tarjeta crédito,2,1599,0,3198
ORD-02356,14/03/2026,C-0889,Licuadora MixPlus,Hogar,HomePlus,Norte,Web,Tarjeta crédito,1,1199,10,1079.1
ORD-02382,14/03/2026,C-0886,Set Bloques Creativos,Juguetes,PlayBox,Centro,Web,Tarjeta crédito,1,799,10,719.1
ORD-02428,14/03/2026,C-0403,Mochila Training,Deportes,Move,Occidente,Web,Tarjeta crédito,1,899,15,764.15
ORD-02449,14/03/2026,C-0845,Tenis Runner Pro,Deportes,Move,Norte,Web,Tarjeta crédito,1,1899,0,1899
ORD-02518,14/03/2026,C-0038,Jeans Classic,Moda,Urban Co.,Sureste,App,Tarjeta débito,1,899,5,854.05
ORD-02527,14/03/2026,C-0092,Chamarra Urban,Moda,Urban Co.,Norte,Web,Tarjeta débito,1,1599,0,1599
ORD-02539,14/03/2026,C-0838,Aspiradora CleanPro,Hogar,CleanPro,Centro,App,Tarjeta débito,1,3299,0,3299
ORD-02550,14/03/2026,C-0469,Smart TV 55,Electrónica,Vision,Centro,App,Tarjeta crédito,1,11999,10,10799.1
ORD-02557,14/03/2026,C-0777,Muñeca Adventure,Juguetes,PlayBox,Norte,Web,PayPal,2,649,10,1168.2
ORD-02663,14/03/2026,C-0419,Tenis Casual Street,Moda,Urban Co.,Centro,App,Tarjeta crédito,1,1399,0,1399
ORD-02678,14/03/2026,C-0085,Muñeca Adventure,Juguetes,PlayBox,Norte,Marketplace,Tarjeta débito,1,649,0,649
ORD-02683,14/03/2026,C-0849,Mochila Training,Deportes,Move,Sureste,App,Tarjeta crédito,1,899,10,809.1
ORD-02696,14/03/2026,C-0182,Mochila Training,Deportes,Move,Sureste,App,Tarjeta crédito,1,899,0,899
ORD-02707,14/03/2026,C-0860,Bicicleta Urban 21,Deportes,Move,Sur,Marketplace,Transferencia,2,7499,10,13498.2
ORD-02775,14/03/2026,C-0846,Smartphone X1,Electrónica,Nova,Occidente,Web,Tarjeta crédito,1,8999,0,8999
ORD-02808,14/03/2026,C-0714,Licuadora MixPlus,Hogar,HomePlus,Occidente,Web,Tarjeta débito,3,1199,20,2877.6
ORD-02939,14/03/2026,C-0278,Mochila Training,Deportes,Move,Norte,Marketplace,Tarjeta crédito,3,899,5,2562.15
ORD-02980,14/03/2026,C-0776,Freidora AirCook,Hogar,KitchenLab,Norte,Marketplace,Tarjeta débito,1,2499,0,2499
ORD-02988,14/03/2026,C-0006,Muñeca Adventure,Juguetes,PlayBox,Sur,App,Tarjeta crédito,3,649,0,1947
ORD-00028,15/03/2026,C-0052,Smart TV 55,Electrónica,Vision,Centro,Marketplace,Tarjeta débito,1,11999,10,10799.1
ORD-00063,15/03/2026,C-0628,Audífonos AirBeat,Electrónica,SoundPro,Occidente,Marketplace,Tarjeta débito,2,1499,15,2548.3
ORD-00098,15/03/2026,C-0881,Laptop Nova 14,Electrónica,Nova,Occidente,App,Tarjeta crédito,1,18999,0,18999
ORD-00107,15/03/2026,C-0845,Mochila Training,Deportes,Move,Centro,Web,Tarjeta crédito,2,899,10,1618.2
ORD-00126,15/03/2026,C-0602,Set Bloques Creativos,Juguetes,PlayBox,Sureste,App,Tarjeta crédito,1,799,0,799
ORD-00175,15/03/2026,C-0643,Jeans Classic,Moda,Urban Co.,Occidente,Marketplace,Tarjeta débito,1,899,20,719.2
ORD-00176,15/03/2026,C-0520,Aspiradora CleanPro,Hogar,CleanPro,Centro,App,Tarjeta crédito,1,3299,0,3299
ORD-00177,15/03/2026,C-0876,Smartphone X1,Electrónica,Nova,Norte,Web,PayPal,2,8999,0,17998
ORD-00192,15/03/2026,C-0205,Auto Control Remoto,Juguetes,FunTech,Sur,App,Tarjeta débito,1,999,0,999
ORD-00198,15/03/2026,C-0745,Jeans Classic,Moda,Urban Co.,Occidente,Marketplace,Tarjeta crédito,1,899,0,899
ORD-00209,15/03/2026,C-0947,Licuadora MixPlus,Hogar,HomePlus,Sureste,Web,Transferencia,1,1199,0,1199
ORD-00212,15/03/2026,C-0811,Freidora AirCook,Hogar,KitchenLab,Centro,Marketplace,Tarjeta crédito,1,2499,20,1999.2
ORD-00242,15/03/2026,C-0403,Tenis Runner Pro,Deportes,Move,Centro,Marketplace,Tarjeta crédito,1,1899,15,1614.15
ORD-00266,15/03/2026,C-0670,Licuadora MixPlus,Hogar,HomePlus,Sur,Marketplace,Tarjeta crédito,1,1199,10,1079.1
ORD-00280,15/03/2026,C-0829,Tablet Go 10,Electrónica,Nova,Norte,Web,Transferencia,1,6299,10,5669.1
ORD-00288,15/03/2026,C-0249,Audífonos AirBeat,Electrónica,SoundPro,Sureste,App,Transferencia,1,1499,5,1424.05
ORD-00316,15/03/2026,C-0569,Muñeca Adventure,Juguetes,PlayBox,Norte,Web,Tarjeta crédito,1,649,0,649
ORD-00321,15/03/2026,C-0824,Smartwatch FitGo,Deportes,FitGo,Centro,Web,Transferencia,1,2299,0,2299
ORD-00322,15/03/2026,C-0329,Tenis Casual Street,Moda,Urban Co.,Norte,Marketplace,PayPal,1,1399,20,1119.2
ORD-00346,15/03/2026,C-0282,Jeans Classic,Moda,Urban Co.,Norte,Web,Tarjeta crédito,1,899,10,809.1
ORD-00356,15/03/2026,C-0712,Freidora AirCook,Hogar,KitchenLab,Centro,App,PayPal,2,2499,0,4998
ORD-00358,15/03/2026,C-0440,Jeans Classic,Moda,Urban Co.,Occidente,App,PayPal,1,899,10,809.1
ORD-00401,15/03/2026,C-0228,Tablet Go 10,Electrónica,Nova,Centro,App,Tarjeta crédito,2,6299,0,12598
ORD-00425,15/03/2026,C-0560,Smartphone X1,Electrónica,Nova,Sur,Marketplace,PayPal,1,8999,0,8999
ORD-00488,15/03/2026,C-0117,Licuadora MixPlus,Hogar,HomePlus,Sureste,Web,PayPal,1,1199,0,1199
ORD-00498,15/03/2026,C-0510,Tablet Go 10,Electrónica,Nova,Norte,App,Tarjeta crédito,1,6299,0,6299
ORD-00502,15/03/2026,C-0820,Licuadora MixPlus,Hogar,HomePlus,Centro,App,Tarjeta crédito,2,1199,0,2398
ORD-00506,15/03/2026,C-0754,Sudadera Essential,Moda,BasicLab,Norte,App,Tarjeta débito,1,999,15,849.15
ORD-00559,15/03/2026,C-0371,Set Bloques Creativos,Juguetes,PlayBox,Centro,Web,Tarjeta débito,1,799,0,799
ORD-00585,15/03/2026,C-0075,Auto Control Remoto,Juguetes,FunTech,Sureste,App,Tarjeta crédito,1,999,0,999
ORD-00587,15/03/2026,C-0470,Cafetera HomeBrew,Hogar,HomePlus,Sureste,App,PayPal,3,1799,10,4857.3
ORD-00628,15/03/2026,C-0682,Sudadera Essential,Moda,BasicLab,Centro,Marketplace,Tarjeta crédito,1,999,10,899.1
ORD-00705,15/03/2026,C-0920,Smart TV 55,Electrónica,Vision,Sur,Web,Tarjeta crédito,1,11999,10,10799.1
ORD-00711,15/03/2026,C-0424,Audífonos AirBeat,Electrónica,SoundPro,Occidente,Web,PayPal,4,1499,10,5396.4
ORD-00735,15/03/2026,C-0416,Licuadora MixPlus,Hogar,HomePlus,Sur,Web,Tarjeta crédito,1,1199,5,1139.05
ORD-00754,15/03/2026,C-0680,Sudadera Essential,Moda,BasicLab,Occidente,App,Tarjeta débito,1,999,0,999
ORD-00830,15/03/2026,C-0180,Licuadora MixPlus,Hogar,HomePlus,Sureste,App,Tarjeta crédito,1,1199,5,1139.05
ORD-00834,15/03/2026,C-0663,Audífonos AirBeat,Electrónica,SoundPro,Sureste,Web,Transferencia,1,1499,5,1424.05
ORD-00942,15/03/2026,C-0217,Smartwatch FitGo,Deportes,FitGo,Norte,App,PayPal,1,2299,15,1954.15
ORD-00947,15/03/2026,C-0831,Smart TV 55,Electrónica,Vision,Sureste,App,Tarjeta débito,2,11999,0,23998
ORD-00953,15/03/2026,C-0305,Jeans Classic,Moda,Urban Co.,Centro,Web,Tarjeta crédito,2,899,0,1798
ORD-01026,15/03/2026,C-0182,Sudadera Essential,Moda,BasicLab,Occidente,Web,PayPal,1,999,10,899.1
ORD-01044,15/03/2026,C-0802,Freidora AirCook,Hogar,KitchenLab,Sur,Marketplace,Tarjeta débito,3,2499,0,7497
ORD-01068,15/03/2026,C-0184,Aspiradora CleanPro,Hogar,CleanPro,Norte,Web,PayPal,1,3299,0,3299
ORD-01075,15/03/2026,C-0789,Mochila Training,Deportes,Move,Sur,App,PayPal,1,899,0,899
ORD-01086,15/03/2026,C-0827,Jeans Classic,Moda,Urban Co.,Centro,Web,Tarjeta crédito,1,899,0,899
ORD-01095,15/03/2026,C-0841,Tenis Runner Pro,Deportes,Move,Centro,App,Tarjeta crédito,1,1899,15,1614.15
ORD-01141,15/03/2026,C-0126,Audífonos AirBeat,Electrónica,SoundPro,Sureste,Web,PayPal,1,1499,15,1274.15
ORD-01157,15/03/2026,C-0151,Mochila Training,Deportes,Move,Centro,Marketplace,Tarjeta crédito,1,899,0,899
ORD-01208,15/03/2026,C-0905,Cafetera HomeBrew,Hogar,HomePlus,Occidente,Web,Tarjeta crédito,1,1799,10,1619.1
ORD-01239,15/03/2026,C-0160,Tablet Go 10,Electrónica,Nova,Centro,Web,Tarjeta débito,2,6299,10,11338.2
ORD-01299,15/03/2026,C-0270,Audífonos AirBeat,Electrónica,SoundPro,Sureste,App,Tarjeta crédito,1,1499,10,1349.1
ORD-01356,15/03/2026,C-0407,Chamarra Urban,Moda,Urban Co.,Norte,Web,Tarjeta débito,1,1599,0,1599
ORD-01368,15/03/2026,C-0878,Cafetera HomeBrew,Hogar,HomePlus,Centro,Web,Tarjeta débito,2,1799,15,3058.3
ORD-01384,15/03/2026,C-0028,Jeans Classic,Moda,Urban Co.,Norte,App,Transferencia,2,899,0,1798
ORD-01475,15/03/2026,C-0443,Audífonos AirBeat,Electrónica,SoundPro,Centro,Web,Tarjeta débito,1,1499,10,1349.1
ORD-01550,15/03/2026,C-0741,Sudadera Essential,Moda,BasicLab,Occidente,App,PayPal,1,999,0,999
ORD-01558,15/03/2026,C-0137,Licuadora MixPlus,Hogar,HomePlus,Occidente,App,Tarjeta crédito,2,1199,0,2398
ORD-01592,15/03/2026,C-0782,Tenis Casual Street,Moda,Urban Co.,Centro,Marketplace,Tarjeta crédito,2,1399,0,2798
ORD-01609,15/03/2026,C-0880,Tenis Runner Pro,Deportes,Move,Occidente,Web,PayPal,1,1899,0,1899
ORD-01623,15/03/2026,C-0001,Jeans Classic,Moda,Urban Co.,Sur,Web,PayPal,1,899,5,854.05
ORD-01687,15/03/2026,C-0685,Set Bloques Creativos,Juguetes,PlayBox,Norte,App,Tarjeta crédito,1,799,0,799
ORD-01724,15/03/2026,C-0699,Laptop Nova 14,Electrónica,Nova,Occidente,Web,Tarjeta crédito,1,18999,10,17099.1
ORD-01789,15/03/2026,C-0088,Mochila Training,Deportes,Move,Sureste,Marketplace,Transferencia,2,899,5,1708.1
ORD-01794,15/03/2026,C-0676,Cafetera HomeBrew,Hogar,HomePlus,Sureste,Web,Tarjeta crédito,1,1799,20,1439.2
ORD-01976,15/03/2026,C-0622,Audífonos AirBeat,Electrónica,SoundPro,Occidente,Web,Tarjeta débito,1,1499,5,1424.05
ORD-01993,15/03/2026,C-0594,Smartwatch FitGo,Deportes,FitGo,Centro,Marketplace,PayPal,1,2299,10,2069.1
ORD-02035,15/03/2026,C-0182,Smartphone X1,Electrónica,Nova,Occidente,Web,Tarjeta crédito,1,8999,0,8999
ORD-02141,15/03/2026,C-0277,Smartwatch FitGo,Deportes,FitGo,Occidente,App,Tarjeta crédito,1,2299,0,2299
ORD-02222,15/03/2026,C-0451,Smart TV 55,Electrónica,Vision,Occidente,Marketplace,Tarjeta débito,1,11999,0,11999
ORD-02259,15/03/2026,C-0730,Chamarra Urban,Moda,Urban Co.,Centro,App,Tarjeta crédito,1,1599,0,1599
ORD-02283,15/03/2026,C-0451,Jeans Classic,Moda,Urban Co.,Sureste,Marketplace,Tarjeta débito,1,899,10,809.1
ORD-02307,15/03/2026,C-0638,Cafetera HomeBrew,Hogar,HomePlus,Centro,App,Transferencia,2,1799,10,3238.2
ORD-02375,15/03/2026,C-0190,Freidora AirCook,Hogar,KitchenLab,Centro,Web,PayPal,1,2499,0,2499
ORD-02378,15/03/2026,C-0376,Smartwatch FitGo,Deportes,FitGo,Centro,App,Transferencia,2,2299,15,3908.3
ORD-02389,15/03/2026,C-0441,Tenis Casual Street,Moda,Urban Co.,Centro,App,Tarjeta crédito,1,1399,0,1399
ORD-02406,15/03/2026,C-0735,Chamarra Urban,Moda,Urban Co.,Occidente,Web,Tarjeta débito,1,1599,0,1599
ORD-02560,15/03/2026,C-0836,Licuadora MixPlus,Hogar,HomePlus,Centro,App,Tarjeta débito,1,1199,0,1199
ORD-02584,15/03/2026,C-0215,Sudadera Essential,Moda,BasicLab,Norte,App,Transferencia,1,999,0,999
ORD-02598,15/03/2026,C-0398,Muñeca Adventure,Juguetes,PlayBox,Occidente,App,PayPal,2,649,5,1233.1
ORD-02627,15/03/2026,C-0585,Sudadera Essential,Moda,BasicLab,Centro,App,Tarjeta crédito,1,999,0,999
ORD-02647,15/03/2026,C-0296,Chamarra Urban,Moda,Urban Co.,Sur,Web,Tarjeta crédito,1,1599,15,1359.15
ORD-02714,15/03/2026,C-0707,Bicicleta Urban 21,Deportes,Move,Norte,Web,PayPal,1,7499,0,7499
ORD-02755,15/03/2026,C-0569,Tablet Go 10,Electrónica,Nova,Centro,Web,PayPal,1,6299,0,6299
ORD-02764,15/03/2026,C-0143,Aspiradora CleanPro,Hogar,CleanPro,Centro,Web,Tarjeta crédito,2,3299,0,6598
ORD-02768,15/03/2026,C-0926,Tenis Runner Pro,Deportes,Move,Centro,Web,PayPal,1,1899,15,1614.15
ORD-02798,15/03/2026,C-0171,Tablet Go 10,Electrónica,Nova,Norte,Web,Tarjeta crédito,1,6299,0,6299
ORD-02835,15/03/2026,C-0330,Smartwatch FitGo,Deportes,FitGo,Norte,Web,Tarjeta crédito,1,2299,0,2299
ORD-02927,15/03/2026,C-0559,Audífonos AirBeat,Electrónica,SoundPro,Centro,App,Tarjeta débito,2,1499,10,2698.2
ORD-02932,15/03/2026,C-0316,Sudadera Essential,Moda,BasicLab,Centro,App,Transferencia,2,999,5,1898.1
ORD-02987,15/03/2026,C-0768,Cafetera HomeBrew,Hogar,HomePlus,Centro,App,PayPal,1,1799,0,1799
ORD-00020,16/03/2026,C-0563,Smartphone X1,Electrónica,Nova,Sur,Marketplace,Tarjeta débito,1,8999,0,8999
ORD-00076,16/03/2026,C-0172,Tablet Go 10,Electrónica,Nova,Occidente,App,Tarjeta crédito,2,6299,5,11968.1
ORD-00125,16/03/2026,C-0010,Chamarra Urban,Moda,Urban Co.,Sureste,Web,Tarjeta débito,1,1599,0,1599
ORD-00237,16/03/2026,C-0111,Smartphone X1,Electrónica,Nova,Occidente,Marketplace,Tarjeta débito,1,8999,0,8999
ORD-00251,16/03/2026,C-0305,Cafetera HomeBrew,Hogar,HomePlus,Centro,Web,Tarjeta débito,3,1799,0,5397
ORD-00269,16/03/2026,C-0483,Muñeca Adventure,Juguetes,PlayBox,Centro,App,Tarjeta débito,1,649,0,649
ORD-00294,16/03/2026,C-0209,Tenis Runner Pro,Deportes,Move,Norte,Marketplace,Tarjeta débito,1,1899,10,1709.1
ORD-00306,16/03/2026,C-0804,Licuadora MixPlus,Hogar,HomePlus,Centro,Web,Tarjeta crédito,1,1199,0,1199
ORD-00308,16/03/2026,C-0674,Set Bloques Creativos,Juguetes,PlayBox,Centro,Marketplace,Tarjeta débito,1,799,0,799
ORD-00344,16/03/2026,C-0010,Mochila Training,Deportes,Move,Centro,Web,PayPal,2,899,5,1708.1
ORD-00359,16/03/2026,C-0497,Tenis Casual Street,Moda,Urban Co.,Centro,Marketplace,Tarjeta crédito,1,1399,5,1329.05
ORD-00495,16/03/2026,C-0628,Jeans Classic,Moda,Urban Co.,Norte,App,Tarjeta crédito,1,899,10,809.1
ORD-00564,16/03/2026,C-0841,Freidora AirCook,Hogar,KitchenLab,Sur,Web,PayPal,2,2499,5,4748.1
ORD-00595,16/03/2026,C-0132,Tenis Casual Street,Moda,Urban Co.,Centro,App,Tarjeta débito,2,1399,0,2798
ORD-00629,16/03/2026,C-0763,Auto Control Remoto,Juguetes,FunTech,Norte,Marketplace,Transferencia,2,999,0,1998
ORD-00644,16/03/2026,C-0762,Tablet Go 10,Electrónica,Nova,Sureste,Marketplace,Tarjeta débito,1,6299,5,5984.05
ORD-00663,16/03/2026,C-0754,Jeans Classic,Moda,Urban Co.,Occidente,App,Tarjeta débito,1,899,0,899
ORD-00686,16/03/2026,C-0948,Tenis Casual Street,Moda,Urban Co.,Norte,Web,Tarjeta crédito,3,1399,0,4197
ORD-00688,16/03/2026,C-0623,Tenis Casual Street,Moda,Urban Co.,Occidente,Marketplace,PayPal,2,1399,0,2798
ORD-00710,16/03/2026,C-0002,Jeans Classic,Moda,Urban Co.,Norte,Web,Tarjeta débito,3,899,10,2427.3
ORD-00741,16/03/2026,C-0774,Licuadora MixPlus,Hogar,HomePlus,Occidente,Web,Tarjeta crédito,1,1199,0,1199
ORD-00756,16/03/2026,C-0818,Sudadera Essential,Moda,BasicLab,Norte,Marketplace,Tarjeta débito,1,999,0,999
ORD-00809,16/03/2026,C-0439,Tenis Casual Street,Moda,Urban Co.,Sur,Web,Tarjeta débito,1,1399,0,1399
ORD-00812,16/03/2026,C-0772,Mochila Training,Deportes,Move,Sur,App,Tarjeta crédito,1,899,0,899
ORD-00835,16/03/2026,C-0819,Jeans Classic,Moda,Urban Co.,Sureste,Marketplace,PayPal,1,899,20,719.2
ORD-00848,16/03/2026,C-0069,Freidora AirCook,Hogar,KitchenLab,Sureste,App,Tarjeta crédito,1,2499,10,2249.1
ORD-00879,16/03/2026,C-0783,Chamarra Urban,Moda,Urban Co.,Norte,App,PayPal,1,1599,5,1519.05
ORD-00882,16/03/2026,C-0482,Jeans Classic,Moda,Urban Co.,Sur,App,Tarjeta débito,1,899,5,854.05
ORD-00889,16/03/2026,C-0348,Audífonos AirBeat,Electrónica,SoundPro,Centro,App,Tarjeta crédito,2,1499,5,2848.1
ORD-00900,16/03/2026,C-0140,Aspiradora CleanPro,Hogar,CleanPro,Occidente,Web,Tarjeta débito,1,3299,0,3299
ORD-00914,16/03/2026,C-0103,Muñeca Adventure,Juguetes,PlayBox,Sur,Marketplace,Tarjeta crédito,2,649,0,1298
ORD-00934,16/03/2026,C-0055,Aspiradora CleanPro,Hogar,CleanPro,Sur,Web,PayPal,2,3299,5,6268.1
ORD-00941,16/03/2026,C-0672,Jeans Classic,Moda,Urban Co.,Norte,Marketplace,Tarjeta débito,3,899,0,2697
ORD-00957,16/03/2026,C-0692,Smartwatch FitGo,Deportes,FitGo,Centro,Marketplace,Tarjeta débito,3,2299,5,6552.15
ORD-00995,16/03/2026,C-0798,Set Bloques Creativos,Juguetes,PlayBox,Centro,Web,Tarjeta débito,1,799,0,799
ORD-01139,16/03/2026,C-0323,Cafetera HomeBrew,Hogar,HomePlus,Norte,Web,Tarjeta débito,2,1799,0,3598
ORD-01173,16/03/2026,C-0731,Smart TV 55,Electrónica,Vision,Sureste,App,Tarjeta crédito,1,11999,0,11999
ORD-01175,16/03/2026,C-0772,Sudadera Essential,Moda,BasicLab,Centro,Marketplace,Tarjeta débito,1,999,10,899.1
ORD-01214,16/03/2026,C-0288,Cafetera HomeBrew,Hogar,HomePlus,Centro,Web,Tarjeta débito,1,1799,10,1619.1
ORD-01247,16/03/2026,C-0845,Aspiradora CleanPro,Hogar,CleanPro,Centro,Web,Tarjeta débito,1,3299,5,3134.05
ORD-01375,16/03/2026,C-0572,Auto Control Remoto,Juguetes,FunTech,Sureste,Web,Tarjeta débito,1,999,5,949.05
ORD-01434,16/03/2026,C-0676,Smartwatch FitGo,Deportes,FitGo,Centro,Web,Tarjeta débito,1,2299,0,2299
ORD-01455,16/03/2026,C-0933,Smartphone X1,Electrónica,Nova,Occidente,App,Tarjeta crédito,1,8999,0,8999
ORD-01481,16/03/2026,C-0768,Smart TV 55,Electrónica,Vision,Centro,Web,PayPal,2,11999,15,20398.3
ORD-01507,16/03/2026,C-0880,Tenis Runner Pro,Deportes,Move,Centro,App,Tarjeta crédito,1,1899,10,1709.1
ORD-01514,16/03/2026,C-0320,Jeans Classic,Moda,Urban Co.,Centro,Web,Tarjeta crédito,3,899,0,2697
ORD-01543,16/03/2026,C-0704,Cafetera HomeBrew,Hogar,HomePlus,Norte,Web,PayPal,2,1799,5,3418.1
ORD-01570,16/03/2026,C-0692,Audífonos AirBeat,Electrónica,SoundPro,Norte,Web,Tarjeta débito,1,1499,0,1499
ORD-01671,16/03/2026,C-0147,Audífonos AirBeat,Electrónica,SoundPro,Sur,Marketplace,Tarjeta crédito,1,1499,0,1499
ORD-01736,16/03/2026,C-0615,Bicicleta Urban 21,Deportes,Move,Centro,Web,Tarjeta crédito,2,7499,10,13498.2
ORD-01788,16/03/2026,C-0599,Tenis Runner Pro,Deportes,Move,Centro,Web,Tarjeta débito,3,1899,10,5127.3
ORD-01792,16/03/2026,C-0197,Auto Control Remoto,Juguetes,FunTech,Centro,Marketplace,Tarjeta crédito,2,999,0,1998
ORD-01798,16/03/2026,C-0936,Mochila Training,Deportes,Move,Centro,Web,Tarjeta débito,2,899,5,1708.1
ORD-01842,16/03/2026,C-0513,Chamarra Urban,Moda,Urban Co.,Centro,Web,Tarjeta crédito,2,1599,0,3198
ORD-01886,16/03/2026,C-0437,Chamarra Urban,Moda,Urban Co.,Centro,App,PayPal,1,1599,0,1599
ORD-01927,16/03/2026,C-0080,Aspiradora CleanPro,Hogar,CleanPro,Norte,Web,Tarjeta débito,1,3299,0,3299
ORD-01932,16/03/2026,C-0201,Auto Control Remoto,Juguetes,FunTech,Centro,Web,Tarjeta débito,1,999,5,949.05
ORD-01945,16/03/2026,C-0119,Tenis Runner Pro,Deportes,Move,Centro,Web,Tarjeta crédito,2,1899,20,3038.4
ORD-01975,16/03/2026,C-0292,Tenis Casual Street,Moda,Urban Co.,Centro,App,Tarjeta débito,2,1399,5,2658.1
ORD-02012,16/03/2026,C-0034,Smartwatch FitGo,Deportes,FitGo,Norte,Marketplace,Tarjeta débito,1,2299,0,2299
ORD-02042,16/03/2026,C-0568,Smart TV 55,Electrónica,Vision,Sureste,Web,Transferencia,1,11999,0,11999
ORD-02045,16/03/2026,C-0778,Audífonos AirBeat,Electrónica,SoundPro,Occidente,Marketplace,Tarjeta crédito,1,1499,10,1349.1
ORD-02051,16/03/2026,C-0863,Tablet Go 10,Electrónica,Nova,Occidente,App,Tarjeta débito,1,6299,5,5984.05
ORD-02142,16/03/2026,C-0907,Laptop Nova 14,Electrónica,Nova,Norte,App,Tarjeta crédito,3,18999,0,56997
ORD-02160,16/03/2026,C-0374,Tenis Casual Street,Moda,Urban Co.,Centro,Web,PayPal,2,1399,0,2798
ORD-02174,16/03/2026,C-0409,Mochila Training,Deportes,Move,Sureste,Web,Tarjeta débito,1,899,0,899
ORD-02190,16/03/2026,C-0325,Sudadera Essential,Moda,BasicLab,Sur,Marketplace,Tarjeta crédito,1,999,10,899.1
ORD-02224,16/03/2026,C-0532,Audífonos AirBeat,Electrónica,SoundPro,Occidente,Marketplace,Tarjeta crédito,3,1499,15,3822.45
ORD-02290,16/03/2026,C-0708,Freidora AirCook,Hogar,KitchenLab,Sureste,App,Tarjeta crédito,2,2499,0,4998
ORD-02419,16/03/2026,C-0936,Licuadora MixPlus,Hogar,HomePlus,Occidente,App,Tarjeta débito,1,1199,0,1199
ORD-02421,16/03/2026,C-0199,Set Bloques Creativos,Juguetes,PlayBox,Norte,App,Tarjeta crédito,1,799,15,679.15
ORD-02484,16/03/2026,C-0709,Smartphone X1,Electrónica,Nova,Centro,Marketplace,PayPal,1,8999,15,7649.15
ORD-02525,16/03/2026,C-0291,Sudadera Essential,Moda,BasicLab,Sur,Web,Tarjeta crédito,2,999,5,1898.1
ORD-02547,16/03/2026,C-0625,Chamarra Urban,Moda,Urban Co.,Sureste,App,Tarjeta débito,2,1599,10,2878.2
ORD-02621,16/03/2026,C-0401,Licuadora MixPlus,Hogar,HomePlus,Centro,App,Transferencia,1,1199,10,1079.1
ORD-02727,16/03/2026,C-0844,Jeans Classic,Moda,Urban Co.,Sureste,App,Tarjeta débito,1,899,0,899
ORD-02746,16/03/2026,C-0900,Jeans Classic,Moda,Urban Co.,Occidente,App,PayPal,1,899,0,899
ORD-02817,16/03/2026,C-0807,Cafetera HomeBrew,Hogar,HomePlus,Norte,App,Tarjeta crédito,2,1799,5,3418.1
ORD-02838,16/03/2026,C-0062,Tenis Casual Street,Moda,Urban Co.,Centro,Web,PayPal,1,1399,0,1399
ORD-02856,16/03/2026,C-0011,Freidora AirCook,Hogar,KitchenLab,Sureste,App,PayPal,1,2499,0,2499
ORD-02895,16/03/2026,C-0429,Audífonos AirBeat,Electrónica,SoundPro,Occidente,Web,Tarjeta crédito,1,1499,0,1499
ORD-02921,16/03/2026,C-0188,Sudadera Essential,Moda,BasicLab,Occidente,Marketplace,Tarjeta crédito,1,999,15,849.15
ORD-02931,16/03/2026,C-0792,Muñeca Adventure,Juguetes,PlayBox,Centro,Web,Tarjeta débito,2,649,15,1103.3
ORD-02967,16/03/2026,C-0192,Mochila Training,Deportes,Move,Sur,Web,Tarjeta débito,1,899,10,809.1
ORD-02974,16/03/2026,C-0393,Tenis Casual Street,Moda,Urban Co.,Centro,App,Tarjeta débito,2,1399,5,2658.1
ORD-02982,16/03/2026,C-0494,Muñeca Adventure,Juguetes,PlayBox,Centro,App,Tarjeta crédito,1,649,15,551.65
ORD-02989,16/03/2026,C-0035,Chamarra Urban,Moda,Urban Co.,Norte,Web,PayPal,1,1599,0,1599
ORD-00017,17/03/2026,C-0157,Jeans Classic,Moda,Urban Co.,Sureste,Marketplace,Tarjeta crédito,1,899,5,854.05
ORD-00021,17/03/2026,C-0206,Audífonos AirBeat,Electrónica,SoundPro,Sureste,Web,Tarjeta crédito,2,1499,5,2848.1
ORD-00053,17/03/2026,C-0373,Freidora AirCook,Hogar,KitchenLab,Sureste,App,Tarjeta débito,1,2499,10,2249.1
ORD-00102,17/03/2026,C-0619,Muñeca Adventure,Juguetes,PlayBox,Occidente,Web,Tarjeta débito,2,649,15,1103.3
ORD-00168,17/03/2026,C-0447,Chamarra Urban,Moda,Urban Co.,Occidente,App,Tarjeta crédito,2,1599,0,3198
ORD-00181,17/03/2026,C-0347,Auto Control Remoto,Juguetes,FunTech,Occidente,Web,Tarjeta crédito,1,999,0,999
ORD-00216,17/03/2026,C-0191,Mochila Training,Deportes,Move,Norte,Web,Tarjeta crédito,1,899,15,764.15
ORD-00223,17/03/2026,C-0076,Jeans Classic,Moda,Urban Co.,Norte,Web,Tarjeta débito,1,899,0,899
ORD-00271,17/03/2026,C-0518,Tenis Runner Pro,Deportes,Move,Occidente,Web,Tarjeta débito,1,1899,0,1899
ORD-00299,17/03/2026,C-0423,Muñeca Adventure,Juguetes,PlayBox,Centro,Marketplace,Transferencia,2,649,5,1233.1
ORD-00449,17/03/2026,C-0519,Tenis Runner Pro,Deportes,Move,Sur,Marketplace,Tarjeta débito,1,1899,0,1899
ORD-00503,17/03/2026,C-0761,Cafetera HomeBrew,Hogar,HomePlus,Norte,Web,PayPal,2,1799,0,3598
ORD-00525,17/03/2026,C-0227,Muñeca Adventure,Juguetes,PlayBox,Centro,App,Tarjeta crédito,1,649,5,616.55
ORD-00555,17/03/2026,C-0665,Chamarra Urban,Moda,Urban Co.,Sureste,Web,Tarjeta débito,1,1599,0,1599
ORD-00562,17/03/2026,C-0416,Audífonos AirBeat,Electrónica,SoundPro,Centro,App,Tarjeta crédito,1,1499,0,1499
ORD-00577,17/03/2026,C-0165,Audífonos AirBeat,Electrónica,SoundPro,Norte,Web,Tarjeta débito,1,1499,5,1424.05
ORD-00630,17/03/2026,C-0683,Muñeca Adventure,Juguetes,PlayBox,Centro,App,Tarjeta crédito,1,649,0,649
ORD-00647,17/03/2026,C-0765,Smart TV 55,Electrónica,Vision,Occidente,App,Transferencia,1,11999,5,11399.05
ORD-00673,17/03/2026,C-0191,Auto Control Remoto,Juguetes,FunTech,Sureste,Web,Tarjeta crédito,1,999,10,899.1
ORD-00693,17/03/2026,C-0185,Smartphone X1,Electrónica,Nova,Sureste,App,Tarjeta débito,1,8999,0,8999
ORD-00707,17/03/2026,C-0645,Cafetera HomeBrew,Hogar,HomePlus,Norte,Web,Tarjeta crédito,1,1799,0,1799
ORD-00725,17/03/2026,C-0215,Smartphone X1,Electrónica,Nova,Sur,App,Tarjeta crédito,1,8999,10,8099.1
ORD-00770,17/03/2026,C-0025,Freidora AirCook,Hogar,KitchenLab,Centro,App,Tarjeta crédito,1,2499,0,2499
ORD-00822,17/03/2026,C-0300,Freidora AirCook,Hogar,KitchenLab,Occidente,Web,Tarjeta débito,1,2499,5,2374.05
ORD-00864,17/03/2026,C-0782,Audífonos AirBeat,Electrónica,SoundPro,Sur,App,Tarjeta débito,2,1499,0,2998
ORD-00895,17/03/2026,C-0479,Smartwatch FitGo,Deportes,FitGo,Sur,App,Tarjeta crédito,2,2299,15,3908.3
ORD-00904,17/03/2026,C-0258,Mochila Training,Deportes,Move,Sureste,App,PayPal,3,899,15,2292.45
ORD-01045,17/03/2026,C-0809,Laptop Nova 14,Electrónica,Nova,Norte,Web,Tarjeta crédito,1,18999,5,18049.05
ORD-01049,17/03/2026,C-0880,Auto Control Remoto,Juguetes,FunTech,Occidente,App,Tarjeta crédito,2,999,5,1898.1
ORD-01109,17/03/2026,C-0317,Jeans Classic,Moda,Urban Co.,Occidente,Marketplace,Tarjeta crédito,2,899,5,1708.1
ORD-01147,17/03/2026,C-0896,Tenis Casual Street,Moda,Urban Co.,Centro,App,Tarjeta crédito,4,1399,10,5036.4
ORD-01185,17/03/2026,C-0027,Bicicleta Urban 21,Deportes,Move,Occidente,Web,Tarjeta crédito,1,7499,20,5999.2
ORD-01219,17/03/2026,C-0729,Tenis Runner Pro,Deportes,Move,Norte,Web,Tarjeta crédito,3,1899,0,5697
ORD-01223,17/03/2026,C-0109,Sudadera Essential,Moda,BasicLab,Occidente,Web,Tarjeta crédito,1,999,5,949.05
ORD-01230,17/03/2026,C-0411,Mochila Training,Deportes,Move,Sureste,Web,PayPal,2,899,0,1798
ORD-01232,17/03/2026,C-0566,Tenis Runner Pro,Deportes,Move,Occidente,App,Tarjeta crédito,1,1899,0,1899
ORD-01267,17/03/2026,C-0729,Jeans Classic,Moda,Urban Co.,Centro,Web,Tarjeta débito,1,899,15,764.15
ORD-01303,17/03/2026,C-0361,Set Bloques Creativos,Juguetes,PlayBox,Sur,Web,Tarjeta débito,1,799,20,639.2
ORD-01315,17/03/2026,C-0591,Set Bloques Creativos,Juguetes,PlayBox,Centro,Web,Tarjeta débito,1,799,0,799
ORD-01352,17/03/2026,C-0869,Smartwatch FitGo,Deportes,FitGo,Occidente,Web,Transferencia,1,2299,10,2069.1
ORD-01357,17/03/2026,C-0433,Tenis Runner Pro,Deportes,Move,Norte,App,Tarjeta crédito,1,1899,0,1899
ORD-01389,17/03/2026,C-0508,Smartwatch FitGo,Deportes,FitGo,Sur,Web,Tarjeta crédito,2,2299,0,4598
ORD-01411,17/03/2026,C-0634,Jeans Classic,Moda,Urban Co.,Norte,Marketplace,Tarjeta débito,1,899,0,899
ORD-01413,17/03/2026,C-0230,Audífonos AirBeat,Electrónica,SoundPro,Centro,Web,Tarjeta crédito,1,1499,5,1424.05
ORD-01430,17/03/2026,C-0081,Chamarra Urban,Moda,Urban Co.,Centro,Web,Tarjeta crédito,1,1599,15,1359.15
ORD-01439,17/03/2026,C-0930,Mochila Training,Deportes,Move,Centro,Marketplace,Tarjeta débito,1,899,20,719.2
ORD-01452,17/03/2026,C-0673,Sudadera Essential,Moda,BasicLab,Sur,App,Transferencia,1,999,0,999
ORD-01495,17/03/2026,C-0236,Jeans Classic,Moda,Urban Co.,Centro,Web,Tarjeta débito,1,899,0,899
ORD-01510,17/03/2026,C-0446,Smartwatch FitGo,Deportes,FitGo,Norte,App,Tarjeta débito,1,2299,0,2299
ORD-01519,17/03/2026,C-0284,Audífonos AirBeat,Electrónica,SoundPro,Occidente,App,Tarjeta crédito,1,1499,10,1349.1
ORD-01535,17/03/2026,C-0198,Muñeca Adventure,Juguetes,PlayBox,Centro,App,Tarjeta crédito,1,649,5,616.55
ORD-01536,17/03/2026,C-0706,Tenis Casual Street,Moda,Urban Co.,Centro,Web,Tarjeta crédito,1,1399,0,1399
ORD-01561,17/03/2026,C-0142,Licuadora MixPlus,Hogar,HomePlus,Sur,App,PayPal,1,1199,15,1019.15
ORD-01599,17/03/2026,C-0251,Auto Control Remoto,Juguetes,FunTech,Occidente,Marketplace,PayPal,2,999,10,1798.2
ORD-01647,17/03/2026,C-0770,Audífonos AirBeat,Electrónica,SoundPro,Sur,Web,Transferencia,4,1499,5,5696.2
ORD-01663,17/03/2026,C-0888,Laptop Nova 14,Electrónica,Nova,Centro,App,PayPal,2,18999,0,37998
ORD-01698,17/03/2026,C-0731,Cafetera HomeBrew,Hogar,HomePlus,Norte,App,Tarjeta crédito,1,1799,0,1799
ORD-01729,17/03/2026,C-0184,Smartwatch FitGo,Deportes,FitGo,Norte,Web,Tarjeta crédito,2,2299,20,3678.4
ORD-01744,17/03/2026,C-0203,Chamarra Urban,Moda,Urban Co.,Norte,App,Tarjeta crédito,1,1599,0,1599
ORD-01793,17/03/2026,C-0718,Tenis Runner Pro,Deportes,Move,Sureste,Web,Tarjeta crédito,1,1899,0,1899
ORD-01799,17/03/2026,C-0182,Aspiradora CleanPro,Hogar,CleanPro,Sureste,Web,Tarjeta crédito,1,3299,10,2969.1
ORD-01808,17/03/2026,C-0008,Smartwatch FitGo,Deportes,FitGo,Occidente,Web,Tarjeta crédito,1,2299,0,2299
ORD-01820,17/03/2026,C-0163,Audífonos AirBeat,Electrónica,SoundPro,Sureste,Marketplace,Tarjeta crédito,1,1499,0,1499
ORD-01966,17/03/2026,C-0167,Chamarra Urban,Moda,Urban Co.,Norte,App,Tarjeta crédito,1,1599,0,1599
ORD-02076,17/03/2026,C-0252,Tenis Runner Pro,Deportes,Move,Norte,Web,Tarjeta débito,1,1899,0,1899
ORD-02099,17/03/2026,C-0879,Smartwatch FitGo,Deportes,FitGo,Norte,Marketplace,Transferencia,3,2299,0,6897
ORD-02107,17/03/2026,C-0262,Smartwatch FitGo,Deportes,FitGo,Centro,Web,Tarjeta crédito,1,2299,0,2299
ORD-02110,17/03/2026,C-0044,Jeans Classic,Moda,Urban Co.,Occidente,Web,Tarjeta crédito,1,899,10,809.1
ORD-02115,17/03/2026,C-0568,Tablet Go 10,Electrónica,Nova,Sur,Web,Transferencia,1,6299,0,6299
ORD-02116,17/03/2026,C-0935,Laptop Nova 14,Electrónica,Nova,Sureste,App,Tarjeta crédito,2,18999,0,37998
ORD-02178,17/03/2026,C-0302,Smart TV 55,Electrónica,Vision,Norte,App,Tarjeta crédito,2,11999,0,23998
ORD-02193,17/03/2026,C-0279,Chamarra Urban,Moda,Urban Co.,Norte,Web,PayPal,1,1599,0,1599
ORD-02197,17/03/2026,C-0603,Jeans Classic,Moda,Urban Co.,Norte,App,Tarjeta débito,1,899,5,854.05
ORD-02262,17/03/2026,C-0210,Mochila Training,Deportes,Move,Occidente,App,Tarjeta débito,1,899,5,854.05
ORD-02277,17/03/2026,C-0862,Tenis Runner Pro,Deportes,Move,Norte,Marketplace,PayPal,1,1899,0,1899
ORD-02294,17/03/2026,C-0146,Cafetera HomeBrew,Hogar,HomePlus,Centro,Web,Tarjeta crédito,1,1799,5,1709.05
ORD-02326,17/03/2026,C-0111,Mochila Training,Deportes,Move,Occidente,Marketplace,Tarjeta crédito,1,899,15,764.15
ORD-02327,17/03/2026,C-0082,Tenis Runner Pro,Deportes,Move,Sureste,App,Tarjeta débito,1,1899,5,1804.05
ORD-02333,17/03/2026,C-0033,Jeans Classic,Moda,Urban Co.,Norte,Web,PayPal,1,899,20,719.2
ORD-02354,17/03/2026,C-0150,Auto Control Remoto,Juguetes,FunTech,Sur,Marketplace,Tarjeta débito,1,999,5,949.05
ORD-02392,17/03/2026,C-0135,Sudadera Essential,Moda,BasicLab,Norte,App,Tarjeta débito,1,999,10,899.1
ORD-02405,17/03/2026,C-0303,Freidora AirCook,Hogar,KitchenLab,Sureste,Web,Transferencia,1,2499,0,2499
ORD-02504,17/03/2026,C-0574,Set Bloques Creativos,Juguetes,PlayBox,Centro,Web,Tarjeta débito,1,799,0,799
ORD-02519,17/03/2026,C-0818,Mochila Training,Deportes,Move,Norte,Web,Tarjeta débito,1,899,15,764.15
ORD-02538,17/03/2026,C-0608,Cafetera HomeBrew,Hogar,HomePlus,Sur,Marketplace,Tarjeta débito,1,1799,0,1799
ORD-02611,17/03/2026,C-0496,Set Bloques Creativos,Juguetes,PlayBox,Occidente,Web,PayPal,1,799,15,679.15
ORD-02641,17/03/2026,C-0769,Bicicleta Urban 21,Deportes,Move,Norte,Web,Tarjeta débito,1,7499,0,7499
ORD-02674,17/03/2026,C-0598,Audífonos AirBeat,Electrónica,SoundPro,Sur,Marketplace,Tarjeta crédito,1,1499,0,1499
ORD-02677,17/03/2026,C-0814,Jeans Classic,Moda,Urban Co.,Centro,Marketplace,Transferencia,2,899,10,1618.2
ORD-02787,17/03/2026,C-0266,Jeans Classic,Moda,Urban Co.,Occidente,App,Tarjeta crédito,1,899,0,899
ORD-02876,17/03/2026,C-0620,Tenis Casual Street,Moda,Urban Co.,Sur,App,Tarjeta débito,1,1399,5,1329.05
ORD-02913,17/03/2026,C-0385,Tablet Go 10,Electrónica,Nova,Sureste,App,Tarjeta crédito,1,6299,0,6299
ORD-02923,17/03/2026,C-0828,Tenis Runner Pro,Deportes,Move,Occidente,Web,Tarjeta crédito,1,1899,10,1709.1
ORD-02942,17/03/2026,C-0056,Tenis Casual Street,Moda,Urban Co.,Centro,Web,Transferencia,1,1399,10,1259.1
ORD-02944,17/03/2026,C-0542,Mochila Training,Deportes,Move,Occidente,Marketplace,PayPal,1,899,0,899
ORD-02998,17/03/2026,C-0711,Smartphone X1,Electrónica,Nova,Norte,Marketplace,Tarjeta débito,1,8999,5,8549.05
ORD-00003,18/03/2026,C-0164,Bicicleta Urban 21,Deportes,Move,Norte,App,Tarjeta crédito,2,7499,10,13498.2
ORD-00029,18/03/2026,C-0498,Bicicleta Urban 21,Deportes,Move,Sur,Marketplace,Transferencia,1,7499,10,6749.1
ORD-00100,18/03/2026,C-0812,Freidora AirCook,Hogar,KitchenLab,Centro,Web,Tarjeta crédito,1,2499,0,2499
ORD-00138,18/03/2026,C-0718,Set Bloques Creativos,Juguetes,PlayBox,Norte,App,Tarjeta débito,1,799,5,759.05
ORD-00188,18/03/2026,C-0135,Tenis Runner Pro,Deportes,Move,Sur,Marketplace,Tarjeta crédito,2,1899,0,3798
ORD-00227,18/03/2026,C-0607,Smartwatch FitGo,Deportes,FitGo,Centro,App,Tarjeta débito,1,2299,0,2299
ORD-00239,18/03/2026,C-0639,Smart TV 55,Electrónica,Vision,Centro,Web,Tarjeta débito,2,11999,5,22798.1
ORD-00250,18/03/2026,C-0710,Freidora AirCook,Hogar,KitchenLab,Norte,Web,PayPal,1,2499,10,2249.1
ORD-00272,18/03/2026,C-0598,Smart TV 55,Electrónica,Vision,Centro,Web,Tarjeta débito,1,11999,0,11999
ORD-00293,18/03/2026,C-0369,Set Bloques Creativos,Juguetes,PlayBox,Norte,Web,Tarjeta débito,1,799,5,759.05
ORD-00374,18/03/2026,C-0070,Freidora AirCook,Hogar,KitchenLab,Occidente,App,Transferencia,1,2499,10,2249.1
ORD-00441,18/03/2026,C-0806,Audífonos AirBeat,Electrónica,SoundPro,Norte,Web,Tarjeta crédito,2,1499,0,2998
ORD-00453,18/03/2026,C-0292,Tenis Runner Pro,Deportes,Move,Norte,Web,PayPal,1,1899,10,1709.1
ORD-00514,18/03/2026,C-0149,Set Bloques Creativos,Juguetes,PlayBox,Centro,Marketplace,PayPal,1,799,5,759.05
ORD-00517,18/03/2026,C-0818,Chamarra Urban,Moda,Urban Co.,Sur,App,Tarjeta débito,2,1599,0,3198
ORD-00620,18/03/2026,C-0226,Freidora AirCook,Hogar,KitchenLab,Norte,Web,Tarjeta débito,2,2499,5,4748.1
ORD-00640,18/03/2026,C-0290,Chamarra Urban,Moda,Urban Co.,Sur,Web,Tarjeta débito,1,1599,10,1439.1
ORD-00679,18/03/2026,C-0142,Aspiradora CleanPro,Hogar,CleanPro,Centro,App,Tarjeta débito,1,3299,5,3134.05
ORD-00799,18/03/2026,C-0116,Jeans Classic,Moda,Urban Co.,Norte,App,Tarjeta débito,1,899,0,899
ORD-00817,18/03/2026,C-0057,Muñeca Adventure,Juguetes,PlayBox,Occidente,Web,Tarjeta débito,1,649,5,616.55
ORD-00833,18/03/2026,C-0787,Licuadora MixPlus,Hogar,HomePlus,Sureste,App,Tarjeta crédito,3,1199,0,3597
ORD-00856,18/03/2026,C-0775,Sudadera Essential,Moda,BasicLab,Occidente,Marketplace,Tarjeta débito,1,999,5,949.05
ORD-00870,18/03/2026,C-0822,Freidora AirCook,Hogar,KitchenLab,Norte,Marketplace,Tarjeta débito,2,2499,10,4498.2
ORD-00881,18/03/2026,C-0320,Smartphone X1,Electrónica,Nova,Occidente,App,PayPal,1,8999,0,8999
ORD-00911,18/03/2026,C-0940,Chamarra Urban,Moda,Urban Co.,Sur,Marketplace,Tarjeta crédito,1,1599,15,1359.15
ORD-01007,18/03/2026,C-0919,Muñeca Adventure,Juguetes,PlayBox,Occidente,Web,Tarjeta débito,1,649,0,649
ORD-01011,18/03/2026,C-0418,Auto Control Remoto,Juguetes,FunTech,Centro,Web,Tarjeta crédito,1,999,0,999
ORD-01018,18/03/2026,C-0172,Auto Control Remoto,Juguetes,FunTech,Norte,Web,Tarjeta débito,1,999,10,899.1
ORD-01060,18/03/2026,C-0048,Smart TV 55,Electrónica,Vision,Norte,Web,Tarjeta débito,1,11999,20,9599.2
ORD-01098,18/03/2026,C-0734,Set Bloques Creativos,Juguetes,PlayBox,Centro,App,PayPal,1,799,10,719.1
ORD-01248,18/03/2026,C-0025,Smartphone X1,Electrónica,Nova,Centro,App,PayPal,2,8999,0,17998
ORD-01258,18/03/2026,C-0432,Mochila Training,Deportes,Move,Occidente,App,PayPal,1,899,0,899
ORD-01260,18/03/2026,C-0870,Laptop Nova 14,Electrónica,Nova,Norte,Web,Tarjeta crédito,1,18999,15,16149.15
ORD-01304,18/03/2026,C-0383,Licuadora MixPlus,Hogar,HomePlus,Norte,Marketplace,Tarjeta crédito,1,1199,15,1019.15
ORD-01328,18/03/2026,C-0945,Licuadora MixPlus,Hogar,HomePlus,Occidente,App,PayPal,3,1199,0,3597
ORD-01342,18/03/2026,C-0506,Licuadora MixPlus,Hogar,HomePlus,Sur,App,Tarjeta crédito,3,1199,0,3597
ORD-01386,18/03/2026,C-0687,Audífonos AirBeat,Electrónica,SoundPro,Sureste,Marketplace,Tarjeta crédito,1,1499,10,1349.1
ORD-01422,18/03/2026,C-0397,Sudadera Essential,Moda,BasicLab,Occidente,Web,Tarjeta débito,1,999,0,999
ORD-01428,18/03/2026,C-0455,Cafetera HomeBrew,Hogar,HomePlus,Centro,App,PayPal,2,1799,15,3058.3
ORD-01493,18/03/2026,C-0821,Tablet Go 10,Electrónica,Nova,Centro,Web,Tarjeta débito,1,6299,10,5669.1
ORD-01568,18/03/2026,C-0725,Auto Control Remoto,Juguetes,FunTech,Sur,Marketplace,Tarjeta crédito,3,999,0,2997
ORD-01578,18/03/2026,C-0779,Smartwatch FitGo,Deportes,FitGo,Sur,Web,PayPal,1,2299,0,2299
ORD-01583,18/03/2026,C-0761,Tenis Runner Pro,Deportes,Move,Centro,Web,Tarjeta crédito,1,1899,0,1899
ORD-01584,18/03/2026,C-0081,Tenis Runner Pro,Deportes,Move,Occidente,App,Tarjeta crédito,2,1899,0,3798
ORD-01585,18/03/2026,C-0769,Smartwatch FitGo,Deportes,FitGo,Sureste,Web,PayPal,1,2299,5,2184.05
ORD-01602,18/03/2026,C-0849,Bicicleta Urban 21,Deportes,Move,Occidente,Web,PayPal,2,7499,0,14998
ORD-01617,18/03/2026,C-0263,Tenis Casual Street,Moda,Urban Co.,Sureste,Marketplace,Tarjeta crédito,1,1399,5,1329.05
ORD-01640,18/03/2026,C-0544,Mochila Training,Deportes,Move,Centro,Web,Tarjeta débito,1,899,10,809.1
ORD-01679,18/03/2026,C-0801,Tenis Runner Pro,Deportes,Move,Norte,Web,PayPal,1,1899,10,1709.1
ORD-01684,18/03/2026,C-0103,Smartphone X1,Electrónica,Nova,Norte,Web,Transferencia,1,8999,5,8549.05
ORD-01700,18/03/2026,C-0044,Jeans Classic,Moda,Urban Co.,Occidente,App,Tarjeta débito,1,899,10,809.1
ORD-01712,18/03/2026,C-0613,Cafetera HomeBrew,Hogar,HomePlus,Occidente,Web,Tarjeta débito,1,1799,0,1799
ORD-01734,18/03/2026,C-0005,Smartphone X1,Electrónica,Nova,Centro,Web,Tarjeta crédito,1,8999,15,7649.15
ORD-01766,18/03/2026,C-0634,Audífonos AirBeat,Electrónica,SoundPro,Sureste,Web,Tarjeta débito,1,1499,0,1499
ORD-01795,18/03/2026,C-0310,Smartphone X1,Electrónica,Nova,Centro,Marketplace,Transferencia,1,8999,0,8999
ORD-01813,18/03/2026,C-0477,Tenis Runner Pro,Deportes,Move,Sureste,Web,Tarjeta débito,1,1899,0,1899
ORD-01824,18/03/2026,C-0801,Sudadera Essential,Moda,BasicLab,Norte,App,Tarjeta débito,3,999,15,2547.45
ORD-01859,18/03/2026,C-0221,Smartwatch FitGo,Deportes,FitGo,Centro,Web,Tarjeta débito,1,2299,0,2299
ORD-01869,18/03/2026,C-0812,Smartwatch FitGo,Deportes,FitGo,Occidente,App,PayPal,3,2299,5,6552.15
ORD-01921,18/03/2026,C-0555,Audífonos AirBeat,Electrónica,SoundPro,Occidente,App,Tarjeta crédito,1,1499,15,1274.15
ORD-01926,18/03/2026,C-0351,Licuadora MixPlus,Hogar,HomePlus,Sur,Web,Tarjeta débito,2,1199,0,2398
ORD-02006,18/03/2026,C-0399,Sudadera Essential,Moda,BasicLab,Centro,Marketplace,PayPal,1,999,0,999
ORD-02009,18/03/2026,C-0464,Sudadera Essential,Moda,BasicLab,Sur,Web,Tarjeta débito,1,999,0,999
ORD-02019,18/03/2026,C-0103,Sudadera Essential,Moda,BasicLab,Sureste,Marketplace,Tarjeta débito,1,999,15,849.15
ORD-02022,18/03/2026,C-0343,Licuadora MixPlus,Hogar,HomePlus,Centro,Web,Transferencia,1,1199,15,1019.15
ORD-02048,18/03/2026,C-0263,Auto Control Remoto,Juguetes,FunTech,Norte,Web,PayPal,1,999,0,999
ORD-02061,18/03/2026,C-0456,Auto Control Remoto,Juguetes,FunTech,Occidente,Web,Tarjeta débito,2,999,0,1998
ORD-02063,18/03/2026,C-0056,Licuadora MixPlus,Hogar,HomePlus,Norte,Web,Tarjeta débito,1,1199,10,1079.1
ORD-02100,18/03/2026,C-0028,Licuadora MixPlus,Hogar,HomePlus,Sur,App,Tarjeta crédito,1,1199,15,1019.15
ORD-02185,18/03/2026,C-0268,Muñeca Adventure,Juguetes,PlayBox,Norte,App,PayPal,1,649,10,584.1
ORD-02195,18/03/2026,C-0792,Muñeca Adventure,Juguetes,PlayBox,Sur,Marketplace,Tarjeta débito,1,649,0,649
ORD-02218,18/03/2026,C-0809,Tablet Go 10,Electrónica,Nova,Centro,Marketplace,Tarjeta crédito,3,6299,0,18897
ORD-02306,18/03/2026,C-0100,Smartphone X1,Electrónica,Nova,Sureste,App,PayPal,1,8999,0,8999
ORD-02351,18/03/2026,C-0852,Auto Control Remoto,Juguetes,FunTech,Sur,Web,Tarjeta crédito,2,999,0,1998
ORD-02369,18/03/2026,C-0677,Mochila Training,Deportes,Move,Occidente,Marketplace,Tarjeta débito,4,899,0,3596
ORD-02420,18/03/2026,C-0713,Set Bloques Creativos,Juguetes,PlayBox,Centro,App,Tarjeta débito,1,799,0,799
ORD-02425,18/03/2026,C-0798,Audífonos AirBeat,Electrónica,SoundPro,Centro,App,Tarjeta débito,1,1499,5,1424.05
ORD-02556,18/03/2026,C-0625,Audífonos AirBeat,Electrónica,SoundPro,Sur,Marketplace,Transferencia,2,1499,0,2998
ORD-02630,18/03/2026,C-0324,Mochila Training,Deportes,Move,Centro,Web,PayPal,1,899,5,854.05
ORD-02675,18/03/2026,C-0307,Freidora AirCook,Hogar,KitchenLab,Occidente,Marketplace,PayPal,2,2499,10,4498.2
ORD-02688,18/03/2026,C-0901,Aspiradora CleanPro,Hogar,CleanPro,Sur,Marketplace,Tarjeta débito,1,3299,0,3299
ORD-02716,18/03/2026,C-0650,Tablet Go 10,Electrónica,Nova,Occidente,Web,Tarjeta débito,1,6299,5,5984.05
ORD-02729,18/03/2026,C-0251,Mochila Training,Deportes,Move,Sur,Marketplace,Tarjeta débito,1,899,0,899
ORD-02735,18/03/2026,C-0368,Cafetera HomeBrew,Hogar,HomePlus,Centro,Marketplace,Tarjeta crédito,2,1799,15,3058.3
ORD-02752,18/03/2026,C-0876,Licuadora MixPlus,Hogar,HomePlus,Sur,Web,Tarjeta débito,1,1199,10,1079.1
ORD-02753,18/03/2026,C-0612,Tenis Casual Street,Moda,Urban Co.,Norte,Marketplace,Tarjeta crédito,1,1399,0,1399
ORD-02770,18/03/2026,C-0835,Cafetera HomeBrew,Hogar,HomePlus,Occidente,Web,PayPal,1,1799,0,1799
ORD-02819,18/03/2026,C-0240,Audífonos AirBeat,Electrónica,SoundPro,Sur,Marketplace,Transferencia,1,1499,0,1499
ORD-02828,18/03/2026,C-0011,Freidora AirCook,Hogar,KitchenLab,Occidente,Web,Tarjeta crédito,1,2499,0,2499
ORD-02849,18/03/2026,C-0063,Mochila Training,Deportes,Move,Centro,App,PayPal,1,899,10,809.1
ORD-02883,18/03/2026,C-0415,Tenis Casual Street,Moda,Urban Co.,Centro,App,Tarjeta débito,1,1399,10,1259.1
ORD-02979,18/03/2026,C-0003,Licuadora MixPlus,Hogar,HomePlus,Centro,Web,Tarjeta débito,1,1199,0,1199
ORD-02991,18/03/2026,C-0620,Audífonos AirBeat,Electrónica,SoundPro,Occidente,Web,Tarjeta crédito,1,1499,0,1499
ORD-02992,18/03/2026,C-0755,Sudadera Essential,Moda,BasicLab,Sur,App,Tarjeta crédito,1,999,5,949.05
ORD-00037,19/03/2026,C-0903,Smartwatch FitGo,Deportes,FitGo,Sureste,Web,Tarjeta crédito,3,2299,0,6897
ORD-00057,19/03/2026,C-0813,Freidora AirCook,Hogar,KitchenLab,Occidente,Web,Tarjeta débito,1,2499,5,2374.05
ORD-00072,19/03/2026,C-0052,Set Bloques Creativos,Juguetes,PlayBox,Occidente,Web,Tarjeta débito,1,799,0,799
ORD-00078,19/03/2026,C-0708,Muñeca Adventure,Juguetes,PlayBox,Occidente,Marketplace,Tarjeta crédito,1,649,10,584.1
ORD-00105,19/03/2026,C-0329,Smart TV 55,Electrónica,Vision,Norte,Marketplace,Transferencia,1,11999,0,11999
ORD-00137,19/03/2026,C-0635,Chamarra Urban,Moda,Urban Co.,Norte,App,Tarjeta crédito,1,1599,5,1519.05
ORD-00149,19/03/2026,C-0888,Licuadora MixPlus,Hogar,HomePlus,Centro,App,Transferencia,2,1199,0,2398
ORD-00152,19/03/2026,C-0620,Smartwatch FitGo,Deportes,FitGo,Occidente,Web,Transferencia,1,2299,5,2184.05
ORD-00179,19/03/2026,C-0106,Set Bloques Creativos,Juguetes,PlayBox,Occidente,Web,Tarjeta débito,1,799,0,799
ORD-00215,19/03/2026,C-0079,Licuadora MixPlus,Hogar,HomePlus,Centro,Web,Tarjeta débito,1,1199,0,1199
ORD-00235,19/03/2026,C-0901,Aspiradora CleanPro,Hogar,CleanPro,Sur,Web,Tarjeta crédito,1,3299,20,2639.2
ORD-00314,19/03/2026,C-0085,Smart TV 55,Electrónica,Vision,Occidente,Web,Tarjeta débito,1,11999,10,10799.1
ORD-00351,19/03/2026,C-0804,Sudadera Essential,Moda,BasicLab,Occidente,Marketplace,Tarjeta débito,1,999,0,999
ORD-00353,19/03/2026,C-0769,Cafetera HomeBrew,Hogar,HomePlus,Centro,Marketplace,Transferencia,1,1799,5,1709.05
ORD-00420,19/03/2026,C-0002,Tablet Go 10,Electrónica,Nova,Sur,Web,PayPal,1,6299,0,6299
ORD-00435,19/03/2026,C-0555,Tenis Casual Street,Moda,Urban Co.,Centro,App,Tarjeta débito,1,1399,0,1399
ORD-00438,19/03/2026,C-0776,Smartphone X1,Electrónica,Nova,Sureste,Marketplace,Tarjeta débito,1,8999,5,8549.05
ORD-00442,19/03/2026,C-0777,Chamarra Urban,Moda,Urban Co.,Occidente,Web,Tarjeta crédito,1,1599,0,1599
ORD-00561,19/03/2026,C-0165,Tenis Runner Pro,Deportes,Move,Centro,Marketplace,Tarjeta crédito,1,1899,0,1899
ORD-00563,19/03/2026,C-0222,Smartwatch FitGo,Deportes,FitGo,Occidente,Marketplace,Tarjeta débito,3,2299,10,6207.3
ORD-00574,19/03/2026,C-0803,Mochila Training,Deportes,Move,Norte,Web,Tarjeta débito,1,899,10,809.1
ORD-00600,19/03/2026,C-0242,Freidora AirCook,Hogar,KitchenLab,Centro,App,Tarjeta crédito,1,2499,0,2499
ORD-00608,19/03/2026,C-0669,Smartwatch FitGo,Deportes,FitGo,Norte,Marketplace,Tarjeta crédito,1,2299,0,2299
ORD-00654,19/03/2026,C-0376,Tenis Runner Pro,Deportes,Move,Sureste,Web,Tarjeta crédito,1,1899,0,1899
ORD-00661,19/03/2026,C-0085,Jeans Classic,Moda,Urban Co.,Norte,Web,Tarjeta crédito,1,899,0,899
ORD-00698,19/03/2026,C-0053,Set Bloques Creativos,Juguetes,PlayBox,Sureste,Marketplace,Tarjeta crédito,2,799,0,1598
ORD-00753,19/03/2026,C-0769,Licuadora MixPlus,Hogar,HomePlus,Norte,App,Tarjeta crédito,3,1199,10,3237.3
ORD-00758,19/03/2026,C-0294,Smartwatch FitGo,Deportes,FitGo,Centro,Web,Transferencia,1,2299,10,2069.1
ORD-00768,19/03/2026,C-0200,Cafetera HomeBrew,Hogar,HomePlus,Norte,App,PayPal,1,1799,10,1619.1
ORD-00785,19/03/2026,C-0855,Laptop Nova 14,Electrónica,Nova,Centro,Web,PayPal,1,18999,5,18049.05
ORD-00803,19/03/2026,C-0113,Jeans Classic,Moda,Urban Co.,Occidente,Web,PayPal,1,899,15,764.15
ORD-00828,19/03/2026,C-0920,Aspiradora CleanPro,Hogar,CleanPro,Occidente,App,Tarjeta débito,1,3299,0,3299
ORD-00838,19/03/2026,C-0870,Bicicleta Urban 21,Deportes,Move,Occidente,App,PayPal,1,7499,0,7499
ORD-00843,19/03/2026,C-0344,Audífonos AirBeat,Electrónica,SoundPro,Occidente,Web,Tarjeta crédito,1,1499,20,1199.2
ORD-00951,19/03/2026,C-0097,Freidora AirCook,Hogar,KitchenLab,Centro,Web,Tarjeta crédito,1,2499,0,2499
ORD-00983,19/03/2026,C-0303,Audífonos AirBeat,Electrónica,SoundPro,Centro,App,Tarjeta débito,1,1499,5,1424.05
ORD-00989,19/03/2026,C-0750,Sudadera Essential,Moda,BasicLab,Centro,Marketplace,Tarjeta crédito,1,999,0,999
ORD-01009,19/03/2026,C-0883,Tenis Casual Street,Moda,Urban Co.,Norte,Marketplace,Tarjeta débito,1,1399,0,1399
ORD-01020,19/03/2026,C-0092,Smartwatch FitGo,Deportes,FitGo,Sur,Web,Tarjeta crédito,1,2299,5,2184.05
ORD-01048,19/03/2026,C-0378,Licuadora MixPlus,Hogar,HomePlus,Sureste,App,Tarjeta crédito,1,1199,0,1199
ORD-01061,19/03/2026,C-0815,Jeans Classic,Moda,Urban Co.,Centro,App,PayPal,1,899,0,899
ORD-01128,19/03/2026,C-0939,Tablet Go 10,Electrónica,Nova,Sureste,Marketplace,Tarjeta crédito,1,6299,10,5669.1
ORD-01154,19/03/2026,C-0390,Aspiradora CleanPro,Hogar,CleanPro,Sureste,App,Tarjeta crédito,2,3299,0,6598
ORD-01182,19/03/2026,C-0391,Mochila Training,Deportes,Move,Norte,Web,Tarjeta débito,1,899,0,899
ORD-01277,19/03/2026,C-0641,Licuadora MixPlus,Hogar,HomePlus,Sur,Web,Tarjeta crédito,1,1199,5,1139.05
ORD-01308,19/03/2026,C-0565,Freidora AirCook,Hogar,KitchenLab,Sur,App,PayPal,2,2499,0,4998
ORD-01402,19/03/2026,C-0603,Chamarra Urban,Moda,Urban Co.,Occidente,App,Tarjeta débito,1,1599,0,1599
ORD-01415,19/03/2026,C-0560,Smartphone X1,Electrónica,Nova,Centro,App,Tarjeta débito,1,8999,0,8999
ORD-01442,19/03/2026,C-0010,Audífonos AirBeat,Electrónica,SoundPro,Occidente,Marketplace,PayPal,1,1499,0,1499
ORD-01454,19/03/2026,C-0818,Tenis Runner Pro,Deportes,Move,Occidente,App,Tarjeta débito,2,1899,0,3798
ORD-01467,19/03/2026,C-0740,Set Bloques Creativos,Juguetes,PlayBox,Occidente,App,Tarjeta débito,1,799,0,799
ORD-01480,19/03/2026,C-0834,Tablet Go 10,Electrónica,Nova,Norte,Marketplace,Tarjeta débito,1,6299,0,6299
ORD-01538,19/03/2026,C-0187,Aspiradora CleanPro,Hogar,CleanPro,Sur,Web,Transferencia,2,3299,0,6598
ORD-01622,19/03/2026,C-0115,Audífonos AirBeat,Electrónica,SoundPro,Centro,App,Tarjeta débito,2,1499,5,2848.1
ORD-01645,19/03/2026,C-0504,Licuadora MixPlus,Hogar,HomePlus,Norte,Web,Tarjeta débito,2,1199,10,2158.2
ORD-01657,19/03/2026,C-0125,Sudadera Essential,Moda,BasicLab,Sur,Web,Tarjeta crédito,2,999,15,1698.3
ORD-01677,19/03/2026,C-0763,Tenis Casual Street,Moda,Urban Co.,Norte,Marketplace,Tarjeta débito,1,1399,0,1399
ORD-01701,19/03/2026,C-0245,Smartwatch FitGo,Deportes,FitGo,Sur,App,Tarjeta crédito,3,2299,0,6897
ORD-01723,19/03/2026,C-0176,Tenis Runner Pro,Deportes,Move,Sur,App,Tarjeta débito,1,1899,5,1804.05
ORD-01743,19/03/2026,C-0589,Jeans Classic,Moda,Urban Co.,Centro,App,Tarjeta débito,1,899,0,899
ORD-01751,19/03/2026,C-0947,Tenis Runner Pro,Deportes,Move,Occidente,Web,Transferencia,1,1899,0,1899
ORD-01850,19/03/2026,C-0906,Tablet Go 10,Electrónica,Nova,Sur,Web,Tarjeta crédito,1,6299,5,5984.05
ORD-01863,19/03/2026,C-0869,Smartphone X1,Electrónica,Nova,Sur,Web,Transferencia,1,8999,0,8999
ORD-01873,19/03/2026,C-0465,Licuadora MixPlus,Hogar,HomePlus,Norte,Web,PayPal,1,1199,0,1199
ORD-01907,19/03/2026,C-0632,Chamarra Urban,Moda,Urban Co.,Centro,Web,Tarjeta débito,1,1599,20,1279.2
ORD-01916,19/03/2026,C-0111,Cafetera HomeBrew,Hogar,HomePlus,Norte,Web,Transferencia,1,1799,5,1709.05
ORD-01941,19/03/2026,C-0166,Tenis Casual Street,Moda,Urban Co.,Sur,App,Tarjeta débito,1,1399,10,1259.1
ORD-01958,19/03/2026,C-0939,Smart TV 55,Electrónica,Vision,Centro,App,PayPal,1,11999,0,11999
ORD-02008,19/03/2026,C-0935,Tenis Runner Pro,Deportes,Move,Sur,Web,Transferencia,1,1899,0,1899
ORD-02010,19/03/2026,C-0858,Smart TV 55,Electrónica,Vision,Norte,Marketplace,Transferencia,1,11999,5,11399.05
ORD-02049,19/03/2026,C-0096,Laptop Nova 14,Electrónica,Nova,Norte,Marketplace,Tarjeta débito,2,18999,15,32298.3
ORD-02106,19/03/2026,C-0221,Tenis Casual Street,Moda,Urban Co.,Centro,Marketplace,Tarjeta crédito,1,1399,10,1259.1
ORD-02164,19/03/2026,C-0571,Smartphone X1,Electrónica,Nova,Centro,App,Transferencia,3,8999,10,24297.3
ORD-02265,19/03/2026,C-0059,Smartphone X1,Electrónica,Nova,Centro,Web,Tarjeta crédito,1,8999,10,8099.1
ORD-02268,19/03/2026,C-0717,Bicicleta Urban 21,Deportes,Move,Centro,App,Tarjeta débito,1,7499,10,6749.1
ORD-02272,19/03/2026,C-0105,Smart TV 55,Electrónica,Vision,Norte,Web,Tarjeta crédito,2,11999,5,22798.1
ORD-02288,19/03/2026,C-0045,Jeans Classic,Moda,Urban Co.,Sureste,App,PayPal,1,899,5,854.05
ORD-02316,19/03/2026,C-0281,Cafetera HomeBrew,Hogar,HomePlus,Centro,Web,Transferencia,1,1799,20,1439.2
ORD-02368,19/03/2026,C-0240,Mochila Training,Deportes,Move,Occidente,Web,Tarjeta crédito,1,899,0,899
ORD-02371,19/03/2026,C-0090,Tenis Casual Street,Moda,Urban Co.,Norte,Web,Tarjeta débito,1,1399,0,1399
ORD-02387,19/03/2026,C-0836,Audífonos AirBeat,Electrónica,SoundPro,Norte,Web,Tarjeta crédito,2,1499,0,2998
ORD-02391,19/03/2026,C-0145,Set Bloques Creativos,Juguetes,PlayBox,Sur,App,Tarjeta crédito,2,799,0,1598
ORD-02411,19/03/2026,C-0855,Chamarra Urban,Moda,Urban Co.,Centro,App,Tarjeta débito,1,1599,0,1599
ORD-02413,19/03/2026,C-0050,Jeans Classic,Moda,Urban Co.,Occidente,App,Transferencia,2,899,5,1708.1
ORD-02415,19/03/2026,C-0047,Chamarra Urban,Moda,Urban Co.,Centro,Web,Tarjeta crédito,1,1599,0,1599
ORD-02441,19/03/2026,C-0888,Tenis Runner Pro,Deportes,Move,Norte,Web,Tarjeta débito,2,1899,0,3798
ORD-02554,19/03/2026,C-0499,Licuadora MixPlus,Hogar,HomePlus,Sureste,Web,PayPal,1,1199,0,1199
ORD-02559,19/03/2026,C-0260,Aspiradora CleanPro,Hogar,CleanPro,Sureste,Web,PayPal,1,3299,0,3299
ORD-02563,19/03/2026,C-0734,Tablet Go 10,Electrónica,Nova,Occidente,Web,Tarjeta débito,1,6299,0,6299
ORD-02571,19/03/2026,C-0937,Sudadera Essential,Moda,BasicLab,Sur,Web,Tarjeta crédito,1,999,5,949.05
ORD-02596,19/03/2026,C-0313,Audífonos AirBeat,Electrónica,SoundPro,Centro,Web,Tarjeta débito,1,1499,0,1499
ORD-02625,19/03/2026,C-0422,Set Bloques Creativos,Juguetes,PlayBox,Sur,Web,Tarjeta crédito,2,799,0,1598
ORD-02638,19/03/2026,C-0367,Licuadora MixPlus,Hogar,HomePlus,Sureste,App,Tarjeta crédito,2,1199,0,2398
ORD-02665,19/03/2026,C-0391,Audífonos AirBeat,Electrónica,SoundPro,Sur,Web,Tarjeta débito,1,1499,0,1499
ORD-02680,19/03/2026,C-0939,Sudadera Essential,Moda,BasicLab,Centro,Marketplace,Tarjeta débito,1,999,5,949.05
ORD-02704,19/03/2026,C-0466,Set Bloques Creativos,Juguetes,PlayBox,Centro,App,PayPal,1,799,0,799
ORD-02715,19/03/2026,C-0800,Tenis Runner Pro,Deportes,Move,Sur,Web,Tarjeta débito,1,1899,0,1899
ORD-02725,19/03/2026,C-0771,Muñeca Adventure,Juguetes,PlayBox,Sureste,Web,Tarjeta débito,1,649,5,616.55
ORD-02750,19/03/2026,C-0468,Audífonos AirBeat,Electrónica,SoundPro,Sur,App,PayPal,1,1499,0,1499
ORD-02751,19/03/2026,C-0046,Jeans Classic,Moda,Urban Co.,Occidente,Marketplace,Tarjeta débito,1,899,0,899
ORD-02754,19/03/2026,C-0856,Sudadera Essential,Moda,BasicLab,Occidente,App,Tarjeta crédito,1,999,0,999
ORD-02852,19/03/2026,C-0577,Audífonos AirBeat,Electrónica,SoundPro,Centro,Web,Tarjeta crédito,3,1499,0,4497
ORD-02869,19/03/2026,C-0186,Bicicleta Urban 21,Deportes,Move,Centro,App,Tarjeta débito,1,7499,10,6749.1
ORD-02873,19/03/2026,C-0141,Laptop Nova 14,Electrónica,Nova,Occidente,App,PayPal,1,18999,15,16149.15
ORD-02894,19/03/2026,C-0542,Audífonos AirBeat,Electrónica,SoundPro,Centro,Marketplace,Tarjeta débito,1,1499,0,1499
ORD-02920,19/03/2026,C-0023,Set Bloques Creativos,Juguetes,PlayBox,Norte,Web,Tarjeta crédito,1,799,5,759.05
ORD-02966,19/03/2026,C-0770,Sudadera Essential,Moda,BasicLab,Sureste,App,Transferencia,1,999,5,949.05
ORD-00005,20/03/2026,C-0081,Tenis Casual Street,Moda,Urban Co.,Centro,Web,Tarjeta débito,2,1399,0,2798
ORD-00084,20/03/2026,C-0364,Tenis Runner Pro,Deportes,Move,Occidente,Web,Tarjeta débito,1,1899,0,1899
ORD-00113,20/03/2026,C-0425,Smart TV 55,Electrónica,Vision,Norte,Marketplace,PayPal,2,11999,0,23998
ORD-00160,20/03/2026,C-0030,Sudadera Essential,Moda,BasicLab,Occidente,App,Tarjeta débito,1,999,5,949.05
ORD-00164,20/03/2026,C-0425,Audífonos AirBeat,Electrónica,SoundPro,Centro,Web,Tarjeta débito,1,1499,0,1499
ORD-00178,20/03/2026,C-0461,Audífonos AirBeat,Electrónica,SoundPro,Norte,App,Tarjeta débito,2,1499,10,2698.2
ORD-00214,20/03/2026,C-0371,Audífonos AirBeat,Electrónica,SoundPro,Occidente,Web,Tarjeta crédito,1,1499,0,1499
ORD-00232,20/03/2026,C-0409,Smart TV 55,Electrónica,Vision,Centro,Marketplace,Tarjeta crédito,1,11999,20,9599.2
ORD-00281,20/03/2026,C-0035,Chamarra Urban,Moda,Urban Co.,Sur,Marketplace,Tarjeta crédito,1,1599,0,1599
ORD-00328,20/03/2026,C-0557,Freidora AirCook,Hogar,KitchenLab,Norte,Web,Tarjeta débito,1,2499,15,2124.15
ORD-00459,20/03/2026,C-0333,Bicicleta Urban 21,Deportes,Move,Centro,App,Tarjeta débito,1,7499,0,7499
ORD-00481,20/03/2026,C-0290,Cafetera HomeBrew,Hogar,HomePlus,Occidente,Web,PayPal,1,1799,5,1709.05
ORD-00509,20/03/2026,C-0464,Licuadora MixPlus,Hogar,HomePlus,Sureste,App,Tarjeta crédito,3,1199,15,3057.45
ORD-00565,20/03/2026,C-0605,Sudadera Essential,Moda,BasicLab,Occidente,Web,Tarjeta débito,1,999,0,999
ORD-00567,20/03/2026,C-0516,Tenis Casual Street,Moda,Urban Co.,Centro,App,Tarjeta débito,2,1399,0,2798
ORD-00623,20/03/2026,C-0548,Bicicleta Urban 21,Deportes,Move,Norte,App,Tarjeta débito,1,7499,0,7499
ORD-00684,20/03/2026,C-0027,Jeans Classic,Moda,Urban Co.,Occidente,App,Tarjeta débito,1,899,5,854.05
ORD-00730,20/03/2026,C-0341,Smart TV 55,Electrónica,Vision,Sureste,App,Tarjeta débito,1,11999,0,11999
ORD-00737,20/03/2026,C-0711,Freidora AirCook,Hogar,KitchenLab,Centro,Web,Tarjeta débito,1,2499,0,2499
ORD-00762,20/03/2026,C-0244,Auto Control Remoto,Juguetes,FunTech,Sureste,Web,Tarjeta débito,2,999,20,1598.4
ORD-00963,20/03/2026,C-0743,Jeans Classic,Moda,Urban Co.,Sur,Marketplace,Tarjeta crédito,1,899,0,899
ORD-00970,20/03/2026,C-0571,Smart TV 55,Electrónica,Vision,Norte,App,Transferencia,1,11999,0,11999
ORD-00986,20/03/2026,C-0203,Smartwatch FitGo,Deportes,FitGo,Occidente,App,PayPal,1,2299,10,2069.1
ORD-00999,20/03/2026,C-0121,Muñeca Adventure,Juguetes,PlayBox,Sur,Web,Tarjeta crédito,1,649,0,649
ORD-01024,20/03/2026,C-0721,Muñeca Adventure,Juguetes,PlayBox,Norte,Marketplace,Tarjeta débito,2,649,0,1298
ORD-01059,20/03/2026,C-0814,Auto Control Remoto,Juguetes,FunTech,Sureste,Marketplace,Tarjeta crédito,2,999,0,1998
ORD-01063,20/03/2026,C-0511,Sudadera Essential,Moda,BasicLab,Centro,App,PayPal,1,999,5,949.05
ORD-01191,20/03/2026,C-0731,Mochila Training,Deportes,Move,Sureste,Web,Tarjeta débito,1,899,0,899
ORD-01257,20/03/2026,C-0429,Auto Control Remoto,Juguetes,FunTech,Sur,Web,PayPal,1,999,5,949.05
ORD-01270,20/03/2026,C-0848,Auto Control Remoto,Juguetes,FunTech,Sur,Marketplace,Tarjeta débito,1,999,0,999
ORD-01292,20/03/2026,C-0219,Mochila Training,Deportes,Move,Sur,Web,PayPal,3,899,10,2427.3
ORD-01305,20/03/2026,C-0650,Smart TV 55,Electrónica,Vision,Centro,Web,Tarjeta crédito,1,11999,5,11399.05
ORD-01306,20/03/2026,C-0092,Cafetera HomeBrew,Hogar,HomePlus,Sureste,Marketplace,Tarjeta crédito,2,1799,0,3598
ORD-01307,20/03/2026,C-0649,Bicicleta Urban 21,Deportes,Move,Sureste,Web,PayPal,1,7499,5,7124.05
ORD-01325,20/03/2026,C-0621,Tenis Runner Pro,Deportes,Move,Occidente,Web,Tarjeta débito,1,1899,0,1899
ORD-01336,20/03/2026,C-0827,Licuadora MixPlus,Hogar,HomePlus,Centro,Web,Tarjeta débito,3,1199,10,3237.3
ORD-01374,20/03/2026,C-0113,Aspiradora CleanPro,Hogar,CleanPro,Centro,App,Tarjeta débito,1,3299,10,2969.1
ORD-01388,20/03/2026,C-0759,Audífonos AirBeat,Electrónica,SoundPro,Centro,Web,Tarjeta débito,1,1499,0,1499
ORD-01391,20/03/2026,C-0100,Sudadera Essential,Moda,BasicLab,Occidente,Web,Tarjeta crédito,1,999,5,949.05
ORD-01406,20/03/2026,C-0647,Smartphone X1,Electrónica,Nova,Centro,Web,PayPal,1,8999,0,8999
ORD-01441,20/03/2026,C-0013,Licuadora MixPlus,Hogar,HomePlus,Centro,Web,Tarjeta crédito,2,1199,5,2278.1
ORD-01444,20/03/2026,C-0266,Cafetera HomeBrew,Hogar,HomePlus,Occidente,Marketplace,Tarjeta débito,2,1799,0,3598
ORD-01458,20/03/2026,C-0948,Bicicleta Urban 21,Deportes,Move,Centro,App,Tarjeta crédito,3,7499,10,20247.3
ORD-01472,20/03/2026,C-0859,Cafetera HomeBrew,Hogar,HomePlus,Sur,Marketplace,Tarjeta débito,1,1799,0,1799
ORD-01572,20/03/2026,C-0548,Bicicleta Urban 21,Deportes,Move,Centro,App,Tarjeta débito,1,7499,0,7499
ORD-01588,20/03/2026,C-0297,Audífonos AirBeat,Electrónica,SoundPro,Sureste,Web,Tarjeta crédito,1,1499,0,1499
ORD-01590,20/03/2026,C-0649,Freidora AirCook,Hogar,KitchenLab,Centro,App,Tarjeta débito,1,2499,5,2374.05
ORD-01594,20/03/2026,C-0419,Bicicleta Urban 21,Deportes,Move,Centro,App,Tarjeta débito,1,7499,0,7499
ORD-01696,20/03/2026,C-0719,Auto Control Remoto,Juguetes,FunTech,Sureste,Marketplace,Tarjeta crédito,1,999,10,899.1
ORD-01722,20/03/2026,C-0230,Sudadera Essential,Moda,BasicLab,Centro,Web,Tarjeta débito,2,999,20,1598.4
ORD-01738,20/03/2026,C-0320,Freidora AirCook,Hogar,KitchenLab,Centro,App,Transferencia,2,2499,15,4248.3
ORD-01740,20/03/2026,C-0459,Audífonos AirBeat,Electrónica,SoundPro,Sureste,Marketplace,Transferencia,1,1499,5,1424.05
ORD-01810,20/03/2026,C-0763,Jeans Classic,Moda,Urban Co.,Sur,Web,Tarjeta débito,1,899,15,764.15
ORD-01829,20/03/2026,C-0620,Licuadora MixPlus,Hogar,HomePlus,Norte,Web,Tarjeta crédito,3,1199,0,3597
ORD-01854,20/03/2026,C-0747,Tenis Casual Street,Moda,Urban Co.,Centro,Web,Tarjeta crédito,1,1399,0,1399
ORD-01903,20/03/2026,C-0576,Audífonos AirBeat,Electrónica,SoundPro,Occidente,App,Tarjeta crédito,1,1499,5,1424.05
ORD-01944,20/03/2026,C-0171,Licuadora MixPlus,Hogar,HomePlus,Occidente,Marketplace,Tarjeta crédito,3,1199,0,3597
ORD-01954,20/03/2026,C-0777,Freidora AirCook,Hogar,KitchenLab,Norte,Web,PayPal,2,2499,5,4748.1
ORD-02066,20/03/2026,C-0096,Tenis Runner Pro,Deportes,Move,Occidente,Web,Tarjeta débito,1,1899,0,1899
ORD-02199,20/03/2026,C-0140,Cafetera HomeBrew,Hogar,HomePlus,Sureste,Marketplace,PayPal,1,1799,0,1799
ORD-02204,20/03/2026,C-0228,Licuadora MixPlus,Hogar,HomePlus,Sureste,App,Tarjeta débito,4,1199,10,4316.4
ORD-02239,20/03/2026,C-0214,Smart TV 55,Electrónica,Vision,Sur,Web,Tarjeta crédito,1,11999,0,11999
ORD-02249,20/03/2026,C-0605,Smartphone X1,Electrónica,Nova,Occidente,App,Tarjeta débito,1,8999,0,8999
ORD-02275,20/03/2026,C-0069,Chamarra Urban,Moda,Urban Co.,Centro,App,Tarjeta crédito,2,1599,5,3038.1
ORD-02298,20/03/2026,C-0220,Tenis Runner Pro,Deportes,Move,Occidente,Web,Tarjeta débito,1,1899,0,1899
ORD-02328,20/03/2026,C-0280,Smart TV 55,Electrónica,Vision,Sureste,Web,Transferencia,3,11999,15,30597.45
ORD-02336,20/03/2026,C-0087,Sudadera Essential,Moda,BasicLab,Sur,App,Tarjeta débito,2,999,15,1698.3
ORD-02348,20/03/2026,C-0909,Licuadora MixPlus,Hogar,HomePlus,Occidente,Web,Tarjeta débito,1,1199,5,1139.05
ORD-02349,20/03/2026,C-0491,Jeans Classic,Moda,Urban Co.,Centro,Marketplace,Tarjeta crédito,1,899,5,854.05
ORD-02366,20/03/2026,C-0630,Audífonos AirBeat,Electrónica,SoundPro,Sur,Marketplace,Tarjeta crédito,1,1499,5,1424.05
ORD-02402,20/03/2026,C-0747,Licuadora MixPlus,Hogar,HomePlus,Norte,Web,Transferencia,1,1199,0,1199
ORD-02403,20/03/2026,C-0645,Tenis Casual Street,Moda,Urban Co.,Centro,Marketplace,Transferencia,1,1399,0,1399
ORD-02443,20/03/2026,C-0160,Mochila Training,Deportes,Move,Centro,Web,Transferencia,1,899,20,719.2
ORD-02451,20/03/2026,C-0613,Smartwatch FitGo,Deportes,FitGo,Occidente,Web,Tarjeta crédito,1,2299,0,2299
ORD-02474,20/03/2026,C-0611,Tenis Casual Street,Moda,Urban Co.,Sureste,Web,Tarjeta crédito,2,1399,0,2798
ORD-02493,20/03/2026,C-0131,Jeans Classic,Moda,Urban Co.,Occidente,App,Tarjeta débito,1,899,0,899
ORD-02530,20/03/2026,C-0367,Mochila Training,Deportes,Move,Centro,App,Tarjeta crédito,1,899,15,764.15
ORD-02536,20/03/2026,C-0854,Set Bloques Creativos,Juguetes,PlayBox,Centro,App,Tarjeta débito,1,799,0,799
ORD-02582,20/03/2026,C-0881,Tenis Runner Pro,Deportes,Move,Occidente,Web,Tarjeta crédito,1,1899,0,1899
ORD-02631,20/03/2026,C-0176,Laptop Nova 14,Electrónica,Nova,Centro,App,PayPal,1,18999,10,17099.1
ORD-02643,20/03/2026,C-0925,Audífonos AirBeat,Electrónica,SoundPro,Sureste,Web,Tarjeta crédito,1,1499,0,1499
ORD-02711,20/03/2026,C-0653,Jeans Classic,Moda,Urban Co.,Centro,Marketplace,Transferencia,1,899,0,899
ORD-02778,20/03/2026,C-0865,Muñeca Adventure,Juguetes,PlayBox,Sureste,Marketplace,Tarjeta crédito,1,649,5,616.55
ORD-02779,20/03/2026,C-0213,Cafetera HomeBrew,Hogar,HomePlus,Centro,App,Tarjeta crédito,1,1799,0,1799
ORD-02783,20/03/2026,C-0410,Tenis Casual Street,Moda,Urban Co.,Sur,Web,Tarjeta crédito,1,1399,5,1329.05
ORD-02796,20/03/2026,C-0292,Chamarra Urban,Moda,Urban Co.,Sureste,Marketplace,Tarjeta débito,1,1599,0,1599
ORD-02801,20/03/2026,C-0777,Audífonos AirBeat,Electrónica,SoundPro,Norte,Marketplace,Tarjeta crédito,1,1499,0,1499
ORD-02834,20/03/2026,C-0336,Muñeca Adventure,Juguetes,PlayBox,Sur,App,Tarjeta débito,3,649,10,1752.3
ORD-02841,20/03/2026,C-0567,Cafetera HomeBrew,Hogar,HomePlus,Sureste,Web,Tarjeta crédito,1,1799,10,1619.1
ORD-02925,20/03/2026,C-0323,Tenis Runner Pro,Deportes,Move,Sur,App,Tarjeta débito,2,1899,0,3798
ORD-00094,21/03/2026,C-0255,Smartphone X1,Electrónica,Nova,Occidente,Web,PayPal,1,8999,15,7649.15
ORD-00110,21/03/2026,C-0096,Audífonos AirBeat,Electrónica,SoundPro,Occidente,Web,Tarjeta crédito,1,1499,5,1424.05
ORD-00143,21/03/2026,C-0466,Mochila Training,Deportes,Move,Norte,Web,Tarjeta crédito,2,899,0,1798
ORD-00185,21/03/2026,C-0702,Mochila Training,Deportes,Move,Sur,Marketplace,Tarjeta débito,2,899,10,1618.2
ORD-00205,21/03/2026,C-0831,Aspiradora CleanPro,Hogar,CleanPro,Centro,App,Tarjeta débito,1,3299,5,3134.05
ORD-00230,21/03/2026,C-0251,Freidora AirCook,Hogar,KitchenLab,Centro,Marketplace,Tarjeta débito,1,2499,5,2374.05
ORD-00262,21/03/2026,C-0198,Cafetera HomeBrew,Hogar,HomePlus,Occidente,App,Transferencia,1,1799,10,1619.1
ORD-00278,21/03/2026,C-0229,Mochila Training,Deportes,Move,Sur,Web,Transferencia,1,899,0,899
ORD-00300,21/03/2026,C-0633,Audífonos AirBeat,Electrónica,SoundPro,Centro,App,Tarjeta crédito,1,1499,5,1424.05
ORD-00313,21/03/2026,C-0443,Aspiradora CleanPro,Hogar,CleanPro,Centro,Marketplace,Tarjeta débito,3,3299,0,9897
ORD-00363,21/03/2026,C-0672,Chamarra Urban,Moda,Urban Co.,Centro,Web,Tarjeta crédito,1,1599,5,1519.05
ORD-00367,21/03/2026,C-0451,Tenis Casual Street,Moda,Urban Co.,Sureste,Web,Tarjeta débito,1,1399,0,1399
ORD-00370,21/03/2026,C-0708,Tablet Go 10,Electrónica,Nova,Centro,App,Tarjeta débito,2,6299,5,11968.1
ORD-00378,21/03/2026,C-0089,Bicicleta Urban 21,Deportes,Move,Centro,App,Tarjeta débito,1,7499,10,6749.1
ORD-00391,21/03/2026,C-0870,Mochila Training,Deportes,Move,Sur,Marketplace,Transferencia,1,899,0,899
ORD-00419,21/03/2026,C-0366,Auto Control Remoto,Juguetes,FunTech,Centro,App,Tarjeta débito,1,999,15,849.15
ORD-00432,21/03/2026,C-0084,Tenis Casual Street,Moda,Urban Co.,Occidente,Web,Tarjeta crédito,1,1399,0,1399
ORD-00455,21/03/2026,C-0934,Tablet Go 10,Electrónica,Nova,Norte,Web,PayPal,1,6299,10,5669.1
ORD-00479,21/03/2026,C-0259,Chamarra Urban,Moda,Urban Co.,Sur,Web,Tarjeta crédito,1,1599,0,1599
ORD-00496,21/03/2026,C-0770,Smartphone X1,Electrónica,Nova,Sureste,App,Tarjeta débito,1,8999,0,8999
ORD-00500,21/03/2026,C-0373,Auto Control Remoto,Juguetes,FunTech,Centro,App,Tarjeta crédito,3,999,5,2847.15
ORD-00520,21/03/2026,C-0795,Tablet Go 10,Electrónica,Nova,Occidente,App,PayPal,1,6299,5,5984.05
ORD-00527,21/03/2026,C-0637,Sudadera Essential,Moda,BasicLab,Centro,App,Tarjeta débito,1,999,15,849.15
ORD-00530,21/03/2026,C-0551,Cafetera HomeBrew,Hogar,HomePlus,Centro,App,Transferencia,3,1799,0,5397
ORD-00531,21/03/2026,C-0107,Mochila Training,Deportes,Move,Centro,App,PayPal,1,899,10,809.1
ORD-00539,21/03/2026,C-0006,Tenis Casual Street,Moda,Urban Co.,Norte,Marketplace,Tarjeta débito,1,1399,5,1329.05
ORD-00557,21/03/2026,C-0930,Smart TV 55,Electrónica,Vision,Norte,App,PayPal,1,11999,0,11999
ORD-00578,21/03/2026,C-0066,Licuadora MixPlus,Hogar,HomePlus,Centro,Web,Tarjeta crédito,1,1199,15,1019.15
ORD-00616,21/03/2026,C-0494,Smartwatch FitGo,Deportes,FitGo,Sureste,Web,Tarjeta débito,2,2299,5,4368.1
ORD-00634,21/03/2026,C-0572,Smartphone X1,Electrónica,Nova,Centro,App,Tarjeta crédito,1,8999,0,8999
ORD-00641,21/03/2026,C-0183,Aspiradora CleanPro,Hogar,CleanPro,Norte,Web,Tarjeta débito,3,3299,0,9897
ORD-00648,21/03/2026,C-0812,Audífonos AirBeat,Electrónica,SoundPro,Occidente,App,Tarjeta débito,1,1499,0,1499
ORD-00657,21/03/2026,C-0790,Audífonos AirBeat,Electrónica,SoundPro,Centro,App,Tarjeta débito,1,1499,0,1499
ORD-00678,21/03/2026,C-0620,Smartwatch FitGo,Deportes,FitGo,Occidente,Web,Tarjeta débito,1,2299,0,2299
ORD-00782,21/03/2026,C-0785,Auto Control Remoto,Juguetes,FunTech,Centro,App,Transferencia,1,999,0,999
ORD-00787,21/03/2026,C-0594,Tablet Go 10,Electrónica,Nova,Occidente,App,Tarjeta débito,1,6299,10,5669.1
ORD-00789,21/03/2026,C-0468,Tablet Go 10,Electrónica,Nova,Centro,Web,Tarjeta crédito,2,6299,0,12598
ORD-00806,21/03/2026,C-0288,Jeans Classic,Moda,Urban Co.,Norte,Web,Tarjeta crédito,1,899,0,899
ORD-00808,21/03/2026,C-0422,Sudadera Essential,Moda,BasicLab,Sureste,Marketplace,Tarjeta débito,1,999,5,949.05
ORD-00819,21/03/2026,C-0245,Licuadora MixPlus,Hogar,HomePlus,Occidente,Web,Tarjeta débito,3,1199,0,3597
ORD-00820,21/03/2026,C-0763,Mochila Training,Deportes,Move,Norte,Marketplace,Tarjeta débito,1,899,15,764.15
ORD-00896,21/03/2026,C-0642,Cafetera HomeBrew,Hogar,HomePlus,Occidente,App,PayPal,1,1799,0,1799
ORD-00909,21/03/2026,C-0708,Aspiradora CleanPro,Hogar,CleanPro,Sureste,App,PayPal,3,3299,5,9402.15
ORD-00917,21/03/2026,C-0787,Licuadora MixPlus,Hogar,HomePlus,Centro,App,Tarjeta crédito,1,1199,0,1199
ORD-00921,21/03/2026,C-0051,Bicicleta Urban 21,Deportes,Move,Centro,Web,Tarjeta débito,2,7499,0,14998
ORD-00992,21/03/2026,C-0835,Set Bloques Creativos,Juguetes,PlayBox,Occidente,Marketplace,Tarjeta crédito,1,799,0,799
ORD-01006,21/03/2026,C-0198,Laptop Nova 14,Electrónica,Nova,Sur,App,Tarjeta débito,1,18999,0,18999
ORD-01038,21/03/2026,C-0343,Aspiradora CleanPro,Hogar,CleanPro,Occidente,Web,Tarjeta débito,2,3299,0,6598
ORD-01065,21/03/2026,C-0884,Smartwatch FitGo,Deportes,FitGo,Sureste,App,Tarjeta crédito,1,2299,0,2299
ORD-01111,21/03/2026,C-0337,Licuadora MixPlus,Hogar,HomePlus,Centro,Marketplace,Tarjeta débito,2,1199,15,2038.3
ORD-01151,21/03/2026,C-0785,Muñeca Adventure,Juguetes,PlayBox,Sur,Web,Tarjeta débito,3,649,10,1752.3
ORD-01171,21/03/2026,C-0931,Cafetera HomeBrew,Hogar,HomePlus,Norte,Web,Tarjeta crédito,1,1799,0,1799
ORD-01184,21/03/2026,C-0674,Smart TV 55,Electrónica,Vision,Sur,Marketplace,Tarjeta débito,1,11999,0,11999
ORD-01235,21/03/2026,C-0740,Bicicleta Urban 21,Deportes,Move,Occidente,Web,Tarjeta crédito,1,7499,10,6749.1
ORD-01287,21/03/2026,C-0108,Smartphone X1,Electrónica,Nova,Centro,App,Tarjeta débito,1,8999,5,8549.05
ORD-01289,21/03/2026,C-0945,Tenis Runner Pro,Deportes,Move,Occidente,Marketplace,Tarjeta crédito,1,1899,0,1899
ORD-01333,21/03/2026,C-0440,Tenis Casual Street,Moda,Urban Co.,Sureste,App,Tarjeta crédito,2,1399,0,2798
ORD-01483,21/03/2026,C-0308,Smartwatch FitGo,Deportes,FitGo,Occidente,App,Tarjeta débito,1,2299,5,2184.05
ORD-01500,21/03/2026,C-0286,Audífonos AirBeat,Electrónica,SoundPro,Occidente,Web,Tarjeta débito,1,1499,0,1499
ORD-01516,21/03/2026,C-0841,Smartphone X1,Electrónica,Nova,Occidente,Web,Tarjeta débito,1,8999,15,7649.15
ORD-01610,21/03/2026,C-0373,Licuadora MixPlus,Hogar,HomePlus,Centro,Marketplace,Tarjeta débito,1,1199,0,1199
ORD-01661,21/03/2026,C-0483,Muñeca Adventure,Juguetes,PlayBox,Centro,Marketplace,Tarjeta crédito,1,649,5,616.55
ORD-01666,21/03/2026,C-0030,Cafetera HomeBrew,Hogar,HomePlus,Norte,Marketplace,Tarjeta débito,1,1799,0,1799
ORD-01680,21/03/2026,C-0124,Licuadora MixPlus,Hogar,HomePlus,Centro,App,Tarjeta crédito,2,1199,20,1918.4
ORD-01685,21/03/2026,C-0625,Chamarra Urban,Moda,Urban Co.,Occidente,App,PayPal,1,1599,10,1439.1
ORD-01733,21/03/2026,C-0621,Licuadora MixPlus,Hogar,HomePlus,Occidente,Web,PayPal,1,1199,5,1139.05
ORD-01745,21/03/2026,C-0575,Cafetera HomeBrew,Hogar,HomePlus,Norte,Web,Tarjeta crédito,1,1799,0,1799
ORD-01782,21/03/2026,C-0883,Mochila Training,Deportes,Move,Sureste,App,PayPal,1,899,0,899
ORD-01846,21/03/2026,C-0207,Laptop Nova 14,Electrónica,Nova,Sur,Web,Tarjeta débito,1,18999,5,18049.05
ORD-01898,21/03/2026,C-0149,Licuadora MixPlus,Hogar,HomePlus,Occidente,Marketplace,Tarjeta crédito,2,1199,5,2278.1
ORD-01947,21/03/2026,C-0813,Freidora AirCook,Hogar,KitchenLab,Sur,App,Tarjeta débito,1,2499,10,2249.1
ORD-02001,21/03/2026,C-0246,Chamarra Urban,Moda,Urban Co.,Centro,Marketplace,PayPal,1,1599,10,1439.1
ORD-02013,21/03/2026,C-0057,Sudadera Essential,Moda,BasicLab,Centro,Web,PayPal,2,999,0,1998
ORD-02023,21/03/2026,C-0747,Audífonos AirBeat,Electrónica,SoundPro,Sureste,App,Tarjeta crédito,1,1499,10,1349.1
ORD-02054,21/03/2026,C-0047,Audífonos AirBeat,Electrónica,SoundPro,Occidente,App,Tarjeta crédito,1,1499,10,1349.1
ORD-02077,21/03/2026,C-0577,Licuadora MixPlus,Hogar,HomePlus,Norte,Web,Tarjeta débito,1,1199,5,1139.05
ORD-02109,21/03/2026,C-0810,Tenis Casual Street,Moda,Urban Co.,Centro,App,Tarjeta crédito,1,1399,15,1189.15
ORD-02159,21/03/2026,C-0413,Mochila Training,Deportes,Move,Norte,App,Transferencia,1,899,0,899
ORD-02172,21/03/2026,C-0878,Smartphone X1,Electrónica,Nova,Occidente,App,Tarjeta débito,1,8999,0,8999
ORD-02253,21/03/2026,C-0605,Set Bloques Creativos,Juguetes,PlayBox,Norte,Web,PayPal,1,799,5,759.05
ORD-02269,21/03/2026,C-0325,Tenis Casual Street,Moda,Urban Co.,Occidente,App,Tarjeta crédito,1,1399,5,1329.05
ORD-02359,21/03/2026,C-0802,Bicicleta Urban 21,Deportes,Move,Sureste,App,PayPal,1,7499,10,6749.1
ORD-02417,21/03/2026,C-0779,Muñeca Adventure,Juguetes,PlayBox,Norte,App,PayPal,1,649,15,551.65
ORD-02462,21/03/2026,C-0526,Aspiradora CleanPro,Hogar,CleanPro,Occidente,Web,Tarjeta débito,1,3299,0,3299
ORD-02495,21/03/2026,C-0618,Audífonos AirBeat,Electrónica,SoundPro,Occidente,Marketplace,Tarjeta crédito,2,1499,5,2848.1
ORD-02507,21/03/2026,C-0886,Tablet Go 10,Electrónica,Nova,Centro,Web,PayPal,2,6299,5,11968.1
ORD-02570,21/03/2026,C-0042,Chamarra Urban,Moda,Urban Co.,Centro,App,Transferencia,1,1599,0,1599
ORD-02590,21/03/2026,C-0044,Sudadera Essential,Moda,BasicLab,Norte,Marketplace,Tarjeta débito,3,999,5,2847.15
ORD-02652,21/03/2026,C-0750,Bicicleta Urban 21,Deportes,Move,Sureste,App,Tarjeta débito,1,7499,0,7499
ORD-02682,21/03/2026,C-0152,Jeans Classic,Moda,Urban Co.,Sur,Marketplace,Tarjeta débito,1,899,5,854.05
ORD-02726,21/03/2026,C-0043,Sudadera Essential,Moda,BasicLab,Norte,Web,Tarjeta crédito,1,999,5,949.05
ORD-02761,21/03/2026,C-0913,Set Bloques Creativos,Juguetes,PlayBox,Centro,App,Transferencia,1,799,0,799
ORD-02797,21/03/2026,C-0079,Tenis Casual Street,Moda,Urban Co.,Norte,App,PayPal,1,1399,15,1189.15
ORD-02865,21/03/2026,C-0166,Jeans Classic,Moda,Urban Co.,Centro,Web,Transferencia,1,899,0,899
ORD-02892,21/03/2026,C-0589,Tenis Casual Street,Moda,Urban Co.,Centro,App,Tarjeta débito,2,1399,0,2798
ORD-02910,21/03/2026,C-0286,Tenis Casual Street,Moda,Urban Co.,Sureste,App,Transferencia,1,1399,0,1399
ORD-02926,21/03/2026,C-0849,Sudadera Essential,Moda,BasicLab,Norte,Web,Tarjeta débito,1,999,0,999
ORD-00035,22/03/2026,C-0245,Smartphone X1,Electrónica,Nova,Occidente,App,Transferencia,1,8999,0,8999
ORD-00055,22/03/2026,C-0389,Tenis Runner Pro,Deportes,Move,Norte,Web,Tarjeta crédito,1,1899,0,1899
ORD-00099,22/03/2026,C-0203,Freidora AirCook,Hogar,KitchenLab,Centro,Web,PayPal,2,2499,5,4748.1
ORD-00108,22/03/2026,C-0511,Auto Control Remoto,Juguetes,FunTech,Sur,App,Tarjeta crédito,1,999,5,949.05
ORD-00204,22/03/2026,C-0560,Tablet Go 10,Electrónica,Nova,Occidente,App,PayPal,1,6299,0,6299
ORD-00224,22/03/2026,C-0787,Freidora AirCook,Hogar,KitchenLab,Occidente,Web,PayPal,1,2499,5,2374.05
ORD-00231,22/03/2026,C-0476,Sudadera Essential,Moda,BasicLab,Norte,App,Tarjeta débito,1,999,0,999
ORD-00247,22/03/2026,C-0429,Audífonos AirBeat,Electrónica,SoundPro,Centro,App,Tarjeta débito,1,1499,0,1499
ORD-00264,22/03/2026,C-0528,Cafetera HomeBrew,Hogar,HomePlus,Sur,Web,PayPal,2,1799,15,3058.3
ORD-00274,22/03/2026,C-0593,Mochila Training,Deportes,Move,Sur,App,Tarjeta crédito,2,899,10,1618.2
ORD-00282,22/03/2026,C-0223,Freidora AirCook,Hogar,KitchenLab,Occidente,Web,PayPal,1,2499,0,2499
ORD-00297,22/03/2026,C-0472,Bicicleta Urban 21,Deportes,Move,Norte,App,Tarjeta débito,2,7499,10,13498.2
ORD-00319,22/03/2026,C-0446,Tenis Runner Pro,Deportes,Move,Norte,Web,Tarjeta crédito,1,1899,0,1899
ORD-00330,22/03/2026,C-0410,Tablet Go 10,Electrónica,Nova,Norte,App,Tarjeta crédito,1,6299,20,5039.2
ORD-00387,22/03/2026,C-0071,Audífonos AirBeat,Electrónica,SoundPro,Sureste,Web,PayPal,3,1499,20,3597.6
ORD-00445,22/03/2026,C-0764,Smartwatch FitGo,Deportes,FitGo,Occidente,Web,PayPal,1,2299,0,2299
ORD-00447,22/03/2026,C-0846,Tenis Casual Street,Moda,Urban Co.,Centro,Marketplace,Tarjeta crédito,1,1399,20,1119.2
ORD-00484,22/03/2026,C-0799,Laptop Nova 14,Electrónica,Nova,Centro,Web,Tarjeta débito,3,18999,0,56997
ORD-00526,22/03/2026,C-0575,Set Bloques Creativos,Juguetes,PlayBox,Norte,Web,Tarjeta crédito,1,799,10,719.1
ORD-00542,22/03/2026,C-0473,Audífonos AirBeat,Electrónica,SoundPro,Sur,Marketplace,PayPal,4,1499,15,5096.6
ORD-00544,22/03/2026,C-0462,Licuadora MixPlus,Hogar,HomePlus,Occidente,Web,Tarjeta débito,1,1199,15,1019.15
ORD-00545,22/03/2026,C-0439,Aspiradora CleanPro,Hogar,CleanPro,Centro,App,Tarjeta débito,1,3299,0,3299
ORD-00582,22/03/2026,C-0799,Smartwatch FitGo,Deportes,FitGo,Centro,Web,Tarjeta crédito,4,2299,0,9196
ORD-00583,22/03/2026,C-0093,Licuadora MixPlus,Hogar,HomePlus,Norte,App,Tarjeta débito,1,1199,10,1079.1
ORD-00670,22/03/2026,C-0291,Chamarra Urban,Moda,Urban Co.,Centro,App,Tarjeta débito,1,1599,0,1599
ORD-00734,22/03/2026,C-0116,Chamarra Urban,Moda,Urban Co.,Norte,Marketplace,Tarjeta crédito,1,1599,0,1599
ORD-00743,22/03/2026,C-0446,Smart TV 55,Electrónica,Vision,Sureste,Web,PayPal,2,11999,5,22798.1
ORD-00765,22/03/2026,C-0950,Tablet Go 10,Electrónica,Nova,Occidente,App,Tarjeta crédito,1,6299,10,5669.1
ORD-00769,22/03/2026,C-0013,Tenis Runner Pro,Deportes,Move,Occidente,Web,Tarjeta débito,2,1899,5,3608.1
ORD-00800,22/03/2026,C-0056,Sudadera Essential,Moda,BasicLab,Sur,Marketplace,Tarjeta débito,2,999,0,1998
ORD-00839,22/03/2026,C-0524,Freidora AirCook,Hogar,KitchenLab,Sureste,Marketplace,Tarjeta crédito,1,2499,0,2499
ORD-00862,22/03/2026,C-0205,Smartphone X1,Electrónica,Nova,Centro,Web,Tarjeta crédito,1,8999,5,8549.05
ORD-00871,22/03/2026,C-0536,Tenis Runner Pro,Deportes,Move,Norte,Web,Tarjeta débito,1,1899,5,1804.05
ORD-00899,22/03/2026,C-0848,Audífonos AirBeat,Electrónica,SoundPro,Occidente,Web,Tarjeta crédito,1,1499,0,1499
ORD-00903,22/03/2026,C-0115,Set Bloques Creativos,Juguetes,PlayBox,Occidente,Web,Transferencia,1,799,10,719.1
ORD-00910,22/03/2026,C-0832,Set Bloques Creativos,Juguetes,PlayBox,Centro,App,Tarjeta crédito,1,799,15,679.15
ORD-00964,22/03/2026,C-0591,Smartwatch FitGo,Deportes,FitGo,Sureste,Marketplace,Tarjeta crédito,1,2299,0,2299
ORD-00993,22/03/2026,C-0198,Jeans Classic,Moda,Urban Co.,Centro,Web,PayPal,1,899,0,899
ORD-01008,22/03/2026,C-0723,Laptop Nova 14,Electrónica,Nova,Sureste,Web,Tarjeta crédito,1,18999,10,17099.1
ORD-01035,22/03/2026,C-0049,Cafetera HomeBrew,Hogar,HomePlus,Occidente,App,Tarjeta débito,2,1799,0,3598
ORD-01091,22/03/2026,C-0781,Mochila Training,Deportes,Move,Sureste,App,Tarjeta débito,1,899,0,899
ORD-01097,22/03/2026,C-0036,Audífonos AirBeat,Electrónica,SoundPro,Sur,App,Tarjeta crédito,1,1499,0,1499
ORD-01101,22/03/2026,C-0172,Sudadera Essential,Moda,BasicLab,Occidente,Web,PayPal,2,999,10,1798.2
ORD-01108,22/03/2026,C-0656,Auto Control Remoto,Juguetes,FunTech,Norte,Web,Tarjeta débito,1,999,5,949.05
ORD-01156,22/03/2026,C-0010,Licuadora MixPlus,Hogar,HomePlus,Sureste,Web,Tarjeta débito,1,1199,5,1139.05
ORD-01323,22/03/2026,C-0306,Smartphone X1,Electrónica,Nova,Norte,Marketplace,Tarjeta débito,1,8999,0,8999
ORD-01366,22/03/2026,C-0097,Laptop Nova 14,Electrónica,Nova,Sureste,Marketplace,Tarjeta débito,1,18999,0,18999
ORD-01370,22/03/2026,C-0442,Tenis Casual Street,Moda,Urban Co.,Sureste,Web,Tarjeta crédito,1,1399,5,1329.05
ORD-01380,22/03/2026,C-0310,Tablet Go 10,Electrónica,Nova,Occidente,Web,Transferencia,1,6299,0,6299
ORD-01446,22/03/2026,C-0732,Smartphone X1,Electrónica,Nova,Norte,App,Tarjeta crédito,1,8999,5,8549.05
ORD-01554,22/03/2026,C-0821,Audífonos AirBeat,Electrónica,SoundPro,Norte,Marketplace,Transferencia,2,1499,0,2998
ORD-01560,22/03/2026,C-0378,Aspiradora CleanPro,Hogar,CleanPro,Sur,App,Tarjeta crédito,2,3299,5,6268.1
ORD-01563,22/03/2026,C-0699,Aspiradora CleanPro,Hogar,CleanPro,Sur,Web,Transferencia,1,3299,0,3299
ORD-01586,22/03/2026,C-0426,Aspiradora CleanPro,Hogar,CleanPro,Norte,Web,Tarjeta débito,1,3299,5,3134.05
ORD-01616,22/03/2026,C-0548,Smart TV 55,Electrónica,Vision,Centro,App,Transferencia,1,11999,5,11399.05
ORD-01648,22/03/2026,C-0667,Smartphone X1,Electrónica,Nova,Norte,Web,Tarjeta débito,2,8999,15,15298.3
ORD-01673,22/03/2026,C-0905,Smart TV 55,Electrónica,Vision,Centro,App,Tarjeta débito,1,11999,5,11399.05
ORD-01702,22/03/2026,C-0663,Licuadora MixPlus,Hogar,HomePlus,Occidente,App,PayPal,1,1199,10,1079.1
ORD-01704,22/03/2026,C-0300,Sudadera Essential,Moda,BasicLab,Sureste,Web,Tarjeta crédito,1,999,5,949.05
ORD-01713,22/03/2026,C-0944,Set Bloques Creativos,Juguetes,PlayBox,Norte,Web,Tarjeta débito,1,799,5,759.05
ORD-01731,22/03/2026,C-0099,Chamarra Urban,Moda,Urban Co.,Norte,Web,Tarjeta débito,1,1599,0,1599
ORD-01741,22/03/2026,C-0193,Muñeca Adventure,Juguetes,PlayBox,Occidente,Web,Tarjeta crédito,2,649,0,1298
ORD-01749,22/03/2026,C-0716,Sudadera Essential,Moda,BasicLab,Sureste,App,Tarjeta débito,1,999,0,999
ORD-01754,22/03/2026,C-0755,Muñeca Adventure,Juguetes,PlayBox,Occidente,Marketplace,Tarjeta débito,2,649,0,1298
ORD-01775,22/03/2026,C-0200,Aspiradora CleanPro,Hogar,CleanPro,Norte,App,Tarjeta crédito,1,3299,0,3299
ORD-01780,22/03/2026,C-0422,Auto Control Remoto,Juguetes,FunTech,Occidente,Web,Tarjeta crédito,1,999,10,899.1
ORD-01819,22/03/2026,C-0297,Audífonos AirBeat,Electrónica,SoundPro,Centro,Marketplace,Tarjeta crédito,1,1499,0,1499
ORD-01860,22/03/2026,C-0014,Smartphone X1,Electrónica,Nova,Norte,Web,Tarjeta débito,1,8999,0,8999
ORD-01879,22/03/2026,C-0882,Smartwatch FitGo,Deportes,FitGo,Norte,Web,Tarjeta crédito,1,2299,0,2299
ORD-01962,22/03/2026,C-0286,Aspiradora CleanPro,Hogar,CleanPro,Norte,Web,Tarjeta débito,1,3299,10,2969.1
ORD-02014,22/03/2026,C-0349,Muñeca Adventure,Juguetes,PlayBox,Sureste,Web,Tarjeta crédito,1,649,0,649
ORD-02026,22/03/2026,C-0422,Tablet Go 10,Electrónica,Nova,Norte,Marketplace,Tarjeta crédito,3,6299,0,18897
ORD-02058,22/03/2026,C-0426,Mochila Training,Deportes,Move,Sur,Web,Tarjeta crédito,1,899,0,899
ORD-02085,22/03/2026,C-0586,Tablet Go 10,Electrónica,Nova,Centro,App,Tarjeta débito,1,6299,0,6299
ORD-02086,22/03/2026,C-0735,Bicicleta Urban 21,Deportes,Move,Sur,Web,Tarjeta crédito,1,7499,0,7499
ORD-02118,22/03/2026,C-0579,Smartphone X1,Electrónica,Nova,Norte,App,Tarjeta crédito,1,8999,10,8099.1
ORD-02122,22/03/2026,C-0803,Jeans Classic,Moda,Urban Co.,Sur,Marketplace,Tarjeta crédito,1,899,5,854.05
ORD-02163,22/03/2026,C-0179,Muñeca Adventure,Juguetes,PlayBox,Centro,App,PayPal,2,649,5,1233.1
ORD-02167,22/03/2026,C-0299,Jeans Classic,Moda,Urban Co.,Sur,Web,Tarjeta débito,1,899,10,809.1
ORD-02171,22/03/2026,C-0629,Mochila Training,Deportes,Move,Centro,Marketplace,Tarjeta débito,1,899,0,899
ORD-02175,22/03/2026,C-0917,Bicicleta Urban 21,Deportes,Move,Occidente,Web,Tarjeta crédito,1,7499,0,7499
ORD-02213,22/03/2026,C-0055,Sudadera Essential,Moda,BasicLab,Sur,Web,Tarjeta débito,1,999,0,999
ORD-02237,22/03/2026,C-0124,Sudadera Essential,Moda,BasicLab,Centro,Web,Tarjeta crédito,1,999,0,999
ORD-02240,22/03/2026,C-0154,Mochila Training,Deportes,Move,Centro,App,Tarjeta débito,1,899,0,899
ORD-02278,22/03/2026,C-0924,Audífonos AirBeat,Electrónica,SoundPro,Occidente,App,Tarjeta débito,2,1499,0,2998
ORD-02292,22/03/2026,C-0719,Sudadera Essential,Moda,BasicLab,Occidente,Web,Tarjeta débito,2,999,15,1698.3
ORD-02324,22/03/2026,C-0107,Tenis Runner Pro,Deportes,Move,Norte,Web,PayPal,1,1899,5,1804.05
ORD-02353,22/03/2026,C-0216,Auto Control Remoto,Juguetes,FunTech,Occidente,Web,Transferencia,2,999,0,1998
ORD-02390,22/03/2026,C-0089,Smartwatch FitGo,Deportes,FitGo,Centro,Marketplace,Tarjeta crédito,3,2299,10,6207.3
ORD-02396,22/03/2026,C-0746,Licuadora MixPlus,Hogar,HomePlus,Centro,App,Tarjeta crédito,2,1199,20,1918.4
ORD-02446,22/03/2026,C-0052,Chamarra Urban,Moda,Urban Co.,Centro,App,Tarjeta crédito,1,1599,0,1599
ORD-02452,22/03/2026,C-0623,Audífonos AirBeat,Electrónica,SoundPro,Sureste,App,PayPal,1,1499,0,1499
ORD-02459,22/03/2026,C-0310,Auto Control Remoto,Juguetes,FunTech,Centro,App,Tarjeta débito,1,999,5,949.05
ORD-02465,22/03/2026,C-0738,Smartwatch FitGo,Deportes,FitGo,Norte,Web,Tarjeta débito,2,2299,10,4138.2
ORD-02480,22/03/2026,C-0544,Auto Control Remoto,Juguetes,FunTech,Sureste,Web,Tarjeta débito,1,999,10,899.1
ORD-02513,22/03/2026,C-0785,Muñeca Adventure,Juguetes,PlayBox,Centro,Web,Transferencia,1,649,0,649
ORD-02583,22/03/2026,C-0195,Licuadora MixPlus,Hogar,HomePlus,Norte,App,Tarjeta crédito,2,1199,5,2278.1
ORD-02615,22/03/2026,C-0755,Audífonos AirBeat,Electrónica,SoundPro,Occidente,App,Transferencia,1,1499,0,1499
ORD-02654,22/03/2026,C-0515,Cafetera HomeBrew,Hogar,HomePlus,Sur,Web,PayPal,1,1799,0,1799
ORD-02664,22/03/2026,C-0052,Aspiradora CleanPro,Hogar,CleanPro,Centro,Web,Tarjeta crédito,2,3299,10,5938.2
ORD-02670,22/03/2026,C-0535,Tenis Casual Street,Moda,Urban Co.,Occidente,Web,Tarjeta débito,1,1399,5,1329.05
ORD-02799,22/03/2026,C-0614,Mochila Training,Deportes,Move,Sur,App,PayPal,2,899,0,1798
ORD-02821,22/03/2026,C-0806,Smartphone X1,Electrónica,Nova,Sur,App,Tarjeta crédito,1,8999,0,8999
ORD-02862,22/03/2026,C-0574,Sudadera Essential,Moda,BasicLab,Sureste,Web,Tarjeta crédito,1,999,5,949.05
ORD-02898,22/03/2026,C-0806,Tenis Casual Street,Moda,Urban Co.,Centro,Web,Tarjeta crédito,2,1399,20,2238.4
ORD-02912,22/03/2026,C-0301,Smartphone X1,Electrónica,Nova,Norte,Web,PayPal,2,8999,5,17098.1
ORD-02916,22/03/2026,C-0585,Smartphone X1,Electrónica,Nova,Centro,App,Tarjeta débito,2,8999,10,16198.2
ORD-02928,22/03/2026,C-0072,Tenis Casual Street,Moda,Urban Co.,Sur,Web,Tarjeta crédito,1,1399,0,1399
ORD-02940,22/03/2026,C-0944,Chamarra Urban,Moda,Urban Co.,Centro,Marketplace,Tarjeta débito,2,1599,10,2878.2
ORD-02948,22/03/2026,C-0484,Muñeca Adventure,Juguetes,PlayBox,Centro,App,PayPal,1,649,10,584.1
ORD-02971,22/03/2026,C-0069,Bicicleta Urban 21,Deportes,Move,Occidente,Marketplace,Tarjeta crédito,2,7499,5,14248.1
ORD-02994,22/03/2026,C-0292,Tablet Go 10,Electrónica,Nova,Centro,Web,Tarjeta débito,1,6299,10,5669.1
ORD-02999,22/03/2026,C-0347,Jeans Classic,Moda,Urban Co.,Norte,App,Tarjeta crédito,1,899,0,899
ORD-00048,23/03/2026,C-0472,Audífonos AirBeat,Electrónica,SoundPro,Centro,Marketplace,PayPal,2,1499,0,2998
ORD-00066,23/03/2026,C-0237,Freidora AirCook,Hogar,KitchenLab,Centro,Web,Tarjeta crédito,1,2499,5,2374.05
ORD-00112,23/03/2026,C-0393,Cafetera HomeBrew,Hogar,HomePlus,Centro,Marketplace,Transferencia,1,1799,0,1799
ORD-00116,23/03/2026,C-0485,Tenis Casual Street,Moda,Urban Co.,Centro,Web,PayPal,1,1399,0,1399
ORD-00151,23/03/2026,C-0282,Audífonos AirBeat,Electrónica,SoundPro,Sureste,Web,Tarjeta crédito,1,1499,5,1424.05
ORD-00161,23/03/2026,C-0674,Smart TV 55,Electrónica,Vision,Sur,Marketplace,Tarjeta crédito,1,11999,0,11999
ORD-00206,23/03/2026,C-0043,Audífonos AirBeat,Electrónica,SoundPro,Sur,App,Tarjeta crédito,1,1499,0,1499
ORD-00226,23/03/2026,C-0202,Aspiradora CleanPro,Hogar,CleanPro,Centro,Marketplace,Tarjeta débito,1,3299,0,3299
ORD-00245,23/03/2026,C-0593,Jeans Classic,Moda,Urban Co.,Occidente,App,Tarjeta crédito,3,899,5,2562.15
ORD-00248,23/03/2026,C-0745,Audífonos AirBeat,Electrónica,SoundPro,Centro,App,Tarjeta débito,2,1499,0,2998
ORD-00252,23/03/2026,C-0815,Sudadera Essential,Moda,BasicLab,Centro,App,Tarjeta crédito,3,999,0,2997
ORD-00323,23/03/2026,C-0712,Smartwatch FitGo,Deportes,FitGo,Centro,Web,Transferencia,1,2299,15,1954.15
ORD-00332,23/03/2026,C-0513,Mochila Training,Deportes,Move,Occidente,App,Tarjeta crédito,1,899,10,809.1
ORD-00413,23/03/2026,C-0146,Sudadera Essential,Moda,BasicLab,Norte,App,Tarjeta débito,1,999,0,999
ORD-00416,23/03/2026,C-0722,Audífonos AirBeat,Electrónica,SoundPro,Centro,Marketplace,PayPal,1,1499,0,1499
ORD-00505,23/03/2026,C-0127,Sudadera Essential,Moda,BasicLab,Norte,App,Tarjeta crédito,1,999,5,949.05
ORD-00518,23/03/2026,C-0321,Chamarra Urban,Moda,Urban Co.,Occidente,Marketplace,Tarjeta crédito,3,1599,15,4077.45
ORD-00556,23/03/2026,C-0584,Aspiradora CleanPro,Hogar,CleanPro,Sureste,App,Tarjeta crédito,1,3299,10,2969.1
ORD-00611,23/03/2026,C-0485,Muñeca Adventure,Juguetes,PlayBox,Sur,Web,Tarjeta crédito,3,649,0,1947
ORD-00643,23/03/2026,C-0944,Tenis Runner Pro,Deportes,Move,Occidente,Web,Tarjeta crédito,1,1899,10,1709.1
ORD-00671,23/03/2026,C-0278,Smart TV 55,Electrónica,Vision,Occidente,Web,Tarjeta débito,1,11999,0,11999
ORD-00680,23/03/2026,C-0672,Aspiradora CleanPro,Hogar,CleanPro,Sureste,Marketplace,Tarjeta débito,2,3299,15,5608.3
ORD-00685,23/03/2026,C-0189,Licuadora MixPlus,Hogar,HomePlus,Sur,Web,PayPal,1,1199,0,1199
ORD-00695,23/03/2026,C-0729,Smartwatch FitGo,Deportes,FitGo,Sureste,Marketplace,Tarjeta crédito,1,2299,0,2299
ORD-00696,23/03/2026,C-0725,Sudadera Essential,Moda,BasicLab,Sur,Web,Tarjeta débito,1,999,5,949.05
ORD-00728,23/03/2026,C-0554,Audífonos AirBeat,Electrónica,SoundPro,Sur,App,Tarjeta crédito,2,1499,0,2998
ORD-00731,23/03/2026,C-0582,Sudadera Essential,Moda,BasicLab,Sur,Marketplace,Tarjeta crédito,2,999,15,1698.3
ORD-00773,23/03/2026,C-0284,Set Bloques Creativos,Juguetes,PlayBox,Centro,Web,Tarjeta débito,1,799,0,799
ORD-00774,23/03/2026,C-0796,Sudadera Essential,Moda,BasicLab,Sureste,App,Tarjeta crédito,1,999,0,999
ORD-00784,23/03/2026,C-0198,Audífonos AirBeat,Electrónica,SoundPro,Norte,Web,Tarjeta débito,1,1499,10,1349.1
ORD-00796,23/03/2026,C-0179,Sudadera Essential,Moda,BasicLab,Centro,Web,Tarjeta crédito,1,999,0,999
ORD-00831,23/03/2026,C-0589,Tenis Casual Street,Moda,Urban Co.,Sureste,App,Tarjeta crédito,4,1399,0,5596
ORD-00845,23/03/2026,C-0503,Mochila Training,Deportes,Move,Occidente,Marketplace,Tarjeta crédito,1,899,10,809.1
ORD-00851,23/03/2026,C-0365,Freidora AirCook,Hogar,KitchenLab,Centro,Web,Tarjeta crédito,2,2499,0,4998
ORD-00892,23/03/2026,C-0487,Muñeca Adventure,Juguetes,PlayBox,Sur,Web,Tarjeta crédito,2,649,0,1298
ORD-00915,23/03/2026,C-0335,Tenis Casual Street,Moda,Urban Co.,Centro,Web,Tarjeta débito,1,1399,10,1259.1
ORD-00949,23/03/2026,C-0448,Bicicleta Urban 21,Deportes,Move,Centro,App,Tarjeta débito,1,7499,5,7124.05
ORD-00966,23/03/2026,C-0520,Aspiradora CleanPro,Hogar,CleanPro,Norte,Web,Tarjeta débito,1,3299,0,3299
ORD-00968,23/03/2026,C-0484,Cafetera HomeBrew,Hogar,HomePlus,Norte,Web,Transferencia,1,1799,5,1709.05
ORD-00979,23/03/2026,C-0432,Cafetera HomeBrew,Hogar,HomePlus,Sur,Web,Tarjeta débito,2,1799,0,3598
ORD-01051,23/03/2026,C-0631,Tenis Runner Pro,Deportes,Move,Sureste,App,Tarjeta crédito,3,1899,5,5412.15
ORD-01053,23/03/2026,C-0340,Bicicleta Urban 21,Deportes,Move,Centro,App,Tarjeta crédito,3,7499,10,20247.3
ORD-01129,23/03/2026,C-0850,Licuadora MixPlus,Hogar,HomePlus,Occidente,Marketplace,Tarjeta débito,1,1199,0,1199
ORD-01130,23/03/2026,C-0422,Freidora AirCook,Hogar,KitchenLab,Centro,Marketplace,Tarjeta débito,1,2499,0,2499
ORD-01149,23/03/2026,C-0925,Muñeca Adventure,Juguetes,PlayBox,Centro,Web,Tarjeta débito,2,649,0,1298
ORD-01170,23/03/2026,C-0392,Licuadora MixPlus,Hogar,HomePlus,Sureste,App,Tarjeta crédito,2,1199,0,2398
ORD-01198,23/03/2026,C-0436,Set Bloques Creativos,Juguetes,PlayBox,Centro,Web,Tarjeta crédito,1,799,10,719.1
ORD-01211,23/03/2026,C-0760,Sudadera Essential,Moda,BasicLab,Centro,App,PayPal,2,999,0,1998
ORD-01216,23/03/2026,C-0153,Sudadera Essential,Moda,BasicLab,Sur,App,Tarjeta crédito,1,999,10,899.1
ORD-01278,23/03/2026,C-0514,Audífonos AirBeat,Electrónica,SoundPro,Centro,Web,Tarjeta débito,1,1499,0,1499
ORD-01310,23/03/2026,C-0275,Sudadera Essential,Moda,BasicLab,Sur,Web,Transferencia,1,999,10,899.1
ORD-01361,23/03/2026,C-0611,Tenis Casual Street,Moda,Urban Co.,Centro,Web,PayPal,1,1399,0,1399
ORD-01395,23/03/2026,C-0505,Tenis Runner Pro,Deportes,Move,Occidente,App,Tarjeta crédito,3,1899,5,5412.15
ORD-01423,23/03/2026,C-0631,Jeans Classic,Moda,Urban Co.,Centro,App,Tarjeta débito,1,899,0,899
ORD-01496,23/03/2026,C-0135,Smartwatch FitGo,Deportes,FitGo,Centro,Web,Tarjeta crédito,1,2299,10,2069.1
ORD-01502,23/03/2026,C-0379,Jeans Classic,Moda,Urban Co.,Centro,Web,Transferencia,1,899,0,899
ORD-01506,23/03/2026,C-0814,Smartphone X1,Electrónica,Nova,Occidente,Web,Tarjeta crédito,2,8999,5,17098.1
ORD-01525,23/03/2026,C-0026,Freidora AirCook,Hogar,KitchenLab,Sur,App,Tarjeta débito,1,2499,0,2499
ORD-01548,23/03/2026,C-0345,Smartphone X1,Electrónica,Nova,Centro,Web,Transferencia,1,8999,0,8999
ORD-01607,23/03/2026,C-0027,Sudadera Essential,Moda,BasicLab,Centro,Web,Tarjeta crédito,1,999,0,999
ORD-01641,23/03/2026,C-0322,Sudadera Essential,Moda,BasicLab,Centro,App,Tarjeta crédito,1,999,10,899.1
ORD-01716,23/03/2026,C-0013,Tablet Go 10,Electrónica,Nova,Sureste,Web,Tarjeta crédito,1,6299,5,5984.05
ORD-01822,23/03/2026,C-0428,Licuadora MixPlus,Hogar,HomePlus,Sur,Web,Transferencia,1,1199,0,1199
ORD-01828,23/03/2026,C-0336,Sudadera Essential,Moda,BasicLab,Centro,Marketplace,Tarjeta crédito,1,999,0,999
ORD-01870,23/03/2026,C-0533,Tablet Go 10,Electrónica,Nova,Norte,Marketplace,PayPal,1,6299,20,5039.2
ORD-01874,23/03/2026,C-0111,Audífonos AirBeat,Electrónica,SoundPro,Sureste,Web,Tarjeta crédito,1,1499,10,1349.1
ORD-01885,23/03/2026,C-0121,Tenis Runner Pro,Deportes,Move,Occidente,Marketplace,Tarjeta débito,1,1899,10,1709.1
ORD-01891,23/03/2026,C-0719,Tenis Runner Pro,Deportes,Move,Norte,App,Tarjeta crédito,1,1899,0,1899
ORD-01928,23/03/2026,C-0281,Smartwatch FitGo,Deportes,FitGo,Occidente,Web,Tarjeta crédito,1,2299,0,2299
ORD-01930,23/03/2026,C-0021,Tablet Go 10,Electrónica,Nova,Centro,App,Tarjeta crédito,1,6299,5,5984.05
ORD-01973,23/03/2026,C-0040,Set Bloques Creativos,Juguetes,PlayBox,Norte,App,Tarjeta crédito,1,799,15,679.15
ORD-01981,23/03/2026,C-0747,Smartwatch FitGo,Deportes,FitGo,Norte,Web,Transferencia,1,2299,5,2184.05
ORD-02031,23/03/2026,C-0805,Audífonos AirBeat,Electrónica,SoundPro,Centro,Web,Tarjeta crédito,2,1499,0,2998
ORD-02037,23/03/2026,C-0449,Freidora AirCook,Hogar,KitchenLab,Sur,Marketplace,Transferencia,1,2499,0,2499
ORD-02064,23/03/2026,C-0730,Tablet Go 10,Electrónica,Nova,Occidente,Marketplace,Tarjeta débito,1,6299,0,6299
ORD-02108,23/03/2026,C-0044,Muñeca Adventure,Juguetes,PlayBox,Sur,App,Tarjeta crédito,3,649,5,1849.65
ORD-02184,23/03/2026,C-0396,Audífonos AirBeat,Electrónica,SoundPro,Norte,Web,Transferencia,1,1499,0,1499
ORD-02309,23/03/2026,C-0391,Set Bloques Creativos,Juguetes,PlayBox,Sureste,Web,Tarjeta débito,3,799,0,2397
ORD-02310,23/03/2026,C-0676,Mochila Training,Deportes,Move,Sureste,Web,Tarjeta crédito,1,899,0,899
ORD-02329,23/03/2026,C-0748,Freidora AirCook,Hogar,KitchenLab,Norte,Web,Tarjeta crédito,1,2499,10,2249.1
ORD-02331,23/03/2026,C-0839,Freidora AirCook,Hogar,KitchenLab,Occidente,Web,PayPal,1,2499,0,2499
ORD-02381,23/03/2026,C-0722,Tenis Casual Street,Moda,Urban Co.,Occidente,Marketplace,Tarjeta crédito,1,1399,5,1329.05
ORD-02399,23/03/2026,C-0182,Tablet Go 10,Electrónica,Nova,Sureste,Marketplace,Transferencia,1,6299,5,5984.05
ORD-02416,23/03/2026,C-0097,Tenis Runner Pro,Deportes,Move,Sureste,Web,Tarjeta crédito,1,1899,0,1899
ORD-02447,23/03/2026,C-0871,Cafetera HomeBrew,Hogar,HomePlus,Occidente,Web,Tarjeta crédito,1,1799,10,1619.1
ORD-02448,23/03/2026,C-0134,Muñeca Adventure,Juguetes,PlayBox,Sureste,Web,Tarjeta débito,2,649,0,1298
ORD-02450,23/03/2026,C-0925,Smartphone X1,Electrónica,Nova,Sur,Web,PayPal,1,8999,0,8999
ORD-02457,23/03/2026,C-0062,Licuadora MixPlus,Hogar,HomePlus,Norte,Web,Tarjeta débito,1,1199,10,1079.1
ORD-02470,23/03/2026,C-0651,Licuadora MixPlus,Hogar,HomePlus,Sureste,App,Tarjeta crédito,2,1199,10,2158.2
ORD-02479,23/03/2026,C-0107,Aspiradora CleanPro,Hogar,CleanPro,Sur,App,Tarjeta crédito,1,3299,5,3134.05
ORD-02526,23/03/2026,C-0558,Tenis Runner Pro,Deportes,Move,Centro,Web,Transferencia,1,1899,0,1899
ORD-02531,23/03/2026,C-0009,Audífonos AirBeat,Electrónica,SoundPro,Norte,Web,Tarjeta crédito,1,1499,0,1499
ORD-02608,23/03/2026,C-0631,Tablet Go 10,Electrónica,Nova,Centro,Web,Tarjeta débito,2,6299,15,10708.3
ORD-02622,23/03/2026,C-0589,Licuadora MixPlus,Hogar,HomePlus,Sureste,Web,Tarjeta crédito,2,1199,0,2398
ORD-02698,23/03/2026,C-0838,Audífonos AirBeat,Electrónica,SoundPro,Norte,Marketplace,Tarjeta débito,1,1499,0,1499
ORD-02756,23/03/2026,C-0019,Bicicleta Urban 21,Deportes,Move,Centro,App,PayPal,1,7499,15,6374.15
ORD-02792,23/03/2026,C-0051,Smartphone X1,Electrónica,Nova,Centro,App,Tarjeta débito,1,8999,5,8549.05
ORD-02800,23/03/2026,C-0525,Jeans Classic,Moda,Urban Co.,Centro,Web,Tarjeta crédito,1,899,0,899
ORD-02909,23/03/2026,C-0513,Freidora AirCook,Hogar,KitchenLab,Centro,App,Transferencia,1,2499,0,2499
ORD-02990,23/03/2026,C-0674,Auto Control Remoto,Juguetes,FunTech,Occidente,App,Tarjeta crédito,1,999,0,999
ORD-00009,24/03/2026,C-0225,Audífonos AirBeat,Electrónica,SoundPro,Centro,App,Tarjeta crédito,1,1499,15,1274.15
ORD-00027,24/03/2026,C-0433,Smartphone X1,Electrónica,Nova,Norte,Marketplace,Tarjeta crédito,1,8999,0,8999
ORD-00086,24/03/2026,C-0459,Smartphone X1,Electrónica,Nova,Norte,App,Tarjeta crédito,1,8999,0,8999
ORD-00090,24/03/2026,C-0304,Tenis Runner Pro,Deportes,Move,Occidente,App,Tarjeta débito,2,1899,20,3038.4
ORD-00101,24/03/2026,C-0413,Aspiradora CleanPro,Hogar,CleanPro,Sur,Marketplace,Tarjeta débito,1,3299,0,3299
ORD-00156,24/03/2026,C-0338,Freidora AirCook,Hogar,KitchenLab,Sur,Marketplace,Tarjeta débito,1,2499,5,2374.05
ORD-00173,24/03/2026,C-0178,Licuadora MixPlus,Hogar,HomePlus,Sureste,App,Tarjeta crédito,1,1199,0,1199
ORD-00243,24/03/2026,C-0577,Auto Control Remoto,Juguetes,FunTech,Sur,App,Tarjeta débito,1,999,5,949.05
ORD-00246,24/03/2026,C-0390,Mochila Training,Deportes,Move,Centro,App,Tarjeta débito,2,899,10,1618.2
ORD-00302,24/03/2026,C-0826,Laptop Nova 14,Electrónica,Nova,Centro,Marketplace,Tarjeta crédito,1,18999,10,17099.1
ORD-00390,24/03/2026,C-0239,Sudadera Essential,Moda,BasicLab,Sureste,App,Tarjeta crédito,1,999,0,999
ORD-00448,24/03/2026,C-0759,Aspiradora CleanPro,Hogar,CleanPro,Norte,App,Tarjeta crédito,2,3299,0,6598
ORD-00465,24/03/2026,C-0092,Jeans Classic,Moda,Urban Co.,Sur,App,Tarjeta crédito,1,899,5,854.05
ORD-00477,24/03/2026,C-0729,Tablet Go 10,Electrónica,Nova,Sureste,Web,Tarjeta crédito,1,6299,5,5984.05
ORD-00485,24/03/2026,C-0271,Tenis Runner Pro,Deportes,Move,Sur,Marketplace,Tarjeta débito,3,1899,0,5697
ORD-00508,24/03/2026,C-0903,Smartwatch FitGo,Deportes,FitGo,Sur,Web,Tarjeta débito,1,2299,5,2184.05
ORD-00511,24/03/2026,C-0354,Aspiradora CleanPro,Hogar,CleanPro,Sureste,App,Tarjeta crédito,1,3299,5,3134.05
ORD-00549,24/03/2026,C-0415,Smartwatch FitGo,Deportes,FitGo,Centro,Web,Tarjeta débito,1,2299,0,2299
ORD-00584,24/03/2026,C-0621,Mochila Training,Deportes,Move,Sur,Marketplace,Tarjeta crédito,1,899,15,764.15
ORD-00592,24/03/2026,C-0365,Smart TV 55,Electrónica,Vision,Centro,Web,Tarjeta crédito,2,11999,10,21598.2
ORD-00622,24/03/2026,C-0114,Cafetera HomeBrew,Hogar,HomePlus,Occidente,Web,Tarjeta crédito,1,1799,0,1799
ORD-00662,24/03/2026,C-0134,Tenis Runner Pro,Deportes,Move,Centro,Web,Tarjeta crédito,2,1899,5,3608.1
ORD-00667,24/03/2026,C-0890,Audífonos AirBeat,Electrónica,SoundPro,Sur,Web,Tarjeta crédito,2,1499,15,2548.3
ORD-00675,24/03/2026,C-0514,Tenis Runner Pro,Deportes,Move,Centro,Web,Tarjeta crédito,1,1899,5,1804.05
ORD-00682,24/03/2026,C-0764,Set Bloques Creativos,Juguetes,PlayBox,Centro,Web,Transferencia,1,799,15,679.15
ORD-00760,24/03/2026,C-0828,Cafetera HomeBrew,Hogar,HomePlus,Centro,Web,Tarjeta débito,1,1799,0,1799
ORD-00763,24/03/2026,C-0774,Chamarra Urban,Moda,Urban Co.,Occidente,Web,PayPal,1,1599,0,1599
ORD-00780,24/03/2026,C-0838,Licuadora MixPlus,Hogar,HomePlus,Sur,App,Tarjeta débito,3,1199,0,3597
ORD-00813,24/03/2026,C-0017,Laptop Nova 14,Electrónica,Nova,Norte,Web,Tarjeta crédito,4,18999,0,75996
ORD-00859,24/03/2026,C-0129,Cafetera HomeBrew,Hogar,HomePlus,Sur,Web,PayPal,1,1799,0,1799
ORD-00874,24/03/2026,C-0821,Tenis Casual Street,Moda,Urban Co.,Norte,App,PayPal,2,1399,5,2658.1
ORD-00906,24/03/2026,C-0451,Sudadera Essential,Moda,BasicLab,Centro,Web,Tarjeta crédito,3,999,0,2997
ORD-00952,24/03/2026,C-0117,Tenis Runner Pro,Deportes,Move,Occidente,Web,Tarjeta crédito,1,1899,0,1899
ORD-00954,24/03/2026,C-0893,Aspiradora CleanPro,Hogar,CleanPro,Norte,App,Tarjeta débito,3,3299,0,9897
ORD-00991,24/03/2026,C-0732,Cafetera HomeBrew,Hogar,HomePlus,Centro,Web,Tarjeta crédito,1,1799,10,1619.1
ORD-01004,24/03/2026,C-0405,Audífonos AirBeat,Electrónica,SoundPro,Norte,App,Tarjeta débito,1,1499,0,1499
ORD-01037,24/03/2026,C-0338,Laptop Nova 14,Electrónica,Nova,Centro,App,Transferencia,1,18999,15,16149.15
ORD-01077,24/03/2026,C-0703,Cafetera HomeBrew,Hogar,HomePlus,Centro,Marketplace,PayPal,1,1799,0,1799
ORD-01135,24/03/2026,C-0642,Smart TV 55,Electrónica,Vision,Centro,App,Tarjeta crédito,1,11999,15,10199.15
ORD-01146,24/03/2026,C-0804,Set Bloques Creativos,Juguetes,PlayBox,Norte,App,Tarjeta débito,2,799,10,1438.2
ORD-01161,24/03/2026,C-0835,Tablet Go 10,Electrónica,Nova,Centro,Marketplace,Tarjeta crédito,1,6299,0,6299
ORD-01166,24/03/2026,C-0880,Jeans Classic,Moda,Urban Co.,Occidente,Web,PayPal,2,899,0,1798
ORD-01199,24/03/2026,C-0541,Chamarra Urban,Moda,Urban Co.,Norte,Marketplace,Tarjeta débito,4,1599,15,5436.6
ORD-01224,24/03/2026,C-0198,Audífonos AirBeat,Electrónica,SoundPro,Occidente,Web,Transferencia,2,1499,15,2548.3
ORD-01226,24/03/2026,C-0778,Smart TV 55,Electrónica,Vision,Centro,Web,Tarjeta crédito,2,11999,10,21598.2
ORD-01238,24/03/2026,C-0565,Smartwatch FitGo,Deportes,FitGo,Sur,Web,Tarjeta débito,1,2299,10,2069.1
ORD-01240,24/03/2026,C-0190,Freidora AirCook,Hogar,KitchenLab,Sur,Web,Transferencia,1,2499,0,2499
ORD-01279,24/03/2026,C-0298,Tenis Runner Pro,Deportes,Move,Occidente,App,PayPal,1,1899,0,1899
ORD-01371,24/03/2026,C-0642,Licuadora MixPlus,Hogar,HomePlus,Centro,Marketplace,Tarjeta crédito,1,1199,0,1199
ORD-01379,24/03/2026,C-0364,Cafetera HomeBrew,Hogar,HomePlus,Centro,App,Tarjeta crédito,1,1799,0,1799
ORD-01425,24/03/2026,C-0895,Tablet Go 10,Electrónica,Nova,Sur,Marketplace,Tarjeta débito,2,6299,0,12598
ORD-01438,24/03/2026,C-0737,Licuadora MixPlus,Hogar,HomePlus,Sureste,Web,Transferencia,1,1199,5,1139.05
ORD-01457,24/03/2026,C-0371,Tablet Go 10,Electrónica,Nova,Sureste,Web,Tarjeta crédito,1,6299,5,5984.05
ORD-01470,24/03/2026,C-0322,Sudadera Essential,Moda,BasicLab,Sureste,App,Tarjeta débito,2,999,0,1998
ORD-01498,24/03/2026,C-0199,Laptop Nova 14,Electrónica,Nova,Sur,App,Tarjeta crédito,2,18999,10,34198.2
ORD-01508,24/03/2026,C-0166,Jeans Classic,Moda,Urban Co.,Centro,Web,Tarjeta débito,2,899,0,1798
ORD-01511,24/03/2026,C-0666,Auto Control Remoto,Juguetes,FunTech,Sureste,App,Tarjeta débito,1,999,5,949.05
ORD-01520,24/03/2026,C-0222,Auto Control Remoto,Juguetes,FunTech,Sureste,App,Tarjeta débito,2,999,0,1998
ORD-01532,24/03/2026,C-0455,Audífonos AirBeat,Electrónica,SoundPro,Centro,Marketplace,Tarjeta crédito,1,1499,10,1349.1
ORD-01573,24/03/2026,C-0633,Audífonos AirBeat,Electrónica,SoundPro,Centro,App,PayPal,1,1499,0,1499
ORD-01582,24/03/2026,C-0399,Smartwatch FitGo,Deportes,FitGo,Occidente,Marketplace,Tarjeta débito,1,2299,5,2184.05
ORD-01611,24/03/2026,C-0660,Jeans Classic,Moda,Urban Co.,Sureste,App,Tarjeta débito,3,899,15,2292.45
ORD-01691,24/03/2026,C-0336,Audífonos AirBeat,Electrónica,SoundPro,Occidente,App,Tarjeta crédito,1,1499,0,1499
ORD-01758,24/03/2026,C-0292,Audífonos AirBeat,Electrónica,SoundPro,Centro,App,Transferencia,1,1499,0,1499
ORD-01765,24/03/2026,C-0571,Aspiradora CleanPro,Hogar,CleanPro,Norte,Marketplace,Tarjeta crédito,1,3299,0,3299
ORD-01767,24/03/2026,C-0391,Jeans Classic,Moda,Urban Co.,Sureste,Web,Tarjeta crédito,1,899,0,899
ORD-01776,24/03/2026,C-0419,Muñeca Adventure,Juguetes,PlayBox,Occidente,App,Transferencia,2,649,5,1233.1
ORD-01812,24/03/2026,C-0782,Mochila Training,Deportes,Move,Sur,App,PayPal,1,899,0,899
ORD-01815,24/03/2026,C-0892,Audífonos AirBeat,Electrónica,SoundPro,Sur,Web,Tarjeta crédito,1,1499,0,1499
ORD-01865,24/03/2026,C-0412,Set Bloques Creativos,Juguetes,PlayBox,Occidente,Web,PayPal,1,799,0,799
ORD-01882,24/03/2026,C-0619,Smartphone X1,Electrónica,Nova,Sur,App,Tarjeta crédito,1,8999,0,8999
ORD-01931,24/03/2026,C-0934,Tenis Runner Pro,Deportes,Move,Norte,Web,Tarjeta débito,1,1899,0,1899
ORD-01964,24/03/2026,C-0844,Cafetera HomeBrew,Hogar,HomePlus,Sureste,Web,Tarjeta débito,1,1799,10,1619.1
ORD-01987,24/03/2026,C-0630,Set Bloques Creativos,Juguetes,PlayBox,Centro,Web,Tarjeta crédito,1,799,0,799
ORD-01989,24/03/2026,C-0949,Chamarra Urban,Moda,Urban Co.,Sur,Web,Tarjeta crédito,1,1599,5,1519.05
ORD-02040,24/03/2026,C-0259,Sudadera Essential,Moda,BasicLab,Norte,Web,Transferencia,2,999,0,1998
ORD-02069,24/03/2026,C-0034,Mochila Training,Deportes,Move,Sur,App,Tarjeta débito,1,899,20,719.2
ORD-02071,24/03/2026,C-0101,Audífonos AirBeat,Electrónica,SoundPro,Sur,App,Tarjeta crédito,3,1499,0,4497
ORD-02087,24/03/2026,C-0085,Audífonos AirBeat,Electrónica,SoundPro,Sur,App,Tarjeta crédito,2,1499,0,2998
ORD-02128,24/03/2026,C-0666,Muñeca Adventure,Juguetes,PlayBox,Centro,App,Tarjeta crédito,2,649,5,1233.1
ORD-02140,24/03/2026,C-0893,Smartphone X1,Electrónica,Nova,Norte,App,PayPal,1,8999,10,8099.1
ORD-02156,24/03/2026,C-0888,Mochila Training,Deportes,Move,Sur,App,Tarjeta débito,2,899,0,1798
ORD-02203,24/03/2026,C-0393,Freidora AirCook,Hogar,KitchenLab,Centro,Web,Tarjeta crédito,1,2499,10,2249.1
ORD-02220,24/03/2026,C-0021,Bicicleta Urban 21,Deportes,Move,Sur,App,Tarjeta crédito,1,7499,0,7499
ORD-02228,24/03/2026,C-0548,Tablet Go 10,Electrónica,Nova,Sur,Marketplace,Tarjeta débito,1,6299,0,6299
ORD-02258,24/03/2026,C-0351,Audífonos AirBeat,Electrónica,SoundPro,Occidente,App,Tarjeta crédito,1,1499,0,1499
ORD-02281,24/03/2026,C-0032,Auto Control Remoto,Juguetes,FunTech,Sur,App,Tarjeta débito,1,999,0,999
ORD-02313,24/03/2026,C-0213,Freidora AirCook,Hogar,KitchenLab,Centro,Marketplace,Tarjeta débito,2,2499,10,4498.2
ORD-02317,24/03/2026,C-0447,Sudadera Essential,Moda,BasicLab,Sur,App,Tarjeta débito,1,999,0,999
ORD-02404,24/03/2026,C-0103,Chamarra Urban,Moda,Urban Co.,Centro,Marketplace,Tarjeta crédito,3,1599,0,4797
ORD-02438,24/03/2026,C-0721,Mochila Training,Deportes,Move,Occidente,Web,PayPal,1,899,5,854.05
ORD-02445,24/03/2026,C-0201,Tenis Casual Street,Moda,Urban Co.,Centro,Web,Transferencia,1,1399,0,1399
ORD-02472,24/03/2026,C-0288,Licuadora MixPlus,Hogar,HomePlus,Occidente,App,Transferencia,1,1199,0,1199
ORD-02512,24/03/2026,C-0179,Smartphone X1,Electrónica,Nova,Centro,App,Tarjeta crédito,1,8999,0,8999
ORD-02552,24/03/2026,C-0034,Freidora AirCook,Hogar,KitchenLab,Occidente,Marketplace,Tarjeta crédito,2,2499,10,4498.2
ORD-02572,24/03/2026,C-0079,Tenis Runner Pro,Deportes,Move,Centro,Web,Tarjeta crédito,1,1899,0,1899
ORD-02592,24/03/2026,C-0548,Smart TV 55,Electrónica,Vision,Centro,App,PayPal,1,11999,0,11999
ORD-02612,24/03/2026,C-0831,Licuadora MixPlus,Hogar,HomePlus,Centro,Web,Tarjeta crédito,1,1199,5,1139.05
ORD-02666,24/03/2026,C-0067,Tenis Runner Pro,Deportes,Move,Norte,App,Transferencia,1,1899,5,1804.05
ORD-02684,24/03/2026,C-0788,Chamarra Urban,Moda,Urban Co.,Norte,App,PayPal,2,1599,0,3198
ORD-02706,24/03/2026,C-0022,Aspiradora CleanPro,Hogar,CleanPro,Sureste,Web,Tarjeta débito,2,3299,0,6598
ORD-02742,24/03/2026,C-0403,Licuadora MixPlus,Hogar,HomePlus,Sur,App,PayPal,3,1199,15,3057.45
ORD-02743,24/03/2026,C-0276,Smartwatch FitGo,Deportes,FitGo,Occidente,Marketplace,PayPal,1,2299,20,1839.2
ORD-02760,24/03/2026,C-0156,Set Bloques Creativos,Juguetes,PlayBox,Centro,Web,PayPal,1,799,15,679.15
ORD-02769,24/03/2026,C-0927,Audífonos AirBeat,Electrónica,SoundPro,Sureste,App,Tarjeta crédito,1,1499,0,1499
ORD-02771,24/03/2026,C-0313,Sudadera Essential,Moda,BasicLab,Sureste,App,Tarjeta crédito,3,999,10,2697.3
ORD-02795,24/03/2026,C-0364,Smartphone X1,Electrónica,Nova,Centro,App,Tarjeta crédito,2,8999,15,15298.3
ORD-02804,24/03/2026,C-0016,Laptop Nova 14,Electrónica,Nova,Occidente,Web,Tarjeta crédito,1,18999,10,17099.1
ORD-02963,24/03/2026,C-0421,Smart TV 55,Electrónica,Vision,Centro,Web,Tarjeta débito,1,11999,0,11999
ORD-02975,24/03/2026,C-0727,Cafetera HomeBrew,Hogar,HomePlus,Sur,Marketplace,Tarjeta crédito,1,1799,15,1529.15
ORD-00050,25/03/2026,C-0029,Smartphone X1,Electrónica,Nova,Centro,App,Tarjeta crédito,1,8999,20,7199.2
ORD-00059,25/03/2026,C-0487,Sudadera Essential,Moda,BasicLab,Centro,Web,PayPal,1,999,0,999
ORD-00060,25/03/2026,C-0507,Smartwatch FitGo,Deportes,FitGo,Centro,Web,Tarjeta débito,1,2299,0,2299
ORD-00065,25/03/2026,C-0282,Freidora AirCook,Hogar,KitchenLab,Centro,App,PayPal,1,2499,5,2374.05
ORD-00095,25/03/2026,C-0931,Audífonos AirBeat,Electrónica,SoundPro,Norte,App,Tarjeta débito,1,1499,10,1349.1
ORD-00109,25/03/2026,C-0497,Smartwatch FitGo,Deportes,FitGo,Centro,Web,Tarjeta crédito,2,2299,0,4598
ORD-00131,25/03/2026,C-0662,Cafetera HomeBrew,Hogar,HomePlus,Sur,App,PayPal,2,1799,5,3418.1
ORD-00165,25/03/2026,C-0540,Cafetera HomeBrew,Hogar,HomePlus,Occidente,Web,Tarjeta crédito,1,1799,5,1709.05
ORD-00174,25/03/2026,C-0578,Smartwatch FitGo,Deportes,FitGo,Sur,Web,Transferencia,1,2299,5,2184.05
ORD-00187,25/03/2026,C-0104,Aspiradora CleanPro,Hogar,CleanPro,Norte,Web,Tarjeta crédito,2,3299,0,6598
ORD-00268,25/03/2026,C-0225,Set Bloques Creativos,Juguetes,PlayBox,Centro,Web,Transferencia,1,799,0,799
ORD-00279,25/03/2026,C-0844,Tenis Casual Street,Moda,Urban Co.,Centro,Web,Tarjeta débito,1,1399,5,1329.05
ORD-00283,25/03/2026,C-0327,Jeans Classic,Moda,Urban Co.,Centro,App,Tarjeta crédito,2,899,10,1618.2
ORD-00284,25/03/2026,C-0227,Mochila Training,Deportes,Move,Occidente,Web,Tarjeta crédito,1,899,0,899
ORD-00311,25/03/2026,C-0355,Aspiradora CleanPro,Hogar,CleanPro,Sur,App,Tarjeta débito,2,3299,0,6598
ORD-00417,25/03/2026,C-0679,Set Bloques Creativos,Juguetes,PlayBox,Centro,App,Tarjeta crédito,1,799,0,799
ORD-00436,25/03/2026,C-0549,Freidora AirCook,Hogar,KitchenLab,Occidente,App,PayPal,1,2499,10,2249.1
ORD-00450,25/03/2026,C-0858,Licuadora MixPlus,Hogar,HomePlus,Sur,Marketplace,Tarjeta crédito,2,1199,0,2398
ORD-00471,25/03/2026,C-0630,Tablet Go 10,Electrónica,Nova,Centro,App,Tarjeta débito,1,6299,10,5669.1
ORD-00513,25/03/2026,C-0766,Jeans Classic,Moda,Urban Co.,Norte,App,Tarjeta débito,1,899,5,854.05
ORD-00570,25/03/2026,C-0101,Tenis Runner Pro,Deportes,Move,Norte,App,PayPal,1,1899,10,1709.1
ORD-00606,25/03/2026,C-0081,Mochila Training,Deportes,Move,Centro,Web,Tarjeta débito,1,899,10,809.1
ORD-00635,25/03/2026,C-0742,Sudadera Essential,Moda,BasicLab,Norte,Marketplace,PayPal,1,999,0,999
ORD-00700,25/03/2026,C-0904,Laptop Nova 14,Electrónica,Nova,Centro,App,PayPal,1,18999,5,18049.05
ORD-00721,25/03/2026,C-0158,Sudadera Essential,Moda,BasicLab,Centro,Web,Tarjeta débito,2,999,10,1798.2
ORD-00885,25/03/2026,C-0360,Smartwatch FitGo,Deportes,FitGo,Sureste,Web,Tarjeta crédito,1,2299,0,2299
ORD-00918,25/03/2026,C-0895,Tenis Casual Street,Moda,Urban Co.,Centro,App,Tarjeta crédito,1,1399,15,1189.15
ORD-00973,25/03/2026,C-0528,Sudadera Essential,Moda,BasicLab,Centro,Marketplace,Tarjeta crédito,1,999,0,999
ORD-00978,25/03/2026,C-0088,Auto Control Remoto,Juguetes,FunTech,Sur,Web,PayPal,1,999,0,999
ORD-01028,25/03/2026,C-0311,Jeans Classic,Moda,Urban Co.,Centro,Marketplace,Tarjeta crédito,1,899,0,899
ORD-01067,25/03/2026,C-0637,Smartphone X1,Electrónica,Nova,Centro,App,Tarjeta crédito,1,8999,5,8549.05
ORD-01072,25/03/2026,C-0355,Auto Control Remoto,Juguetes,FunTech,Occidente,App,Tarjeta crédito,1,999,10,899.1
ORD-01078,25/03/2026,C-0945,Jeans Classic,Moda,Urban Co.,Sur,App,Tarjeta crédito,2,899,0,1798
ORD-01125,25/03/2026,C-0714,Muñeca Adventure,Juguetes,PlayBox,Sureste,App,Tarjeta débito,1,649,0,649
ORD-01133,25/03/2026,C-0384,Audífonos AirBeat,Electrónica,SoundPro,Occidente,App,Tarjeta débito,1,1499,10,1349.1
ORD-01259,25/03/2026,C-0872,Tenis Runner Pro,Deportes,Move,Occidente,App,Tarjeta débito,1,1899,0,1899
ORD-01284,25/03/2026,C-0041,Auto Control Remoto,Juguetes,FunTech,Sureste,App,Tarjeta crédito,1,999,0,999
ORD-01459,25/03/2026,C-0350,Mochila Training,Deportes,Move,Sureste,App,Tarjeta débito,2,899,5,1708.1
ORD-01492,25/03/2026,C-0532,Licuadora MixPlus,Hogar,HomePlus,Occidente,Marketplace,PayPal,1,1199,5,1139.05
ORD-01505,25/03/2026,C-0155,Tenis Casual Street,Moda,Urban Co.,Centro,App,Tarjeta crédito,1,1399,0,1399
ORD-01523,25/03/2026,C-0905,Licuadora MixPlus,Hogar,HomePlus,Norte,App,Tarjeta crédito,1,1199,5,1139.05
ORD-01541,25/03/2026,C-0579,Smart TV 55,Electrónica,Vision,Sur,Web,Tarjeta crédito,1,11999,0,11999
ORD-01566,25/03/2026,C-0931,Licuadora MixPlus,Hogar,HomePlus,Centro,Web,PayPal,2,1199,0,2398
ORD-01603,25/03/2026,C-0807,Sudadera Essential,Moda,BasicLab,Centro,Web,Transferencia,1,999,5,949.05
ORD-01628,25/03/2026,C-0484,Smart TV 55,Electrónica,Vision,Centro,Web,Tarjeta crédito,2,11999,0,23998
ORD-01631,25/03/2026,C-0380,Sudadera Essential,Moda,BasicLab,Sur,Web,Tarjeta crédito,2,999,15,1698.3
ORD-01633,25/03/2026,C-0468,Freidora AirCook,Hogar,KitchenLab,Sureste,Web,Tarjeta crédito,1,2499,5,2374.05
ORD-01678,25/03/2026,C-0893,Cafetera HomeBrew,Hogar,HomePlus,Occidente,Web,Transferencia,1,1799,0,1799
ORD-01689,25/03/2026,C-0430,Sudadera Essential,Moda,BasicLab,Sureste,Marketplace,Transferencia,1,999,0,999
ORD-01726,25/03/2026,C-0691,Freidora AirCook,Hogar,KitchenLab,Sureste,Marketplace,Tarjeta crédito,1,2499,0,2499
ORD-01762,25/03/2026,C-0326,Freidora AirCook,Hogar,KitchenLab,Centro,Marketplace,PayPal,1,2499,0,2499
ORD-01833,25/03/2026,C-0777,Licuadora MixPlus,Hogar,HomePlus,Sureste,Web,Tarjeta débito,1,1199,5,1139.05
ORD-01880,25/03/2026,C-0702,Sudadera Essential,Moda,BasicLab,Occidente,Web,Tarjeta débito,1,999,5,949.05
ORD-01942,25/03/2026,C-0502,Bicicleta Urban 21,Deportes,Move,Centro,Marketplace,Tarjeta crédito,1,7499,0,7499
ORD-01955,25/03/2026,C-0158,Tenis Runner Pro,Deportes,Move,Occidente,App,Tarjeta débito,1,1899,10,1709.1
ORD-01963,25/03/2026,C-0522,Sudadera Essential,Moda,BasicLab,Sureste,Web,Tarjeta crédito,1,999,0,999
ORD-01985,25/03/2026,C-0426,Muñeca Adventure,Juguetes,PlayBox,Occidente,App,Tarjeta crédito,3,649,10,1752.3
ORD-01991,25/03/2026,C-0065,Mochila Training,Deportes,Move,Norte,Web,Tarjeta crédito,3,899,5,2562.15
ORD-02002,25/03/2026,C-0125,Smartphone X1,Electrónica,Nova,Sur,Marketplace,Transferencia,1,8999,0,8999
ORD-02020,25/03/2026,C-0759,Set Bloques Creativos,Juguetes,PlayBox,Sureste,Web,PayPal,1,799,0,799
ORD-02041,25/03/2026,C-0944,Sudadera Essential,Moda,BasicLab,Sureste,Marketplace,PayPal,2,999,5,1898.1
ORD-02070,25/03/2026,C-0331,Jeans Classic,Moda,Urban Co.,Centro,App,Tarjeta crédito,1,899,10,809.1
ORD-02081,25/03/2026,C-0275,Sudadera Essential,Moda,BasicLab,Occidente,Marketplace,Transferencia,1,999,0,999
ORD-02105,25/03/2026,C-0352,Tenis Runner Pro,Deportes,Move,Occidente,Web,Tarjeta crédito,1,1899,0,1899
ORD-02112,25/03/2026,C-0103,Sudadera Essential,Moda,BasicLab,Centro,Web,Tarjeta débito,2,999,0,1998
ORD-02113,25/03/2026,C-0188,Muñeca Adventure,Juguetes,PlayBox,Centro,Marketplace,Tarjeta crédito,1,649,10,584.1
ORD-02125,25/03/2026,C-0578,Smart TV 55,Electrónica,Vision,Sur,Web,PayPal,1,11999,10,10799.1
ORD-02127,25/03/2026,C-0576,Audífonos AirBeat,Electrónica,SoundPro,Norte,Marketplace,Tarjeta débito,1,1499,0,1499
ORD-02149,25/03/2026,C-0560,Audífonos AirBeat,Electrónica,SoundPro,Norte,Marketplace,Transferencia,1,1499,0,1499
ORD-02165,25/03/2026,C-0889,Smartwatch FitGo,Deportes,FitGo,Occidente,Web,Tarjeta débito,2,2299,5,4368.1
ORD-02176,25/03/2026,C-0032,Tenis Casual Street,Moda,Urban Co.,Sureste,Web,Tarjeta débito,1,1399,5,1329.05
ORD-02232,25/03/2026,C-0357,Audífonos AirBeat,Electrónica,SoundPro,Centro,App,PayPal,1,1499,10,1349.1
ORD-02302,25/03/2026,C-0310,Licuadora MixPlus,Hogar,HomePlus,Sur,Web,Tarjeta crédito,1,1199,15,1019.15
ORD-02367,25/03/2026,C-0387,Laptop Nova 14,Electrónica,Nova,Occidente,Web,Tarjeta crédito,1,18999,0,18999
ORD-02380,25/03/2026,C-0509,Aspiradora CleanPro,Hogar,CleanPro,Norte,Web,Tarjeta débito,2,3299,0,6598
ORD-02395,25/03/2026,C-0626,Sudadera Essential,Moda,BasicLab,Centro,Web,Tarjeta crédito,1,999,0,999
ORD-02412,25/03/2026,C-0363,Tenis Runner Pro,Deportes,Move,Norte,Web,Tarjeta crédito,1,1899,5,1804.05
ORD-02440,25/03/2026,C-0159,Tenis Runner Pro,Deportes,Move,Sur,App,Tarjeta crédito,1,1899,5,1804.05
ORD-02469,25/03/2026,C-0465,Tenis Casual Street,Moda,Urban Co.,Sur,Marketplace,Tarjeta débito,1,1399,0,1399
ORD-02491,25/03/2026,C-0036,Set Bloques Creativos,Juguetes,PlayBox,Norte,Marketplace,Tarjeta débito,1,799,0,799
ORD-02502,25/03/2026,C-0772,Muñeca Adventure,Juguetes,PlayBox,Centro,Marketplace,PayPal,1,649,0,649
ORD-02520,25/03/2026,C-0348,Smartwatch FitGo,Deportes,FitGo,Centro,Web,Tarjeta crédito,1,2299,10,2069.1
ORD-02523,25/03/2026,C-0593,Audífonos AirBeat,Electrónica,SoundPro,Norte,Web,Tarjeta crédito,2,1499,5,2848.1
ORD-02540,25/03/2026,C-0009,Mochila Training,Deportes,Move,Sureste,App,Transferencia,1,899,0,899
ORD-02541,25/03/2026,C-0045,Auto Control Remoto,Juguetes,FunTech,Occidente,Web,Tarjeta débito,1,999,0,999
ORD-02609,25/03/2026,C-0168,Audífonos AirBeat,Electrónica,SoundPro,Occidente,App,Tarjeta crédito,1,1499,0,1499
ORD-02610,25/03/2026,C-0212,Sudadera Essential,Moda,BasicLab,Norte,Web,Tarjeta crédito,4,999,10,3596.4
ORD-02613,25/03/2026,C-0796,Jeans Classic,Moda,Urban Co.,Norte,Web,Tarjeta crédito,1,899,0,899
ORD-02782,25/03/2026,C-0444,Set Bloques Creativos,Juguetes,PlayBox,Norte,Web,Tarjeta crédito,2,799,0,1598
ORD-02794,25/03/2026,C-0425,Tablet Go 10,Electrónica,Nova,Occidente,App,Tarjeta débito,1,6299,0,6299
ORD-02811,25/03/2026,C-0116,Bicicleta Urban 21,Deportes,Move,Centro,App,Tarjeta crédito,2,7499,0,14998
ORD-02820,25/03/2026,C-0655,Smartwatch FitGo,Deportes,FitGo,Occidente,App,Tarjeta crédito,1,2299,0,2299
ORD-02822,25/03/2026,C-0145,Cafetera HomeBrew,Hogar,HomePlus,Sur,Marketplace,PayPal,1,1799,0,1799
ORD-02888,25/03/2026,C-0167,Smart TV 55,Electrónica,Vision,Centro,Web,Tarjeta crédito,1,11999,10,10799.1
ORD-02907,25/03/2026,C-0231,Freidora AirCook,Hogar,KitchenLab,Sureste,Web,PayPal,1,2499,10,2249.1
ORD-02908,25/03/2026,C-0529,Licuadora MixPlus,Hogar,HomePlus,Centro,App,Tarjeta crédito,1,1199,5,1139.05
ORD-02911,25/03/2026,C-0547,Tablet Go 10,Electrónica,Nova,Occidente,Web,PayPal,1,6299,5,5984.05
ORD-02914,25/03/2026,C-0425,Smartphone X1,Electrónica,Nova,Norte,App,PayPal,1,8999,10,8099.1
ORD-02919,25/03/2026,C-0274,Licuadora MixPlus,Hogar,HomePlus,Sureste,Web,PayPal,1,1199,0,1199
ORD-02950,25/03/2026,C-0288,Smartphone X1,Electrónica,Nova,Sur,Marketplace,Tarjeta débito,2,8999,5,17098.1
ORD-02956,25/03/2026,C-0044,Audífonos AirBeat,Electrónica,SoundPro,Centro,Web,Tarjeta crédito,1,1499,10,1349.1
ORD-02958,25/03/2026,C-0279,Sudadera Essential,Moda,BasicLab,Sureste,App,Transferencia,2,999,10,1798.2
ORD-02968,25/03/2026,C-0888,Licuadora MixPlus,Hogar,HomePlus,Norte,Web,Tarjeta crédito,1,1199,5,1139.05
ORD-00014,26/03/2026,C-0258,Smartwatch FitGo,Deportes,FitGo,Occidente,App,Tarjeta crédito,1,2299,5,2184.05
ORD-00058,26/03/2026,C-0096,Set Bloques Creativos,Juguetes,PlayBox,Sur,App,Tarjeta crédito,1,799,5,759.05
ORD-00062,26/03/2026,C-0468,Tablet Go 10,Electrónica,Nova,Sureste,App,Tarjeta crédito,2,6299,0,12598
ORD-00070,26/03/2026,C-0345,Jeans Classic,Moda,Urban Co.,Occidente,Web,Tarjeta crédito,1,899,0,899
ORD-00071,26/03/2026,C-0028,Chamarra Urban,Moda,Urban Co.,Norte,Web,Tarjeta débito,1,1599,0,1599
ORD-00114,26/03/2026,C-0676,Aspiradora CleanPro,Hogar,CleanPro,Norte,Marketplace,Tarjeta crédito,1,3299,0,3299
ORD-00117,26/03/2026,C-0038,Jeans Classic,Moda,Urban Co.,Norte,Marketplace,PayPal,1,899,5,854.05
ORD-00132,26/03/2026,C-0766,Smartphone X1,Electrónica,Nova,Norte,App,PayPal,1,8999,0,8999
ORD-00146,26/03/2026,C-0257,Sudadera Essential,Moda,BasicLab,Sureste,Web,PayPal,1,999,0,999
ORD-00153,26/03/2026,C-0221,Freidora AirCook,Hogar,KitchenLab,Occidente,Marketplace,Tarjeta débito,2,2499,10,4498.2
ORD-00197,26/03/2026,C-0778,Bicicleta Urban 21,Deportes,Move,Centro,Web,Transferencia,2,7499,0,14998
ORD-00222,26/03/2026,C-0735,Licuadora MixPlus,Hogar,HomePlus,Sureste,Web,PayPal,1,1199,0,1199
ORD-00270,26/03/2026,C-0084,Jeans Classic,Moda,Urban Co.,Occidente,Web,Tarjeta crédito,2,899,10,1618.2
ORD-00298,26/03/2026,C-0658,Audífonos AirBeat,Electrónica,SoundPro,Norte,Web,Tarjeta débito,2,1499,0,2998
ORD-00304,26/03/2026,C-0232,Licuadora MixPlus,Hogar,HomePlus,Norte,Web,Tarjeta crédito,4,1199,5,4556.2
ORD-00366,26/03/2026,C-0772,Audífonos AirBeat,Electrónica,SoundPro,Centro,Web,PayPal,2,1499,0,2998
ORD-00372,26/03/2026,C-0609,Bicicleta Urban 21,Deportes,Move,Sureste,Marketplace,Tarjeta débito,1,7499,0,7499
ORD-00389,26/03/2026,C-0792,Cafetera HomeBrew,Hogar,HomePlus,Centro,App,Tarjeta débito,1,1799,5,1709.05
ORD-00410,26/03/2026,C-0103,Cafetera HomeBrew,Hogar,HomePlus,Sureste,App,PayPal,3,1799,20,4317.6
ORD-00412,26/03/2026,C-0326,Mochila Training,Deportes,Move,Norte,Marketplace,Transferencia,1,899,0,899
ORD-00461,26/03/2026,C-0027,Set Bloques Creativos,Juguetes,PlayBox,Sur,Marketplace,Tarjeta crédito,1,799,0,799
ORD-00491,26/03/2026,C-0884,Smartwatch FitGo,Deportes,FitGo,Occidente,Web,Tarjeta débito,1,2299,10,2069.1
ORD-00516,26/03/2026,C-0889,Smartphone X1,Electrónica,Nova,Centro,App,Tarjeta crédito,1,8999,10,8099.1
ORD-00573,26/03/2026,C-0876,Tablet Go 10,Electrónica,Nova,Centro,Web,Tarjeta crédito,1,6299,5,5984.05
ORD-00596,26/03/2026,C-0795,Smartphone X1,Electrónica,Nova,Norte,Marketplace,Tarjeta crédito,2,8999,0,17998
ORD-00617,26/03/2026,C-0536,Mochila Training,Deportes,Move,Centro,Web,Tarjeta crédito,1,899,0,899
ORD-00666,26/03/2026,C-0383,Smartwatch FitGo,Deportes,FitGo,Norte,Web,Tarjeta crédito,1,2299,10,2069.1
ORD-00690,26/03/2026,C-0252,Tenis Casual Street,Moda,Urban Co.,Centro,Web,Tarjeta débito,2,1399,10,2518.2
ORD-00697,26/03/2026,C-0175,Licuadora MixPlus,Hogar,HomePlus,Sureste,App,Tarjeta crédito,1,1199,5,1139.05
ORD-00736,26/03/2026,C-0605,Sudadera Essential,Moda,BasicLab,Centro,App,Tarjeta crédito,1,999,0,999
ORD-00738,26/03/2026,C-0686,Smartwatch FitGo,Deportes,FitGo,Sureste,App,Tarjeta crédito,1,2299,5,2184.05
ORD-00761,26/03/2026,C-0087,Smart TV 55,Electrónica,Vision,Occidente,App,PayPal,1,11999,10,10799.1
ORD-00842,26/03/2026,C-0425,Auto Control Remoto,Juguetes,FunTech,Norte,Web,Tarjeta débito,2,999,15,1698.3
ORD-00901,26/03/2026,C-0498,Smartphone X1,Electrónica,Nova,Sur,App,Tarjeta crédito,3,8999,10,24297.3
ORD-00943,26/03/2026,C-0391,Tenis Casual Street,Moda,Urban Co.,Occidente,Web,Tarjeta crédito,3,1399,0,4197
ORD-00950,26/03/2026,C-0536,Smartphone X1,Electrónica,Nova,Norte,Web,Tarjeta crédito,2,8999,15,15298.3
ORD-00975,26/03/2026,C-0108,Auto Control Remoto,Juguetes,FunTech,Occidente,App,Transferencia,1,999,10,899.1
ORD-01027,26/03/2026,C-0227,Tenis Casual Street,Moda,Urban Co.,Occidente,Web,Tarjeta débito,1,1399,15,1189.15
ORD-01114,26/03/2026,C-0453,Auto Control Remoto,Juguetes,FunTech,Occidente,App,Tarjeta débito,1,999,0,999
ORD-01138,26/03/2026,C-0780,Chamarra Urban,Moda,Urban Co.,Sureste,Web,Tarjeta débito,1,1599,0,1599
ORD-01174,26/03/2026,C-0803,Set Bloques Creativos,Juguetes,PlayBox,Occidente,Web,Tarjeta débito,2,799,0,1598
ORD-01189,26/03/2026,C-0623,Smartwatch FitGo,Deportes,FitGo,Norte,App,Tarjeta débito,1,2299,10,2069.1
ORD-01254,26/03/2026,C-0400,Sudadera Essential,Moda,BasicLab,Centro,Marketplace,Tarjeta crédito,1,999,5,949.05
ORD-01255,26/03/2026,C-0286,Freidora AirCook,Hogar,KitchenLab,Sur,App,Tarjeta crédito,3,2499,5,7122.15
ORD-01266,26/03/2026,C-0619,Aspiradora CleanPro,Hogar,CleanPro,Occidente,Web,Tarjeta crédito,1,3299,0,3299
ORD-01274,26/03/2026,C-0770,Smartphone X1,Electrónica,Nova,Norte,Web,Tarjeta crédito,3,8999,0,26997
ORD-01314,26/03/2026,C-0413,Tenis Casual Street,Moda,Urban Co.,Sureste,Web,Transferencia,2,1399,0,2798
ORD-01338,26/03/2026,C-0616,Smart TV 55,Electrónica,Vision,Norte,Web,Tarjeta crédito,1,11999,0,11999
ORD-01367,26/03/2026,C-0499,Audífonos AirBeat,Electrónica,SoundPro,Sur,App,PayPal,1,1499,20,1199.2
ORD-01383,26/03/2026,C-0702,Smart TV 55,Electrónica,Vision,Sureste,Web,Tarjeta crédito,1,11999,0,11999
ORD-01387,26/03/2026,C-0666,Laptop Nova 14,Electrónica,Nova,Sur,App,PayPal,1,18999,0,18999
ORD-01440,26/03/2026,C-0585,Laptop Nova 14,Electrónica,Nova,Occidente,Web,Transferencia,1,18999,10,17099.1
ORD-01489,26/03/2026,C-0348,Freidora AirCook,Hogar,KitchenLab,Norte,Web,Transferencia,2,2499,0,4998
ORD-01521,26/03/2026,C-0054,Audífonos AirBeat,Electrónica,SoundPro,Occidente,Web,Tarjeta débito,1,1499,0,1499
ORD-01522,26/03/2026,C-0574,Audífonos AirBeat,Electrónica,SoundPro,Norte,App,Tarjeta crédito,1,1499,5,1424.05
ORD-01545,26/03/2026,C-0761,Aspiradora CleanPro,Hogar,CleanPro,Occidente,Web,Tarjeta crédito,1,3299,15,2804.15
ORD-01581,26/03/2026,C-0066,Freidora AirCook,Hogar,KitchenLab,Sureste,Web,Tarjeta crédito,1,2499,0,2499
ORD-01635,26/03/2026,C-0451,Aspiradora CleanPro,Hogar,CleanPro,Norte,App,PayPal,1,3299,10,2969.1
ORD-01665,26/03/2026,C-0209,Jeans Classic,Moda,Urban Co.,Occidente,Web,Transferencia,1,899,10,809.1
ORD-01675,26/03/2026,C-0035,Jeans Classic,Moda,Urban Co.,Norte,Web,Tarjeta crédito,1,899,0,899
ORD-01705,26/03/2026,C-0361,Set Bloques Creativos,Juguetes,PlayBox,Centro,App,PayPal,1,799,0,799
ORD-01719,26/03/2026,C-0241,Cafetera HomeBrew,Hogar,HomePlus,Sureste,Marketplace,Tarjeta crédito,2,1799,0,3598
ORD-01802,26/03/2026,C-0949,Tenis Casual Street,Moda,Urban Co.,Occidente,App,Tarjeta crédito,2,1399,0,2798
ORD-01840,26/03/2026,C-0119,Freidora AirCook,Hogar,KitchenLab,Norte,Web,PayPal,1,2499,10,2249.1
ORD-01936,26/03/2026,C-0434,Mochila Training,Deportes,Move,Sur,Marketplace,Transferencia,1,899,0,899
ORD-02005,26/03/2026,C-0535,Set Bloques Creativos,Juguetes,PlayBox,Sureste,App,Transferencia,1,799,0,799
ORD-02091,26/03/2026,C-0941,Aspiradora CleanPro,Hogar,CleanPro,Centro,Web,Tarjeta débito,1,3299,10,2969.1
ORD-02104,26/03/2026,C-0892,Licuadora MixPlus,Hogar,HomePlus,Norte,Marketplace,Tarjeta crédito,2,1199,5,2278.1
ORD-02192,26/03/2026,C-0125,Muñeca Adventure,Juguetes,PlayBox,Centro,App,Tarjeta crédito,1,649,0,649
ORD-02207,26/03/2026,C-0857,Tenis Runner Pro,Deportes,Move,Sur,App,PayPal,1,1899,0,1899
ORD-02215,26/03/2026,C-0858,Smart TV 55,Electrónica,Vision,Occidente,Web,Tarjeta débito,1,11999,5,11399.05
ORD-02255,26/03/2026,C-0817,Audífonos AirBeat,Electrónica,SoundPro,Centro,Web,Tarjeta crédito,2,1499,5,2848.1
ORD-02261,26/03/2026,C-0358,Cafetera HomeBrew,Hogar,HomePlus,Norte,Web,Tarjeta crédito,1,1799,0,1799
ORD-02304,26/03/2026,C-0934,Cafetera HomeBrew,Hogar,HomePlus,Occidente,Web,Tarjeta crédito,1,1799,10,1619.1
ORD-02320,26/03/2026,C-0415,Sudadera Essential,Moda,BasicLab,Occidente,Web,Tarjeta crédito,1,999,10,899.1
ORD-02321,26/03/2026,C-0112,Tenis Casual Street,Moda,Urban Co.,Centro,App,PayPal,1,1399,0,1399
ORD-02357,26/03/2026,C-0194,Mochila Training,Deportes,Move,Occidente,App,Tarjeta crédito,2,899,5,1708.1
ORD-02358,26/03/2026,C-0327,Licuadora MixPlus,Hogar,HomePlus,Centro,Web,Tarjeta débito,1,1199,15,1019.15
ORD-02361,26/03/2026,C-0770,Tenis Casual Street,Moda,Urban Co.,Centro,Web,PayPal,1,1399,20,1119.2
ORD-02370,26/03/2026,C-0465,Bicicleta Urban 21,Deportes,Move,Occidente,Web,Tarjeta crédito,1,7499,5,7124.05
ORD-02426,26/03/2026,C-0586,Audífonos AirBeat,Electrónica,SoundPro,Centro,Web,Tarjeta crédito,2,1499,0,2998
ORD-02429,26/03/2026,C-0946,Freidora AirCook,Hogar,KitchenLab,Centro,Marketplace,Tarjeta crédito,3,2499,5,7122.15
ORD-02475,26/03/2026,C-0874,Audífonos AirBeat,Electrónica,SoundPro,Sureste,App,Tarjeta crédito,1,1499,10,1349.1
ORD-02485,26/03/2026,C-0136,Mochila Training,Deportes,Move,Norte,App,Tarjeta crédito,1,899,15,764.15
ORD-02499,26/03/2026,C-0160,Jeans Classic,Moda,Urban Co.,Centro,Marketplace,Tarjeta crédito,1,899,0,899
ORD-02511,26/03/2026,C-0396,Smartphone X1,Electrónica,Nova,Centro,Web,Tarjeta débito,1,8999,10,8099.1
ORD-02543,26/03/2026,C-0285,Aspiradora CleanPro,Hogar,CleanPro,Occidente,Marketplace,Tarjeta crédito,1,3299,0,3299
ORD-02564,26/03/2026,C-0596,Set Bloques Creativos,Juguetes,PlayBox,Centro,Web,Tarjeta crédito,3,799,0,2397
ORD-02565,26/03/2026,C-0678,Sudadera Essential,Moda,BasicLab,Sureste,App,Tarjeta crédito,3,999,10,2697.3
ORD-02658,26/03/2026,C-0471,Audífonos AirBeat,Electrónica,SoundPro,Sur,Web,Tarjeta débito,3,1499,10,4047.3
ORD-02723,26/03/2026,C-0598,Licuadora MixPlus,Hogar,HomePlus,Norte,Web,Tarjeta débito,3,1199,0,3597
ORD-02738,26/03/2026,C-0527,Jeans Classic,Moda,Urban Co.,Occidente,Web,Tarjeta débito,2,899,0,1798
ORD-02763,26/03/2026,C-0228,Tenis Runner Pro,Deportes,Move,Sureste,App,Tarjeta crédito,3,1899,0,5697
ORD-02793,26/03/2026,C-0120,Smartphone X1,Electrónica,Nova,Centro,Marketplace,Tarjeta crédito,1,8999,15,7649.15
ORD-02832,26/03/2026,C-0181,Chamarra Urban,Moda,Urban Co.,Centro,Marketplace,Tarjeta débito,1,1599,0,1599
ORD-02863,26/03/2026,C-0871,Cafetera HomeBrew,Hogar,HomePlus,Centro,Web,PayPal,1,1799,0,1799
ORD-00006,27/03/2026,C-0678,Mochila Training,Deportes,Move,Occidente,Marketplace,Tarjeta crédito,1,899,0,899
ORD-00010,27/03/2026,C-0068,Chamarra Urban,Moda,Urban Co.,Sur,Web,PayPal,1,1599,10,1439.1
ORD-00049,27/03/2026,C-0886,Licuadora MixPlus,Hogar,HomePlus,Sur,Web,Tarjeta crédito,1,1199,0,1199
ORD-00074,27/03/2026,C-0666,Freidora AirCook,Hogar,KitchenLab,Centro,Web,Tarjeta débito,1,2499,20,1999.2
ORD-00111,27/03/2026,C-0734,Tablet Go 10,Electrónica,Nova,Sureste,App,Tarjeta crédito,1,6299,10,5669.1
ORD-00180,27/03/2026,C-0449,Sudadera Essential,Moda,BasicLab,Norte,App,Tarjeta débito,1,999,0,999
ORD-00244,27/03/2026,C-0921,Cafetera HomeBrew,Hogar,HomePlus,Centro,Web,Tarjeta crédito,1,1799,0,1799
ORD-00305,27/03/2026,C-0389,Cafetera HomeBrew,Hogar,HomePlus,Sur,App,PayPal,1,1799,10,1619.1
ORD-00355,27/03/2026,C-0643,Jeans Classic,Moda,Urban Co.,Centro,Marketplace,Tarjeta crédito,1,899,0,899
ORD-00399,27/03/2026,C-0051,Smartphone X1,Electrónica,Nova,Sur,Web,Tarjeta débito,1,8999,15,7649.15
ORD-00402,27/03/2026,C-0940,Audífonos AirBeat,Electrónica,SoundPro,Norte,App,Transferencia,1,1499,0,1499
ORD-00426,27/03/2026,C-0076,Licuadora MixPlus,Hogar,HomePlus,Norte,Marketplace,Tarjeta débito,1,1199,5,1139.05
ORD-00440,27/03/2026,C-0069,Freidora AirCook,Hogar,KitchenLab,Occidente,Marketplace,Tarjeta crédito,2,2499,15,4248.3
ORD-00492,27/03/2026,C-0452,Chamarra Urban,Moda,Urban Co.,Sur,Marketplace,Tarjeta débito,2,1599,0,3198
ORD-00501,27/03/2026,C-0673,Tenis Casual Street,Moda,Urban Co.,Centro,App,Tarjeta débito,1,1399,5,1329.05
ORD-00532,27/03/2026,C-0765,Tablet Go 10,Electrónica,Nova,Occidente,Marketplace,PayPal,3,6299,5,17952.15
ORD-00534,27/03/2026,C-0018,Smartphone X1,Electrónica,Nova,Centro,Web,Tarjeta crédito,1,8999,5,8549.05
ORD-00560,27/03/2026,C-0491,Smartwatch FitGo,Deportes,FitGo,Centro,Web,PayPal,1,2299,10,2069.1
ORD-00626,27/03/2026,C-0186,Aspiradora CleanPro,Hogar,CleanPro,Sur,Web,Tarjeta crédito,1,3299,0,3299
ORD-00627,27/03/2026,C-0395,Smart TV 55,Electrónica,Vision,Centro,Web,Tarjeta crédito,1,11999,20,9599.2
ORD-00716,27/03/2026,C-0324,Freidora AirCook,Hogar,KitchenLab,Norte,App,PayPal,2,2499,0,4998
ORD-00732,27/03/2026,C-0785,Audífonos AirBeat,Electrónica,SoundPro,Sur,App,Tarjeta crédito,1,1499,0,1499
ORD-00790,27/03/2026,C-0226,Smartwatch FitGo,Deportes,FitGo,Occidente,Marketplace,Tarjeta crédito,2,2299,0,4598
ORD-00846,27/03/2026,C-0811,Smartphone X1,Electrónica,Nova,Centro,App,Tarjeta débito,1,8999,10,8099.1
ORD-00925,27/03/2026,C-0298,Smartwatch FitGo,Deportes,FitGo,Centro,App,Tarjeta crédito,1,2299,0,2299
ORD-00997,27/03/2026,C-0526,Auto Control Remoto,Juguetes,FunTech,Centro,App,Tarjeta débito,3,999,0,2997
ORD-01003,27/03/2026,C-0460,Tenis Casual Street,Moda,Urban Co.,Occidente,App,Tarjeta débito,1,1399,0,1399
ORD-01085,27/03/2026,C-0515,Aspiradora CleanPro,Hogar,CleanPro,Occidente,App,Tarjeta débito,1,3299,15,2804.15
ORD-01242,27/03/2026,C-0931,Set Bloques Creativos,Juguetes,PlayBox,Norte,App,Tarjeta crédito,1,799,0,799
ORD-01261,27/03/2026,C-0432,Tenis Casual Street,Moda,Urban Co.,Centro,App,PayPal,3,1399,5,3987.15
ORD-01262,27/03/2026,C-0751,Tablet Go 10,Electrónica,Nova,Centro,App,Tarjeta crédito,1,6299,5,5984.05
ORD-01295,27/03/2026,C-0204,Cafetera HomeBrew,Hogar,HomePlus,Centro,Marketplace,Tarjeta débito,1,1799,15,1529.15
ORD-01316,27/03/2026,C-0096,Sudadera Essential,Moda,BasicLab,Sur,Marketplace,PayPal,1,999,0,999
ORD-01331,27/03/2026,C-0920,Jeans Classic,Moda,Urban Co.,Centro,Web,Tarjeta crédito,1,899,0,899
ORD-01350,27/03/2026,C-0507,Licuadora MixPlus,Hogar,HomePlus,Sureste,App,PayPal,1,1199,0,1199
ORD-01369,27/03/2026,C-0421,Tenis Casual Street,Moda,Urban Co.,Occidente,Web,Tarjeta débito,1,1399,10,1259.1
ORD-01426,27/03/2026,C-0617,Jeans Classic,Moda,Urban Co.,Centro,Web,Tarjeta débito,1,899,0,899
ORD-01474,27/03/2026,C-0534,Tenis Runner Pro,Deportes,Move,Centro,Web,Transferencia,2,1899,5,3608.1
ORD-01530,27/03/2026,C-0178,Auto Control Remoto,Juguetes,FunTech,Centro,App,Tarjeta débito,1,999,5,949.05
ORD-01534,27/03/2026,C-0740,Laptop Nova 14,Electrónica,Nova,Occidente,Marketplace,PayPal,3,18999,0,56997
ORD-01571,27/03/2026,C-0305,Cafetera HomeBrew,Hogar,HomePlus,Centro,Web,Tarjeta crédito,1,1799,0,1799
ORD-01574,27/03/2026,C-0335,Tablet Go 10,Electrónica,Nova,Sureste,Marketplace,PayPal,1,6299,5,5984.05
ORD-02003,27/03/2026,C-0086,Tenis Runner Pro,Deportes,Move,Sur,App,Tarjeta crédito,1,1899,5,1804.05
ORD-02133,27/03/2026,C-0904,Smartphone X1,Electrónica,Nova,Centro,App,PayPal,2,8999,0,17998
ORD-02152,27/03/2026,C-0257,Tenis Runner Pro,Deportes,Move,Centro,Web,Transferencia,1,1899,0,1899
ORD-02155,27/03/2026,C-0587,Smartwatch FitGo,Deportes,FitGo,Centro,App,Tarjeta crédito,1,2299,15,1954.15
ORD-02243,27/03/2026,C-0390,Audífonos AirBeat,Electrónica,SoundPro,Sur,Web,PayPal,1,1499,20,1199.2
ORD-02293,27/03/2026,C-0027,Bicicleta Urban 21,Deportes,Move,Occidente,Web,Tarjeta crédito,1,7499,0,7499
ORD-02340,27/03/2026,C-0812,Auto Control Remoto,Juguetes,FunTech,Centro,Web,Tarjeta débito,1,999,0,999
ORD-02345,27/03/2026,C-0722,Mochila Training,Deportes,Move,Occidente,Web,Tarjeta crédito,1,899,5,854.05
ORD-02350,27/03/2026,C-0747,Audífonos AirBeat,Electrónica,SoundPro,Norte,Web,Tarjeta crédito,1,1499,0,1499
ORD-02355,27/03/2026,C-0535,Audífonos AirBeat,Electrónica,SoundPro,Centro,Web,Tarjeta crédito,1,1499,0,1499
ORD-02365,27/03/2026,C-0332,Audífonos AirBeat,Electrónica,SoundPro,Sureste,Marketplace,Transferencia,1,1499,0,1499
ORD-02432,27/03/2026,C-0145,Tablet Go 10,Electrónica,Nova,Centro,App,PayPal,2,6299,10,11338.2
ORD-02456,27/03/2026,C-0042,Set Bloques Creativos,Juguetes,PlayBox,Norte,Marketplace,Tarjeta crédito,2,799,15,1358.3
ORD-02597,27/03/2026,C-0938,Jeans Classic,Moda,Urban Co.,Sur,Web,PayPal,2,899,0,1798
ORD-02644,27/03/2026,C-0130,Muñeca Adventure,Juguetes,PlayBox,Sureste,Web,Transferencia,2,649,0,1298
ORD-02719,27/03/2026,C-0662,Auto Control Remoto,Juguetes,FunTech,Centro,Web,Tarjeta crédito,2,999,0,1998
ORD-02733,27/03/2026,C-0657,Freidora AirCook,Hogar,KitchenLab,Norte,Web,Tarjeta débito,1,2499,0,2499
ORD-02737,27/03/2026,C-0293,Smartwatch FitGo,Deportes,FitGo,Centro,Marketplace,Tarjeta débito,2,2299,0,4598
ORD-02806,27/03/2026,C-0392,Audífonos AirBeat,Electrónica,SoundPro,Centro,App,PayPal,1,1499,0,1499
ORD-02955,27/03/2026,C-0001,Freidora AirCook,Hogar,KitchenLab,Sur,App,Tarjeta crédito,2,2499,0,4998
ORD-00015,28/03/2026,C-0788,Auto Control Remoto,Juguetes,FunTech,Sureste,App,Tarjeta crédito,2,999,15,1698.3
ORD-00030,28/03/2026,C-0803,Tenis Runner Pro,Deportes,Move,Norte,Web,Tarjeta crédito,1,1899,20,1519.2
ORD-00034,28/03/2026,C-0635,Smartphone X1,Electrónica,Nova,Centro,Web,PayPal,1,8999,0,8999
ORD-00096,28/03/2026,C-0102,Freidora AirCook,Hogar,KitchenLab,Occidente,Web,Tarjeta débito,3,2499,0,7497
ORD-00106,28/03/2026,C-0779,Chamarra Urban,Moda,Urban Co.,Centro,Web,Tarjeta débito,1,1599,5,1519.05
ORD-00171,28/03/2026,C-0764,Audífonos AirBeat,Electrónica,SoundPro,Centro,Web,Tarjeta crédito,2,1499,0,2998
ORD-00183,28/03/2026,C-0145,Cafetera HomeBrew,Hogar,HomePlus,Occidente,Marketplace,PayPal,1,1799,0,1799
ORD-00194,28/03/2026,C-0851,Tenis Casual Street,Moda,Urban Co.,Centro,Web,Tarjeta crédito,1,1399,0,1399
ORD-00208,28/03/2026,C-0911,Cafetera HomeBrew,Hogar,HomePlus,Sur,Marketplace,Tarjeta crédito,1,1799,0,1799
ORD-00307,28/03/2026,C-0709,Aspiradora CleanPro,Hogar,CleanPro,Sureste,Marketplace,Transferencia,2,3299,0,6598
ORD-00340,28/03/2026,C-0117,Cafetera HomeBrew,Hogar,HomePlus,Norte,Marketplace,Tarjeta crédito,1,1799,0,1799
ORD-00341,28/03/2026,C-0605,Aspiradora CleanPro,Hogar,CleanPro,Norte,Web,Tarjeta débito,2,3299,10,5938.2
ORD-00371,28/03/2026,C-0303,Laptop Nova 14,Electrónica,Nova,Occidente,Web,Tarjeta débito,2,18999,5,36098.1
ORD-00388,28/03/2026,C-0206,Tenis Casual Street,Moda,Urban Co.,Centro,Marketplace,Tarjeta crédito,1,1399,5,1329.05
ORD-00538,28/03/2026,C-0815,Sudadera Essential,Moda,BasicLab,Occidente,Marketplace,Tarjeta crédito,2,999,5,1898.1
ORD-00601,28/03/2026,C-0181,Mochila Training,Deportes,Move,Norte,Web,Transferencia,2,899,0,1798
ORD-00603,28/03/2026,C-0488,Cafetera HomeBrew,Hogar,HomePlus,Occidente,Web,Tarjeta débito,2,1799,0,3598
ORD-00618,28/03/2026,C-0774,Sudadera Essential,Moda,BasicLab,Centro,Web,Tarjeta débito,1,999,5,949.05
ORD-00719,28/03/2026,C-0089,Smartwatch FitGo,Deportes,FitGo,Sur,Web,PayPal,1,2299,10,2069.1
ORD-00767,28/03/2026,C-0101,Licuadora MixPlus,Hogar,HomePlus,Norte,Marketplace,PayPal,1,1199,0,1199
ORD-00807,28/03/2026,C-0161,Audífonos AirBeat,Electrónica,SoundPro,Norte,Web,PayPal,1,1499,0,1499
ORD-00815,28/03/2026,C-0002,Sudadera Essential,Moda,BasicLab,Occidente,Web,PayPal,1,999,5,949.05
ORD-00883,28/03/2026,C-0693,Tenis Runner Pro,Deportes,Move,Centro,Web,Tarjeta crédito,1,1899,5,1804.05
ORD-00898,28/03/2026,C-0662,Freidora AirCook,Hogar,KitchenLab,Sur,Web,Tarjeta crédito,2,2499,0,4998
ORD-00907,28/03/2026,C-0434,Licuadora MixPlus,Hogar,HomePlus,Occidente,App,Tarjeta crédito,1,1199,15,1019.15
ORD-00924,28/03/2026,C-0212,Smart TV 55,Electrónica,Vision,Sur,Web,PayPal,1,11999,0,11999
ORD-00927,28/03/2026,C-0754,Tenis Runner Pro,Deportes,Move,Norte,App,Tarjeta débito,1,1899,10,1709.1
ORD-00969,28/03/2026,C-0178,Sudadera Essential,Moda,BasicLab,Centro,Web,Tarjeta débito,1,999,0,999
ORD-00977,28/03/2026,C-0450,Tenis Runner Pro,Deportes,Move,Centro,App,Tarjeta crédito,2,1899,0,3798
ORD-01074,28/03/2026,C-0805,Muñeca Adventure,Juguetes,PlayBox,Norte,Web,PayPal,1,649,0,649
ORD-01162,28/03/2026,C-0357,Chamarra Urban,Moda,Urban Co.,Centro,Web,Tarjeta crédito,1,1599,0,1599
ORD-01215,28/03/2026,C-0802,Sudadera Essential,Moda,BasicLab,Centro,App,Tarjeta débito,1,999,0,999
ORD-01234,28/03/2026,C-0002,Audífonos AirBeat,Electrónica,SoundPro,Sur,App,Tarjeta crédito,1,1499,10,1349.1
ORD-01246,28/03/2026,C-0168,Sudadera Essential,Moda,BasicLab,Occidente,Web,Tarjeta débito,1,999,5,949.05
ORD-01280,28/03/2026,C-0626,Licuadora MixPlus,Hogar,HomePlus,Sureste,Web,Tarjeta débito,1,1199,5,1139.05
ORD-01282,28/03/2026,C-0303,Aspiradora CleanPro,Hogar,CleanPro,Sureste,App,Tarjeta crédito,1,3299,0,3299
ORD-01293,28/03/2026,C-0146,Smartphone X1,Electrónica,Nova,Centro,App,Tarjeta débito,1,8999,0,8999
ORD-01399,28/03/2026,C-0179,Licuadora MixPlus,Hogar,HomePlus,Sur,Web,Transferencia,1,1199,5,1139.05
ORD-01412,28/03/2026,C-0081,Set Bloques Creativos,Juguetes,PlayBox,Centro,Web,Tarjeta débito,1,799,0,799
ORD-01469,28/03/2026,C-0043,Smartwatch FitGo,Deportes,FitGo,Sureste,Web,Tarjeta crédito,3,2299,10,6207.3
ORD-01499,28/03/2026,C-0208,Tenis Casual Street,Moda,Urban Co.,Centro,Web,Tarjeta débito,1,1399,0,1399
ORD-01526,28/03/2026,C-0943,Tenis Casual Street,Moda,Urban Co.,Norte,App,Tarjeta débito,1,1399,0,1399
ORD-01531,28/03/2026,C-0731,Tenis Runner Pro,Deportes,Move,Occidente,App,Tarjeta crédito,1,1899,0,1899
ORD-01556,28/03/2026,C-0384,Smart TV 55,Electrónica,Vision,Centro,Web,Tarjeta crédito,2,11999,5,22798.1
ORD-01597,28/03/2026,C-0067,Licuadora MixPlus,Hogar,HomePlus,Centro,App,Tarjeta débito,1,1199,0,1199
ORD-01612,28/03/2026,C-0892,Audífonos AirBeat,Electrónica,SoundPro,Norte,App,Tarjeta crédito,1,1499,15,1274.15
ORD-01625,28/03/2026,C-0115,Cafetera HomeBrew,Hogar,HomePlus,Occidente,Web,Tarjeta débito,1,1799,5,1709.05
ORD-01630,28/03/2026,C-0610,Sudadera Essential,Moda,BasicLab,Centro,App,Tarjeta crédito,1,999,5,949.05
ORD-01651,28/03/2026,C-0789,Audífonos AirBeat,Electrónica,SoundPro,Centro,App,Tarjeta crédito,1,1499,0,1499
ORD-01656,28/03/2026,C-0211,Laptop Nova 14,Electrónica,Nova,Sur,App,Tarjeta crédito,1,18999,0,18999
ORD-01703,28/03/2026,C-0763,Sudadera Essential,Moda,BasicLab,Norte,Marketplace,Tarjeta crédito,2,999,0,1998
ORD-01708,28/03/2026,C-0234,Sudadera Essential,Moda,BasicLab,Norte,Web,Tarjeta crédito,2,999,5,1898.1
ORD-01714,28/03/2026,C-0085,Licuadora MixPlus,Hogar,HomePlus,Sureste,Marketplace,PayPal,1,1199,0,1199
ORD-01728,28/03/2026,C-0073,Smartwatch FitGo,Deportes,FitGo,Centro,App,Tarjeta débito,1,2299,0,2299
ORD-01778,28/03/2026,C-0394,Muñeca Adventure,Juguetes,PlayBox,Occidente,Web,Tarjeta crédito,1,649,5,616.55
ORD-01797,28/03/2026,C-0268,Sudadera Essential,Moda,BasicLab,Sureste,Web,Tarjeta débito,1,999,0,999
ORD-01801,28/03/2026,C-0647,Sudadera Essential,Moda,BasicLab,Sureste,Web,Tarjeta débito,3,999,15,2547.45
ORD-01818,28/03/2026,C-0873,Tenis Casual Street,Moda,Urban Co.,Occidente,Web,Tarjeta débito,1,1399,10,1259.1
ORD-01841,28/03/2026,C-0864,Jeans Classic,Moda,Urban Co.,Centro,Web,Tarjeta débito,1,899,5,854.05
ORD-01868,28/03/2026,C-0149,Jeans Classic,Moda,Urban Co.,Occidente,Marketplace,Tarjeta crédito,3,899,15,2292.45
ORD-01897,28/03/2026,C-0177,Set Bloques Creativos,Juguetes,PlayBox,Norte,Web,Tarjeta débito,1,799,0,799
ORD-01923,28/03/2026,C-0287,Audífonos AirBeat,Electrónica,SoundPro,Norte,Web,Tarjeta débito,2,1499,15,2548.3
ORD-01961,28/03/2026,C-0760,Auto Control Remoto,Juguetes,FunTech,Norte,Marketplace,Tarjeta débito,2,999,5,1898.1
ORD-01984,28/03/2026,C-0323,Sudadera Essential,Moda,BasicLab,Norte,Web,Tarjeta crédito,1,999,15,849.15
ORD-02094,28/03/2026,C-0199,Bicicleta Urban 21,Deportes,Move,Centro,Web,Tarjeta crédito,2,7499,15,12748.3
ORD-02111,28/03/2026,C-0091,Muñeca Adventure,Juguetes,PlayBox,Sureste,App,Tarjeta crédito,2,649,0,1298
ORD-02144,28/03/2026,C-0165,Audífonos AirBeat,Electrónica,SoundPro,Norte,App,Tarjeta débito,1,1499,0,1499
ORD-02148,28/03/2026,C-0389,Laptop Nova 14,Electrónica,Nova,Sureste,Marketplace,Tarjeta débito,1,18999,0,18999
ORD-02157,28/03/2026,C-0327,Tenis Casual Street,Moda,Urban Co.,Sur,Web,Tarjeta crédito,1,1399,5,1329.05
ORD-02206,28/03/2026,C-0072,Audífonos AirBeat,Electrónica,SoundPro,Occidente,App,Tarjeta crédito,1,1499,0,1499
ORD-02226,28/03/2026,C-0501,Sudadera Essential,Moda,BasicLab,Centro,Web,Tarjeta crédito,2,999,0,1998
ORD-02251,28/03/2026,C-0888,Cafetera HomeBrew,Hogar,HomePlus,Centro,Marketplace,Tarjeta débito,1,1799,0,1799
ORD-02282,28/03/2026,C-0165,Sudadera Essential,Moda,BasicLab,Centro,App,Tarjeta crédito,1,999,0,999
ORD-02343,28/03/2026,C-0354,Smartphone X1,Electrónica,Nova,Norte,App,Tarjeta crédito,2,8999,15,15298.3
ORD-02360,28/03/2026,C-0324,Jeans Classic,Moda,Urban Co.,Occidente,Web,Tarjeta crédito,3,899,0,2697
ORD-02398,28/03/2026,C-0562,Smartphone X1,Electrónica,Nova,Centro,App,Tarjeta crédito,1,8999,0,8999
ORD-02455,28/03/2026,C-0571,Smartphone X1,Electrónica,Nova,Centro,Web,Tarjeta débito,1,8999,5,8549.05
ORD-02489,28/03/2026,C-0868,Audífonos AirBeat,Electrónica,SoundPro,Occidente,App,Tarjeta crédito,1,1499,0,1499
ORD-02505,28/03/2026,C-0189,Auto Control Remoto,Juguetes,FunTech,Sur,Web,PayPal,1,999,20,799.2
ORD-02533,28/03/2026,C-0782,Auto Control Remoto,Juguetes,FunTech,Centro,Web,Tarjeta débito,2,999,10,1798.2
ORD-02537,28/03/2026,C-0420,Jeans Classic,Moda,Urban Co.,Centro,App,Tarjeta crédito,1,899,5,854.05
ORD-02544,28/03/2026,C-0843,Mochila Training,Deportes,Move,Centro,Marketplace,Tarjeta crédito,1,899,5,854.05
ORD-02561,28/03/2026,C-0256,Laptop Nova 14,Electrónica,Nova,Norte,App,Tarjeta débito,2,18999,0,37998
ORD-02580,28/03/2026,C-0201,Bicicleta Urban 21,Deportes,Move,Sureste,Marketplace,PayPal,1,7499,0,7499
ORD-02616,28/03/2026,C-0021,Smartwatch FitGo,Deportes,FitGo,Centro,App,Tarjeta débito,3,2299,10,6207.3
ORD-02687,28/03/2026,C-0544,Audífonos AirBeat,Electrónica,SoundPro,Centro,Web,Tarjeta débito,1,1499,0,1499
ORD-02701,28/03/2026,C-0542,Audífonos AirBeat,Electrónica,SoundPro,Norte,Web,Tarjeta débito,1,1499,5,1424.05
ORD-02705,28/03/2026,C-0786,Jeans Classic,Moda,Urban Co.,Centro,Marketplace,Tarjeta crédito,2,899,10,1618.2
ORD-02728,28/03/2026,C-0114,Cafetera HomeBrew,Hogar,HomePlus,Sureste,App,PayPal,4,1799,10,6476.4
ORD-02759,28/03/2026,C-0274,Chamarra Urban,Moda,Urban Co.,Norte,App,Tarjeta débito,1,1599,0,1599
ORD-02807,28/03/2026,C-0700,Mochila Training,Deportes,Move,Norte,Web,Tarjeta débito,1,899,0,899
ORD-02812,28/03/2026,C-0025,Smartwatch FitGo,Deportes,FitGo,Centro,Web,Tarjeta débito,1,2299,0,2299
ORD-02837,28/03/2026,C-0151,Audífonos AirBeat,Electrónica,SoundPro,Centro,App,Tarjeta crédito,1,1499,10,1349.1
ORD-02848,28/03/2026,C-0938,Tenis Casual Street,Moda,Urban Co.,Sur,Web,Tarjeta crédito,3,1399,0,4197
ORD-02861,28/03/2026,C-0337,Aspiradora CleanPro,Hogar,CleanPro,Sureste,Web,PayPal,1,3299,0,3299
ORD-02881,28/03/2026,C-0444,Audífonos AirBeat,Electrónica,SoundPro,Occidente,Web,Tarjeta crédito,1,1499,10,1349.1
ORD-00025,29/03/2026,C-0100,Jeans Classic,Moda,Urban Co.,Occidente,App,PayPal,1,899,10,809.1
ORD-00056,29/03/2026,C-0216,Chamarra Urban,Moda,Urban Co.,Centro,App,Tarjeta crédito,1,1599,10,1439.1
ORD-00064,29/03/2026,C-0487,Sudadera Essential,Moda,BasicLab,Norte,Marketplace,Tarjeta débito,2,999,15,1698.3
ORD-00121,29/03/2026,C-0944,Smartwatch FitGo,Deportes,FitGo,Sur,Marketplace,Tarjeta crédito,1,2299,0,2299
ORD-00130,29/03/2026,C-0636,Tenis Casual Street,Moda,Urban Co.,Centro,App,Tarjeta débito,1,1399,0,1399
ORD-00154,29/03/2026,C-0438,Freidora AirCook,Hogar,KitchenLab,Centro,Web,Tarjeta débito,1,2499,0,2499
ORD-00220,29/03/2026,C-0371,Mochila Training,Deportes,Move,Centro,Web,Tarjeta débito,1,899,10,809.1
ORD-00238,29/03/2026,C-0576,Freidora AirCook,Hogar,KitchenLab,Centro,Web,Tarjeta crédito,1,2499,0,2499
ORD-00258,29/03/2026,C-0061,Muñeca Adventure,Juguetes,PlayBox,Norte,App,PayPal,1,649,0,649
ORD-00260,29/03/2026,C-0191,Smart TV 55,Electrónica,Vision,Sur,Marketplace,Tarjeta crédito,2,11999,10,21598.2
ORD-00273,29/03/2026,C-0060,Tenis Runner Pro,Deportes,Move,Occidente,Marketplace,Tarjeta débito,1,1899,5,1804.05
ORD-00360,29/03/2026,C-0128,Sudadera Essential,Moda,BasicLab,Occidente,Web,Tarjeta crédito,1,999,10,899.1
ORD-00373,29/03/2026,C-0583,Smartphone X1,Electrónica,Nova,Sureste,Marketplace,Transferencia,2,8999,0,17998
ORD-00473,29/03/2026,C-0255,Muñeca Adventure,Juguetes,PlayBox,Norte,Marketplace,Tarjeta crédito,1,649,5,616.55
ORD-00474,29/03/2026,C-0844,Tablet Go 10,Electrónica,Nova,Norte,Web,Tarjeta crédito,1,6299,5,5984.05
ORD-00476,29/03/2026,C-0020,Aspiradora CleanPro,Hogar,CleanPro,Norte,App,Tarjeta crédito,2,3299,15,5608.3
ORD-00541,29/03/2026,C-0199,Tablet Go 10,Electrónica,Nova,Occidente,App,Tarjeta crédito,2,6299,0,12598
ORD-00588,29/03/2026,C-0226,Chamarra Urban,Moda,Urban Co.,Occidente,Web,Tarjeta crédito,1,1599,0,1599
ORD-00591,29/03/2026,C-0755,Licuadora MixPlus,Hogar,HomePlus,Occidente,Web,PayPal,1,1199,15,1019.15
ORD-00613,29/03/2026,C-0540,Bicicleta Urban 21,Deportes,Move,Norte,Web,PayPal,1,7499,0,7499
ORD-00636,29/03/2026,C-0581,Audífonos AirBeat,Electrónica,SoundPro,Centro,App,Tarjeta débito,1,1499,5,1424.05
ORD-00658,29/03/2026,C-0669,Aspiradora CleanPro,Hogar,CleanPro,Sur,Web,PayPal,1,3299,10,2969.1
ORD-00683,29/03/2026,C-0027,Muñeca Adventure,Juguetes,PlayBox,Occidente,App,Tarjeta crédito,1,649,0,649
ORD-00749,29/03/2026,C-0426,Audífonos AirBeat,Electrónica,SoundPro,Norte,Web,Transferencia,1,1499,0,1499
ORD-00750,29/03/2026,C-0566,Tenis Casual Street,Moda,Urban Co.,Sur,App,Tarjeta débito,1,1399,0,1399
ORD-00805,29/03/2026,C-0469,Tenis Runner Pro,Deportes,Move,Norte,Web,Tarjeta débito,1,1899,0,1899
ORD-00913,29/03/2026,C-0799,Smartwatch FitGo,Deportes,FitGo,Sur,App,PayPal,1,2299,0,2299
ORD-00920,29/03/2026,C-0572,Smart TV 55,Electrónica,Vision,Norte,Marketplace,Tarjeta débito,1,11999,0,11999
ORD-00933,29/03/2026,C-0169,Cafetera HomeBrew,Hogar,HomePlus,Centro,Marketplace,Transferencia,1,1799,5,1709.05
ORD-00938,29/03/2026,C-0185,Cafetera HomeBrew,Hogar,HomePlus,Occidente,Web,Transferencia,2,1799,0,3598
ORD-00984,29/03/2026,C-0009,Freidora AirCook,Hogar,KitchenLab,Occidente,App,Tarjeta crédito,2,2499,10,4498.2
ORD-00985,29/03/2026,C-0558,Tenis Casual Street,Moda,Urban Co.,Occidente,Marketplace,Tarjeta débito,1,1399,0,1399
ORD-01013,29/03/2026,C-0771,Audífonos AirBeat,Electrónica,SoundPro,Norte,Web,PayPal,1,1499,0,1499
ORD-01046,29/03/2026,C-0456,Tenis Casual Street,Moda,Urban Co.,Occidente,App,Tarjeta crédito,2,1399,0,2798
ORD-01105,29/03/2026,C-0550,Smartphone X1,Electrónica,Nova,Centro,Web,Tarjeta débito,1,8999,20,7199.2
ORD-01124,29/03/2026,C-0447,Smartphone X1,Electrónica,Nova,Centro,Marketplace,Tarjeta crédito,1,8999,5,8549.05
ORD-01148,29/03/2026,C-0772,Tenis Runner Pro,Deportes,Move,Norte,Web,Tarjeta débito,1,1899,0,1899
ORD-01204,29/03/2026,C-0631,Tenis Runner Pro,Deportes,Move,Centro,App,Tarjeta débito,1,1899,0,1899
ORD-01236,29/03/2026,C-0225,Audífonos AirBeat,Electrónica,SoundPro,Occidente,Web,Tarjeta crédito,2,1499,10,2698.2
ORD-01250,29/03/2026,C-0366,Jeans Classic,Moda,Urban Co.,Centro,Web,Tarjeta crédito,3,899,0,2697
ORD-01253,29/03/2026,C-0729,Cafetera HomeBrew,Hogar,HomePlus,Centro,Marketplace,Tarjeta débito,2,1799,15,3058.3
ORD-01355,29/03/2026,C-0488,Audífonos AirBeat,Electrónica,SoundPro,Centro,Web,Tarjeta crédito,1,1499,0,1499
ORD-01372,29/03/2026,C-0358,Chamarra Urban,Moda,Urban Co.,Sureste,Marketplace,PayPal,2,1599,0,3198
ORD-01390,29/03/2026,C-0007,Audífonos AirBeat,Electrónica,SoundPro,Occidente,Marketplace,Tarjeta crédito,3,1499,0,4497
ORD-01418,29/03/2026,C-0856,Chamarra Urban,Moda,Urban Co.,Centro,App,PayPal,1,1599,5,1519.05
ORD-01461,29/03/2026,C-0482,Set Bloques Creativos,Juguetes,PlayBox,Norte,Web,Tarjeta crédito,1,799,10,719.1
ORD-01464,29/03/2026,C-0076,Audífonos AirBeat,Electrónica,SoundPro,Sur,Web,Tarjeta débito,2,1499,0,2998
ORD-01484,29/03/2026,C-0493,Tenis Casual Street,Moda,Urban Co.,Centro,App,PayPal,1,1399,0,1399
ORD-01487,29/03/2026,C-0298,Audífonos AirBeat,Electrónica,SoundPro,Norte,Marketplace,Tarjeta débito,1,1499,0,1499
ORD-01497,29/03/2026,C-0426,Sudadera Essential,Moda,BasicLab,Centro,Web,Tarjeta crédito,2,999,10,1798.2
ORD-01577,29/03/2026,C-0311,Bicicleta Urban 21,Deportes,Move,Centro,Marketplace,Transferencia,1,7499,10,6749.1
ORD-01596,29/03/2026,C-0469,Jeans Classic,Moda,Urban Co.,Sur,Web,Tarjeta débito,2,899,0,1798
ORD-01606,29/03/2026,C-0339,Smartphone X1,Electrónica,Nova,Occidente,App,PayPal,1,8999,0,8999
ORD-01670,29/03/2026,C-0734,Tenis Runner Pro,Deportes,Move,Sureste,Web,Tarjeta débito,1,1899,0,1899
ORD-01674,29/03/2026,C-0036,Cafetera HomeBrew,Hogar,HomePlus,Centro,Web,Tarjeta débito,3,1799,5,5127.15
ORD-01695,29/03/2026,C-0091,Smartwatch FitGo,Deportes,FitGo,Occidente,Marketplace,Tarjeta débito,1,2299,0,2299
ORD-01752,29/03/2026,C-0847,Cafetera HomeBrew,Hogar,HomePlus,Centro,Marketplace,PayPal,3,1799,20,4317.6
ORD-01771,29/03/2026,C-0179,Tenis Runner Pro,Deportes,Move,Centro,App,Tarjeta crédito,1,1899,0,1899
ORD-01796,29/03/2026,C-0376,Licuadora MixPlus,Hogar,HomePlus,Norte,Web,Tarjeta débito,1,1199,0,1199
ORD-01827,29/03/2026,C-0811,Freidora AirCook,Hogar,KitchenLab,Sureste,Marketplace,Tarjeta crédito,2,2499,0,4998
ORD-01831,29/03/2026,C-0839,Smartphone X1,Electrónica,Nova,Centro,App,Tarjeta crédito,1,8999,10,8099.1
ORD-01857,29/03/2026,C-0812,Muñeca Adventure,Juguetes,PlayBox,Sureste,Marketplace,Tarjeta crédito,3,649,5,1849.65
ORD-01888,29/03/2026,C-0598,Sudadera Essential,Moda,BasicLab,Centro,Web,Tarjeta crédito,2,999,0,1998
ORD-01893,29/03/2026,C-0676,Set Bloques Creativos,Juguetes,PlayBox,Centro,Web,Tarjeta crédito,1,799,0,799
ORD-01904,29/03/2026,C-0666,Smartphone X1,Electrónica,Nova,Sur,App,Tarjeta crédito,1,8999,0,8999
ORD-01919,29/03/2026,C-0292,Smart TV 55,Electrónica,Vision,Occidente,Web,Tarjeta crédito,1,11999,20,9599.2
ORD-01949,29/03/2026,C-0656,Tenis Runner Pro,Deportes,Move,Centro,Web,Transferencia,1,1899,0,1899
ORD-01986,29/03/2026,C-0285,Audífonos AirBeat,Electrónica,SoundPro,Sureste,Web,PayPal,1,1499,0,1499
ORD-01992,29/03/2026,C-0855,Tenis Runner Pro,Deportes,Move,Norte,App,PayPal,2,1899,5,3608.1
ORD-02000,29/03/2026,C-0556,Freidora AirCook,Hogar,KitchenLab,Norte,App,Tarjeta crédito,1,2499,10,2249.1
ORD-02072,29/03/2026,C-0737,Freidora AirCook,Hogar,KitchenLab,Occidente,Web,PayPal,1,2499,10,2249.1
ORD-02117,29/03/2026,C-0128,Mochila Training,Deportes,Move,Occidente,Web,Tarjeta crédito,1,899,5,854.05
ORD-02130,29/03/2026,C-0580,Tenis Casual Street,Moda,Urban Co.,Norte,Web,Tarjeta débito,2,1399,20,2238.4
ORD-02205,29/03/2026,C-0007,Freidora AirCook,Hogar,KitchenLab,Occidente,App,Transferencia,1,2499,5,2374.05
ORD-02211,29/03/2026,C-0273,Sudadera Essential,Moda,BasicLab,Norte,App,Tarjeta crédito,1,999,20,799.2
ORD-02219,29/03/2026,C-0743,Mochila Training,Deportes,Move,Occidente,Web,Transferencia,1,899,0,899
ORD-02280,29/03/2026,C-0456,Smartwatch FitGo,Deportes,FitGo,Sureste,App,Transferencia,1,2299,15,1954.15
ORD-02319,29/03/2026,C-0197,Aspiradora CleanPro,Hogar,CleanPro,Centro,App,Transferencia,3,3299,10,8907.3
ORD-02335,29/03/2026,C-0293,Smart TV 55,Electrónica,Vision,Centro,Web,Tarjeta crédito,3,11999,15,30597.45
ORD-02337,29/03/2026,C-0761,Freidora AirCook,Hogar,KitchenLab,Sur,App,Tarjeta crédito,1,2499,0,2499
ORD-02372,29/03/2026,C-0573,Audífonos AirBeat,Electrónica,SoundPro,Occidente,Marketplace,Tarjeta débito,1,1499,15,1274.15
ORD-02408,29/03/2026,C-0580,Auto Control Remoto,Juguetes,FunTech,Centro,Web,Tarjeta débito,2,999,0,1998
ORD-02427,29/03/2026,C-0554,Smartphone X1,Electrónica,Nova,Sureste,Marketplace,Tarjeta crédito,1,8999,0,8999
ORD-02483,29/03/2026,C-0511,Freidora AirCook,Hogar,KitchenLab,Norte,App,Tarjeta crédito,2,2499,5,4748.1
ORD-02535,29/03/2026,C-0811,Cafetera HomeBrew,Hogar,HomePlus,Sureste,Web,Tarjeta crédito,2,1799,10,3238.2
ORD-02545,29/03/2026,C-0473,Laptop Nova 14,Electrónica,Nova,Sur,Web,Tarjeta crédito,2,18999,0,37998
ORD-02553,29/03/2026,C-0288,Mochila Training,Deportes,Move,Sureste,App,Tarjeta débito,1,899,15,764.15
ORD-02567,29/03/2026,C-0652,Cafetera HomeBrew,Hogar,HomePlus,Occidente,App,Transferencia,1,1799,10,1619.1
ORD-02575,29/03/2026,C-0818,Set Bloques Creativos,Juguetes,PlayBox,Centro,Marketplace,PayPal,1,799,0,799
ORD-02585,29/03/2026,C-0486,Audífonos AirBeat,Electrónica,SoundPro,Occidente,Web,Tarjeta crédito,2,1499,0,2998
ORD-02617,29/03/2026,C-0380,Licuadora MixPlus,Hogar,HomePlus,Norte,Web,Tarjeta débito,1,1199,0,1199
ORD-02632,29/03/2026,C-0297,Audífonos AirBeat,Electrónica,SoundPro,Sureste,Web,Tarjeta crédito,1,1499,0,1499
ORD-02633,29/03/2026,C-0533,Mochila Training,Deportes,Move,Centro,Marketplace,Tarjeta crédito,1,899,5,854.05
ORD-02709,29/03/2026,C-0525,Jeans Classic,Moda,Urban Co.,Centro,App,Tarjeta débito,2,899,0,1798
ORD-02772,29/03/2026,C-0846,Bicicleta Urban 21,Deportes,Move,Centro,Web,Transferencia,1,7499,10,6749.1
ORD-02803,29/03/2026,C-0561,Smartphone X1,Electrónica,Nova,Norte,Marketplace,PayPal,2,8999,0,17998
ORD-02809,29/03/2026,C-0306,Jeans Classic,Moda,Urban Co.,Sureste,Web,Tarjeta crédito,1,899,0,899
ORD-02829,29/03/2026,C-0212,Freidora AirCook,Hogar,KitchenLab,Norte,Web,Tarjeta débito,2,2499,0,4998
ORD-02831,29/03/2026,C-0688,Audífonos AirBeat,Electrónica,SoundPro,Occidente,App,PayPal,1,1499,5,1424.05
ORD-02840,29/03/2026,C-0799,Licuadora MixPlus,Hogar,HomePlus,Norte,App,Transferencia,1,1199,0,1199
ORD-02844,29/03/2026,C-0560,Laptop Nova 14,Electrónica,Nova,Centro,App,Tarjeta crédito,1,18999,10,17099.1
ORD-02872,29/03/2026,C-0235,Audífonos AirBeat,Electrónica,SoundPro,Centro,Web,Tarjeta débito,2,1499,0,2998
ORD-02882,29/03/2026,C-0197,Cafetera HomeBrew,Hogar,HomePlus,Occidente,App,PayPal,1,1799,0,1799
ORD-02903,29/03/2026,C-0452,Sudadera Essential,Moda,BasicLab,Norte,Web,Tarjeta crédito,1,999,0,999
ORD-02922,29/03/2026,C-0790,Freidora AirCook,Hogar,KitchenLab,Sur,Marketplace,Tarjeta débito,1,2499,10,2249.1
ORD-02952,29/03/2026,C-0678,Chamarra Urban,Moda,Urban Co.,Norte,Web,Tarjeta crédito,1,1599,10,1439.1
ORD-02959,29/03/2026,C-0511,Tenis Casual Street,Moda,Urban Co.,Occidente,Web,Tarjeta crédito,1,1399,10,1259.1
ORD-02969,29/03/2026,C-0783,Sudadera Essential,Moda,BasicLab,Occidente,Web,Tarjeta crédito,2,999,5,1898.1
ORD-03000,29/03/2026,C-0243,Audífonos AirBeat,Electrónica,SoundPro,Norte,App,Tarjeta débito,1,1499,0,1499
ORD-00033,30/03/2026,C-0610,Tenis Runner Pro,Deportes,Move,Sur,Web,Transferencia,1,1899,0,1899
ORD-00046,30/03/2026,C-0026,Jeans Classic,Moda,Urban Co.,Sureste,Marketplace,Transferencia,2,899,10,1618.2
ORD-00047,30/03/2026,C-0274,Smart TV 55,Electrónica,Vision,Norte,Marketplace,PayPal,2,11999,10,21598.2
ORD-00134,30/03/2026,C-0118,Audífonos AirBeat,Electrónica,SoundPro,Sur,App,PayPal,1,1499,10,1349.1
ORD-00169,30/03/2026,C-0297,Laptop Nova 14,Electrónica,Nova,Centro,Web,Tarjeta débito,1,18999,0,18999
ORD-00218,30/03/2026,C-0731,Cafetera HomeBrew,Hogar,HomePlus,Sureste,Web,Tarjeta crédito,1,1799,0,1799
ORD-00301,30/03/2026,C-0013,Bicicleta Urban 21,Deportes,Move,Occidente,App,Tarjeta débito,1,7499,0,7499
ORD-00309,30/03/2026,C-0841,Smartphone X1,Electrónica,Nova,Sur,Web,Tarjeta crédito,2,8999,0,17998
ORD-00354,30/03/2026,C-0150,Sudadera Essential,Moda,BasicLab,Centro,Web,Tarjeta débito,1,999,10,899.1
ORD-00377,30/03/2026,C-0855,Smartphone X1,Electrónica,Nova,Centro,Marketplace,Tarjeta débito,1,8999,0,8999
ORD-00385,30/03/2026,C-0759,Licuadora MixPlus,Hogar,HomePlus,Centro,Marketplace,PayPal,2,1199,5,2278.1
ORD-00437,30/03/2026,C-0732,Chamarra Urban,Moda,Urban Co.,Norte,Marketplace,Tarjeta débito,2,1599,0,3198
ORD-00452,30/03/2026,C-0892,Licuadora MixPlus,Hogar,HomePlus,Centro,Web,Tarjeta crédito,1,1199,5,1139.05
ORD-00507,30/03/2026,C-0709,Smartphone X1,Electrónica,Nova,Norte,App,Transferencia,2,8999,10,16198.2
ORD-00523,30/03/2026,C-0631,Tenis Runner Pro,Deportes,Move,Centro,Web,Tarjeta crédito,3,1899,0,5697
ORD-00581,30/03/2026,C-0238,Tenis Casual Street,Moda,Urban Co.,Sur,Web,Tarjeta crédito,1,1399,5,1329.05
ORD-00659,30/03/2026,C-0553,Tenis Casual Street,Moda,Urban Co.,Centro,App,Tarjeta crédito,1,1399,0,1399
ORD-00672,30/03/2026,C-0237,Chamarra Urban,Moda,Urban Co.,Occidente,Marketplace,Tarjeta crédito,1,1599,10,1439.1
ORD-00681,30/03/2026,C-0860,Muñeca Adventure,Juguetes,PlayBox,Centro,Web,Tarjeta débito,1,649,10,584.1
ORD-00722,30/03/2026,C-0101,Smart TV 55,Electrónica,Vision,Norte,Marketplace,Tarjeta crédito,2,11999,0,23998
ORD-00739,30/03/2026,C-0100,Smartphone X1,Electrónica,Nova,Occidente,Marketplace,Tarjeta crédito,1,8999,5,8549.05
ORD-00744,30/03/2026,C-0131,Jeans Classic,Moda,Urban Co.,Norte,Web,Tarjeta crédito,1,899,20,719.2
ORD-00802,30/03/2026,C-0241,Jeans Classic,Moda,Urban Co.,Occidente,Web,Tarjeta crédito,1,899,5,854.05
ORD-00818,30/03/2026,C-0375,Tenis Runner Pro,Deportes,Move,Occidente,Marketplace,Tarjeta crédito,1,1899,0,1899
ORD-00836,30/03/2026,C-0695,Mochila Training,Deportes,Move,Sureste,Web,Tarjeta crédito,1,899,0,899
ORD-00840,30/03/2026,C-0013,Muñeca Adventure,Juguetes,PlayBox,Occidente,Web,Tarjeta débito,1,649,0,649
ORD-00931,30/03/2026,C-0267,Tenis Runner Pro,Deportes,Move,Norte,App,Tarjeta crédito,1,1899,10,1709.1
ORD-00946,30/03/2026,C-0525,Jeans Classic,Moda,Urban Co.,Centro,App,Tarjeta crédito,2,899,5,1708.1
ORD-00967,30/03/2026,C-0905,Tablet Go 10,Electrónica,Nova,Occidente,Marketplace,PayPal,1,6299,10,5669.1
ORD-01019,30/03/2026,C-0863,Laptop Nova 14,Electrónica,Nova,Sureste,Web,Tarjeta crédito,4,18999,5,72196.2
ORD-01041,30/03/2026,C-0942,Auto Control Remoto,Juguetes,FunTech,Centro,Web,PayPal,1,999,0,999
ORD-01088,30/03/2026,C-0830,Bicicleta Urban 21,Deportes,Move,Norte,App,Tarjeta débito,1,7499,0,7499
ORD-01106,30/03/2026,C-0714,Sudadera Essential,Moda,BasicLab,Sur,Web,Transferencia,3,999,5,2847.15
ORD-01107,30/03/2026,C-0326,Licuadora MixPlus,Hogar,HomePlus,Sureste,App,Tarjeta crédito,2,1199,5,2278.1
ORD-01131,30/03/2026,C-0147,Jeans Classic,Moda,Urban Co.,Sur,Web,Tarjeta débito,1,899,10,809.1
ORD-01187,30/03/2026,C-0387,Audífonos AirBeat,Electrónica,SoundPro,Norte,Web,PayPal,1,1499,0,1499
ORD-01221,30/03/2026,C-0115,Tenis Runner Pro,Deportes,Move,Occidente,Web,Tarjeta crédito,1,1899,0,1899
ORD-01225,30/03/2026,C-0780,Chamarra Urban,Moda,Urban Co.,Centro,Marketplace,Tarjeta débito,1,1599,0,1599
ORD-01227,30/03/2026,C-0447,Tenis Casual Street,Moda,Urban Co.,Occidente,Web,Tarjeta crédito,1,1399,5,1329.05
ORD-01268,30/03/2026,C-0095,Tenis Casual Street,Moda,Urban Co.,Occidente,Web,Tarjeta crédito,1,1399,15,1189.15
ORD-01321,30/03/2026,C-0507,Audífonos AirBeat,Electrónica,SoundPro,Occidente,Web,Tarjeta crédito,1,1499,15,1274.15
ORD-01322,30/03/2026,C-0641,Tenis Casual Street,Moda,Urban Co.,Sur,Web,Tarjeta débito,1,1399,0,1399
ORD-01353,30/03/2026,C-0208,Tenis Runner Pro,Deportes,Move,Centro,Marketplace,Tarjeta crédito,1,1899,0,1899
ORD-01398,30/03/2026,C-0163,Freidora AirCook,Hogar,KitchenLab,Sureste,Marketplace,Tarjeta débito,1,2499,10,2249.1
ORD-01407,30/03/2026,C-0570,Tenis Casual Street,Moda,Urban Co.,Centro,Web,Tarjeta débito,1,1399,0,1399
ORD-01436,30/03/2026,C-0744,Set Bloques Creativos,Juguetes,PlayBox,Sur,Web,PayPal,1,799,0,799
ORD-01451,30/03/2026,C-0733,Smartphone X1,Electrónica,Nova,Centro,App,Tarjeta crédito,1,8999,0,8999
ORD-01463,30/03/2026,C-0301,Tenis Casual Street,Moda,Urban Co.,Norte,Web,Tarjeta crédito,1,1399,5,1329.05
ORD-01501,30/03/2026,C-0382,Tenis Runner Pro,Deportes,Move,Occidente,App,Tarjeta crédito,2,1899,20,3038.4
ORD-01576,30/03/2026,C-0739,Smartphone X1,Electrónica,Nova,Occidente,Web,Tarjeta crédito,2,8999,0,17998
ORD-01615,30/03/2026,C-0760,Set Bloques Creativos,Juguetes,PlayBox,Centro,App,PayPal,2,799,10,1438.2
ORD-01652,30/03/2026,C-0212,Sudadera Essential,Moda,BasicLab,Norte,Marketplace,PayPal,2,999,0,1998
ORD-01688,30/03/2026,C-0493,Aspiradora CleanPro,Hogar,CleanPro,Sur,App,Tarjeta crédito,1,3299,10,2969.1
ORD-01753,30/03/2026,C-0904,Tablet Go 10,Electrónica,Nova,Sur,Web,Tarjeta crédito,1,6299,0,6299
ORD-01770,30/03/2026,C-0466,Licuadora MixPlus,Hogar,HomePlus,Sur,App,Tarjeta débito,3,1199,0,3597
ORD-01825,30/03/2026,C-0482,Smartwatch FitGo,Deportes,FitGo,Centro,App,Tarjeta crédito,1,2299,10,2069.1
ORD-01834,30/03/2026,C-0132,Aspiradora CleanPro,Hogar,CleanPro,Centro,Web,Tarjeta débito,1,3299,0,3299
ORD-01838,30/03/2026,C-0773,Tenis Runner Pro,Deportes,Move,Centro,Web,Tarjeta débito,1,1899,15,1614.15
ORD-01849,30/03/2026,C-0691,Audífonos AirBeat,Electrónica,SoundPro,Sureste,Web,Tarjeta débito,2,1499,10,2698.2
ORD-01858,30/03/2026,C-0908,Smartphone X1,Electrónica,Nova,Sureste,Web,Tarjeta crédito,1,8999,10,8099.1
ORD-01875,30/03/2026,C-0555,Tenis Runner Pro,Deportes,Move,Centro,Marketplace,Tarjeta crédito,2,1899,0,3798
ORD-01905,30/03/2026,C-0482,Sudadera Essential,Moda,BasicLab,Norte,Marketplace,Tarjeta débito,2,999,15,1698.3
ORD-01909,30/03/2026,C-0693,Set Bloques Creativos,Juguetes,PlayBox,Centro,Web,Transferencia,1,799,0,799
ORD-01960,30/03/2026,C-0746,Auto Control Remoto,Juguetes,FunTech,Occidente,Web,Tarjeta débito,1,999,10,899.1
ORD-01969,30/03/2026,C-0626,Auto Control Remoto,Juguetes,FunTech,Sureste,App,Tarjeta crédito,1,999,10,899.1
ORD-01982,30/03/2026,C-0354,Smartwatch FitGo,Deportes,FitGo,Occidente,Marketplace,Tarjeta débito,1,2299,0,2299
ORD-02060,30/03/2026,C-0849,Muñeca Adventure,Juguetes,PlayBox,Occidente,Marketplace,Tarjeta débito,1,649,0,649
ORD-02082,30/03/2026,C-0542,Sudadera Essential,Moda,BasicLab,Centro,Web,PayPal,1,999,0,999
ORD-02145,30/03/2026,C-0547,Mochila Training,Deportes,Move,Occidente,App,Tarjeta crédito,1,899,0,899
ORD-02154,30/03/2026,C-0841,Tenis Runner Pro,Deportes,Move,Centro,Web,Tarjeta crédito,1,1899,0,1899
ORD-02173,30/03/2026,C-0529,Smartwatch FitGo,Deportes,FitGo,Norte,App,PayPal,1,2299,10,2069.1
ORD-02234,30/03/2026,C-0096,Sudadera Essential,Moda,BasicLab,Centro,Web,Tarjeta débito,1,999,0,999
ORD-02236,30/03/2026,C-0621,Tenis Casual Street,Moda,Urban Co.,Occidente,App,Tarjeta débito,1,1399,5,1329.05
ORD-02248,30/03/2026,C-0285,Auto Control Remoto,Juguetes,FunTech,Centro,Web,Tarjeta débito,1,999,0,999
ORD-02264,30/03/2026,C-0153,Sudadera Essential,Moda,BasicLab,Sureste,Marketplace,PayPal,1,999,15,849.15
ORD-02271,30/03/2026,C-0067,Sudadera Essential,Moda,BasicLab,Sureste,App,Tarjeta débito,1,999,0,999
ORD-02276,30/03/2026,C-0220,Jeans Classic,Moda,Urban Co.,Centro,Marketplace,PayPal,1,899,15,764.15
ORD-02295,30/03/2026,C-0129,Audífonos AirBeat,Electrónica,SoundPro,Norte,App,PayPal,1,1499,0,1499
ORD-02374,30/03/2026,C-0121,Mochila Training,Deportes,Move,Centro,Web,Tarjeta débito,1,899,0,899
ORD-02394,30/03/2026,C-0924,Jeans Classic,Moda,Urban Co.,Centro,App,PayPal,1,899,10,809.1
ORD-02407,30/03/2026,C-0182,Smartwatch FitGo,Deportes,FitGo,Centro,Marketplace,Transferencia,1,2299,5,2184.05
ORD-02418,30/03/2026,C-0061,Jeans Classic,Moda,Urban Co.,Norte,App,Tarjeta crédito,1,899,0,899
ORD-02434,30/03/2026,C-0564,Audífonos AirBeat,Electrónica,SoundPro,Norte,Web,Tarjeta crédito,1,1499,0,1499
ORD-02436,30/03/2026,C-0703,Smartphone X1,Electrónica,Nova,Sureste,App,Tarjeta débito,2,8999,15,15298.3
ORD-02464,30/03/2026,C-0674,Jeans Classic,Moda,Urban Co.,Norte,App,Tarjeta débito,1,899,15,764.15
ORD-02481,30/03/2026,C-0939,Sudadera Essential,Moda,BasicLab,Centro,Marketplace,Tarjeta crédito,1,999,10,899.1
ORD-02488,30/03/2026,C-0943,Smartphone X1,Electrónica,Nova,Sureste,Web,Tarjeta débito,1,8999,20,7199.2
ORD-02637,30/03/2026,C-0696,Sudadera Essential,Moda,BasicLab,Centro,Web,Tarjeta crédito,1,999,0,999
ORD-02645,30/03/2026,C-0787,Audífonos AirBeat,Electrónica,SoundPro,Norte,App,PayPal,3,1499,0,4497
ORD-02661,30/03/2026,C-0911,Bicicleta Urban 21,Deportes,Move,Occidente,Web,Transferencia,1,7499,5,7124.05
ORD-02662,30/03/2026,C-0293,Smart TV 55,Electrónica,Vision,Occidente,Web,Tarjeta crédito,1,11999,5,11399.05
ORD-02813,30/03/2026,C-0879,Laptop Nova 14,Electrónica,Nova,Centro,Web,PayPal,1,18999,0,18999
ORD-02857,30/03/2026,C-0791,Chamarra Urban,Moda,Urban Co.,Centro,Marketplace,PayPal,1,1599,5,1519.05
ORD-02859,30/03/2026,C-0212,Mochila Training,Deportes,Move,Centro,Web,PayPal,1,899,0,899
ORD-02864,30/03/2026,C-0765,Tablet Go 10,Electrónica,Nova,Centro,Web,Tarjeta crédito,1,6299,5,5984.05
ORD-02887,30/03/2026,C-0422,Sudadera Essential,Moda,BasicLab,Occidente,Web,PayPal,1,999,0,999
ORD-02981,30/03/2026,C-0815,Jeans Classic,Moda,Urban Co.,Sur,Marketplace,Tarjeta crédito,1,899,10,809.1
ORD-00011,31/03/2026,C-0659,Tablet Go 10,Electrónica,Nova,Occidente,App,Tarjeta crédito,2,6299,0,12598
ORD-00054,31/03/2026,C-0308,Freidora AirCook,Hogar,KitchenLab,Occidente,Web,Tarjeta crédito,1,2499,10,2249.1
ORD-00069,31/03/2026,C-0766,Tenis Runner Pro,Deportes,Move,Norte,App,PayPal,1,1899,15,1614.15
ORD-00075,31/03/2026,C-0157,Smartphone X1,Electrónica,Nova,Occidente,App,Transferencia,1,8999,0,8999
ORD-00077,31/03/2026,C-0027,Smartwatch FitGo,Deportes,FitGo,Sur,Web,PayPal,1,2299,15,1954.15
ORD-00082,31/03/2026,C-0846,Jeans Classic,Moda,Urban Co.,Occidente,App,Transferencia,1,899,10,809.1
ORD-00118,31/03/2026,C-0468,Audífonos AirBeat,Electrónica,SoundPro,Occidente,Marketplace,PayPal,1,1499,0,1499
ORD-00127,31/03/2026,C-0495,Cafetera HomeBrew,Hogar,HomePlus,Norte,Web,PayPal,1,1799,0,1799
ORD-00195,31/03/2026,C-0406,Freidora AirCook,Hogar,KitchenLab,Sureste,Marketplace,PayPal,1,2499,15,2124.15
ORD-00261,31/03/2026,C-0344,Muñeca Adventure,Juguetes,PlayBox,Sureste,Web,Tarjeta crédito,1,649,0,649
ORD-00324,31/03/2026,C-0117,Smartwatch FitGo,Deportes,FitGo,Occidente,Web,Tarjeta crédito,1,2299,10,2069.1
ORD-00329,31/03/2026,C-0788,Smartphone X1,Electrónica,Nova,Norte,Marketplace,Tarjeta débito,1,8999,5,8549.05
ORD-00395,31/03/2026,C-0852,Freidora AirCook,Hogar,KitchenLab,Centro,Web,PayPal,1,2499,15,2124.15
ORD-00421,31/03/2026,C-0326,Muñeca Adventure,Juguetes,PlayBox,Occidente,Marketplace,PayPal,1,649,5,616.55
ORD-00422,31/03/2026,C-0080,Set Bloques Creativos,Juguetes,PlayBox,Occidente,App,Tarjeta crédito,1,799,0,799
ORD-00439,31/03/2026,C-0700,Freidora AirCook,Hogar,KitchenLab,Sureste,Marketplace,PayPal,1,2499,0,2499
ORD-00475,31/03/2026,C-0138,Smartphone X1,Electrónica,Nova,Centro,App,Tarjeta débito,2,8999,0,17998
ORD-00489,31/03/2026,C-0908,Licuadora MixPlus,Hogar,HomePlus,Norte,Marketplace,Tarjeta débito,1,1199,0,1199
ORD-00494,31/03/2026,C-0678,Mochila Training,Deportes,Move,Occidente,Web,Tarjeta débito,1,899,10,809.1
ORD-00554,31/03/2026,C-0044,Jeans Classic,Moda,Urban Co.,Norte,Web,Tarjeta débito,1,899,0,899
ORD-00580,31/03/2026,C-0207,Cafetera HomeBrew,Hogar,HomePlus,Occidente,Marketplace,PayPal,1,1799,5,1709.05
ORD-00610,31/03/2026,C-0258,Smartwatch FitGo,Deportes,FitGo,Norte,Web,PayPal,1,2299,0,2299
ORD-00674,31/03/2026,C-0342,Smart TV 55,Electrónica,Vision,Norte,Marketplace,Tarjeta crédito,1,11999,0,11999
ORD-00694,31/03/2026,C-0465,Sudadera Essential,Moda,BasicLab,Sureste,App,Tarjeta crédito,1,999,0,999
ORD-00714,31/03/2026,C-0939,Mochila Training,Deportes,Move,Centro,Web,Tarjeta crédito,1,899,0,899
ORD-00723,31/03/2026,C-0886,Sudadera Essential,Moda,BasicLab,Occidente,Marketplace,Tarjeta crédito,1,999,0,999
ORD-00786,31/03/2026,C-0122,Sudadera Essential,Moda,BasicLab,Sureste,Web,Tarjeta crédito,1,999,10,899.1
ORD-00844,31/03/2026,C-0180,Smartphone X1,Electrónica,Nova,Occidente,Web,Tarjeta crédito,1,8999,5,8549.05
ORD-00929,31/03/2026,C-0391,Muñeca Adventure,Juguetes,PlayBox,Sur,App,PayPal,1,649,0,649
ORD-00961,31/03/2026,C-0850,Chamarra Urban,Moda,Urban Co.,Norte,Web,Tarjeta débito,1,1599,0,1599
ORD-00981,31/03/2026,C-0087,Chamarra Urban,Moda,Urban Co.,Centro,Web,Tarjeta crédito,3,1599,10,4317.3
ORD-01079,31/03/2026,C-0401,Audífonos AirBeat,Electrónica,SoundPro,Sureste,App,PayPal,1,1499,15,1274.15
ORD-01140,31/03/2026,C-0826,Sudadera Essential,Moda,BasicLab,Norte,Web,Tarjeta débito,2,999,20,1598.4
ORD-01153,31/03/2026,C-0092,Sudadera Essential,Moda,BasicLab,Sur,Marketplace,Tarjeta crédito,1,999,0,999
ORD-01167,31/03/2026,C-0486,Audífonos AirBeat,Electrónica,SoundPro,Sureste,App,Tarjeta crédito,1,1499,0,1499
ORD-01176,31/03/2026,C-0458,Jeans Classic,Moda,Urban Co.,Occidente,Web,PayPal,1,899,5,854.05
ORD-01195,31/03/2026,C-0246,Tenis Casual Street,Moda,Urban Co.,Centro,App,PayPal,1,1399,5,1329.05
ORD-01229,31/03/2026,C-0702,Cafetera HomeBrew,Hogar,HomePlus,Occidente,App,Tarjeta débito,1,1799,10,1619.1
ORD-01245,31/03/2026,C-0754,Cafetera HomeBrew,Hogar,HomePlus,Occidente,Web,Transferencia,1,1799,15,1529.15
ORD-01263,31/03/2026,C-0609,Laptop Nova 14,Electrónica,Nova,Norte,Web,Tarjeta crédito,1,18999,5,18049.05
ORD-01269,31/03/2026,C-0764,Tenis Runner Pro,Deportes,Move,Centro,Web,Tarjeta débito,1,1899,0,1899
ORD-01281,31/03/2026,C-0892,Smartwatch FitGo,Deportes,FitGo,Centro,App,Tarjeta débito,1,2299,10,2069.1
ORD-01302,31/03/2026,C-0310,Aspiradora CleanPro,Hogar,CleanPro,Centro,App,Transferencia,1,3299,0,3299
ORD-01313,31/03/2026,C-0403,Aspiradora CleanPro,Hogar,CleanPro,Occidente,Web,Tarjeta débito,1,3299,0,3299
ORD-01343,31/03/2026,C-0846,Tenis Casual Street,Moda,Urban Co.,Sureste,Marketplace,Transferencia,1,1399,0,1399
ORD-01348,31/03/2026,C-0490,Set Bloques Creativos,Juguetes,PlayBox,Sureste,App,Tarjeta débito,1,799,5,759.05
ORD-01420,31/03/2026,C-0359,Mochila Training,Deportes,Move,Centro,App,Tarjeta crédito,1,899,0,899
ORD-01429,31/03/2026,C-0327,Jeans Classic,Moda,Urban Co.,Norte,App,PayPal,2,899,0,1798
ORD-01443,31/03/2026,C-0082,Tenis Runner Pro,Deportes,Move,Norte,App,Tarjeta débito,1,1899,0,1899
ORD-01468,31/03/2026,C-0538,Smartwatch FitGo,Deportes,FitGo,Sur,Web,Tarjeta débito,1,2299,0,2299
ORD-01491,31/03/2026,C-0822,Audífonos AirBeat,Electrónica,SoundPro,Occidente,Web,Tarjeta débito,2,1499,0,2998
ORD-01504,31/03/2026,C-0741,Tablet Go 10,Electrónica,Nova,Norte,Web,Tarjeta crédito,1,6299,5,5984.05
ORD-01600,31/03/2026,C-0482,Freidora AirCook,Hogar,KitchenLab,Centro,App,Tarjeta débito,1,2499,0,2499
ORD-01626,31/03/2026,C-0184,Auto Control Remoto,Juguetes,FunTech,Centro,Web,PayPal,1,999,5,949.05
ORD-01662,31/03/2026,C-0579,Laptop Nova 14,Electrónica,Nova,Centro,App,Tarjeta crédito,1,18999,0,18999
ORD-01717,31/03/2026,C-0582,Cafetera HomeBrew,Hogar,HomePlus,Centro,App,PayPal,1,1799,0,1799
ORD-01725,31/03/2026,C-0503,Licuadora MixPlus,Hogar,HomePlus,Occidente,App,Transferencia,1,1199,10,1079.1
ORD-01809,31/03/2026,C-0925,Bicicleta Urban 21,Deportes,Move,Occidente,Web,Tarjeta crédito,1,7499,0,7499
ORD-01823,31/03/2026,C-0488,Tablet Go 10,Electrónica,Nova,Norte,Web,PayPal,2,6299,0,12598
ORD-01848,31/03/2026,C-0824,Freidora AirCook,Hogar,KitchenLab,Occidente,App,Tarjeta crédito,1,2499,0,2499
ORD-01876,31/03/2026,C-0795,Bicicleta Urban 21,Deportes,Move,Sur,Web,Tarjeta crédito,1,7499,0,7499
ORD-01890,31/03/2026,C-0726,Jeans Classic,Moda,Urban Co.,Occidente,Web,Tarjeta débito,1,899,10,809.1
ORD-01922,31/03/2026,C-0128,Smartwatch FitGo,Deportes,FitGo,Centro,App,Tarjeta débito,2,2299,20,3678.4
ORD-01967,31/03/2026,C-0835,Smartwatch FitGo,Deportes,FitGo,Sureste,Web,Tarjeta crédito,1,2299,15,1954.15
ORD-01995,31/03/2026,C-0017,Freidora AirCook,Hogar,KitchenLab,Centro,Marketplace,Tarjeta débito,3,2499,15,6372.45
ORD-01996,31/03/2026,C-0509,Tenis Runner Pro,Deportes,Move,Sur,App,PayPal,1,1899,10,1709.1
ORD-02029,31/03/2026,C-0749,Smartwatch FitGo,Deportes,FitGo,Occidente,Web,Tarjeta crédito,2,2299,20,3678.4
ORD-02126,31/03/2026,C-0656,Mochila Training,Deportes,Move,Centro,App,Tarjeta crédito,1,899,5,854.05
ORD-02129,31/03/2026,C-0292,Tablet Go 10,Electrónica,Nova,Occidente,App,Tarjeta débito,2,6299,0,12598
ORD-02139,31/03/2026,C-0622,Laptop Nova 14,Electrónica,Nova,Centro,App,Tarjeta débito,1,18999,0,18999
ORD-02182,31/03/2026,C-0890,Smart TV 55,Electrónica,Vision,Norte,Web,Tarjeta débito,1,11999,0,11999
ORD-02191,31/03/2026,C-0291,Smartphone X1,Electrónica,Nova,Occidente,Marketplace,Tarjeta crédito,2,8999,10,16198.2
ORD-02217,31/03/2026,C-0311,Set Bloques Creativos,Juguetes,PlayBox,Centro,Web,Tarjeta crédito,1,799,10,719.1
ORD-02227,31/03/2026,C-0701,Smartwatch FitGo,Deportes,FitGo,Occidente,App,Tarjeta débito,1,2299,10,2069.1
ORD-02279,31/03/2026,C-0526,Muñeca Adventure,Juguetes,PlayBox,Sureste,Web,Tarjeta crédito,1,649,10,584.1
ORD-02296,31/03/2026,C-0514,Laptop Nova 14,Electrónica,Nova,Occidente,App,Tarjeta crédito,1,18999,5,18049.05
ORD-02377,31/03/2026,C-0525,Smartwatch FitGo,Deportes,FitGo,Centro,Web,Tarjeta crédito,1,2299,5,2184.05
ORD-02409,31/03/2026,C-0081,Licuadora MixPlus,Hogar,HomePlus,Centro,Web,Tarjeta crédito,2,1199,10,2158.2
ORD-02453,31/03/2026,C-0270,Smartphone X1,Electrónica,Nova,Centro,App,Tarjeta débito,2,8999,0,17998
ORD-02454,31/03/2026,C-0582,Tablet Go 10,Electrónica,Nova,Sur,Marketplace,Tarjeta crédito,1,6299,0,6299
ORD-02463,31/03/2026,C-0101,Bicicleta Urban 21,Deportes,Move,Centro,App,Transferencia,1,7499,5,7124.05
ORD-02494,31/03/2026,C-0152,Jeans Classic,Moda,Urban Co.,Occidente,Marketplace,PayPal,2,899,5,1708.1
ORD-02501,31/03/2026,C-0446,Mochila Training,Deportes,Move,Centro,Web,PayPal,2,899,5,1708.1
ORD-02506,31/03/2026,C-0346,Smart TV 55,Electrónica,Vision,Norte,Web,Tarjeta crédito,4,11999,15,40796.6
ORD-02521,31/03/2026,C-0653,Chamarra Urban,Moda,Urban Co.,Occidente,App,Tarjeta débito,1,1599,0,1599
ORD-02522,31/03/2026,C-0618,Muñeca Adventure,Juguetes,PlayBox,Occidente,App,Transferencia,1,649,5,616.55
ORD-02646,31/03/2026,C-0664,Smart TV 55,Electrónica,Vision,Sur,Web,Tarjeta crédito,3,11999,0,35997
ORD-02651,31/03/2026,C-0798,Chamarra Urban,Moda,Urban Co.,Centro,Marketplace,Transferencia,1,1599,10,1439.1
ORD-02672,31/03/2026,C-0575,Smartwatch FitGo,Deportes,FitGo,Sureste,App,Tarjeta débito,1,2299,5,2184.05
ORD-02732,31/03/2026,C-0844,Smartphone X1,Electrónica,Nova,Sur,Marketplace,PayPal,1,8999,5,8549.05
ORD-02774,31/03/2026,C-0432,Auto Control Remoto,Juguetes,FunTech,Sur,App,Tarjeta crédito,1,999,0,999
ORD-02776,31/03/2026,C-0829,Freidora AirCook,Hogar,KitchenLab,Centro,App,Tarjeta crédito,1,2499,0,2499
ORD-02818,31/03/2026,C-0885,Freidora AirCook,Hogar,KitchenLab,Centro,App,Tarjeta débito,2,2499,0,4998
ORD-02860,31/03/2026,C-0825,Smart TV 55,Electrónica,Vision,Centro,Web,Tarjeta crédito,2,11999,10,21598.2
ORD-02867,31/03/2026,C-0471,Smartwatch FitGo,Deportes,FitGo,Centro,Web,Transferencia,1,2299,0,2299
ORD-02880,31/03/2026,C-0363,Mochila Training,Deportes,Move,Centro,Web,Tarjeta crédito,1,899,5,854.05
ORD-02937,31/03/2026,C-0806,Mochila Training,Deportes,Move,Sureste,Web,Transferencia,1,899,10,809.1
ORD-02945,31/03/2026,C-0540,Audífonos AirBeat,Electrónica,SoundPro,Norte,Web,PayPal,1,1499,0,1499
ORD-02946,31/03/2026,C-0348,Aspiradora CleanPro,Hogar,CleanPro,Centro,Marketplace,Tarjeta débito,1,3299,5,3134.05
ORD-02977,31/03/2026,C-0938,Freidora AirCook,Hogar,KitchenLab,Sur,App,Tarjeta crédito,1,2499,15,2124.15
ORD-02978,31/03/2026,C-0878,Muñeca Adventure,Juguetes,PlayBox,Sureste,App,Transferencia,1,649,20,519.2
